INSERT INTO "public"."basic_staff"("id", "job_id", "dept_id", "user_id", "code", "name", "pinyin", "gender", "mobilephone", "status", "remark", "employment_date", "email", "job_number", "create_by", "create_at", "update_by", "update_at", "delete_at") VALUES (24, NULL, 5, 45, 'CN011051', '谭波', 'tanbo', NULL, '8832', NULL, NULL, '2019-12-15', 'tan.bo@esl.epson.com.hk', 'CN011051', 1, '2019-12-15 23:01:03.81', NULL, '2019-12-15 23:01:03.81', NULL);
INSERT INTO "public"."basic_staff"("id", "job_id", "dept_id", "user_id", "code", "name", "pinyin", "gender", "mobilephone", "status", "remark", "employment_date", "email", "job_number", "create_by", "create_at", "update_by", "update_at", "delete_at") VALUES (25, NULL, 5, 46, 'CN004859', '施忠', 'shizhong', NULL, '8634', NULL, NULL, '2019-12-15', 'shi.zhong@esl.epson.com.hk', 'CN004859', 1, '2019-12-15 23:01:03.81', NULL, '2019-12-15 23:01:03.81', NULL);
INSERT INTO "public"."basic_staff"("id", "job_id", "dept_id", "user_id", "code", "name", "pinyin", "gender", "mobilephone", "status", "remark", "employment_date", "email", "job_number", "create_by", "create_at", "update_by", "update_at", "delete_at") VALUES (26, NULL, 5, 47, 'CN003108', '刘秀兰', 'liuxiulan', NULL, '8634', NULL, NULL, '2019-12-15', 'liu.xiu.lan@esl.epson.com.hk', 'CN003108', 1, '2019-12-15 23:01:03.81', NULL, '2019-12-15 23:01:03.81', NULL);
INSERT INTO "public"."basic_staff"("id", "job_id", "dept_id", "user_id", "code", "name", "pinyin", "gender", "mobilephone", "status", "remark", "employment_date", "email", "job_number", "create_by", "create_at", "update_by", "update_at", "delete_at") VALUES (27, NULL, 5, 48, 'CN004447', '聂丽梅', 'nielimei', NULL, '8634', NULL, NULL, '2019-12-15', 'nie.li.mei@esl.epson.com.hk', 'CN004447', 1, '2019-12-15 23:01:03.81', NULL, '2019-12-15 23:01:03.81', NULL);
INSERT INTO "public"."sys_user"("id", "dept_id", "username", "password", "salt", "email", "mobile", "status", "create_by", "create_at", "update_by", "update_at", "delete_at") VALUES (45, 5, 'CN011051', '7d0ec1bcc916e97f9e6392efeee74e6862f566613e7457c710d9862b5a3751e2', 'YzcmCZNvbXocrsz9dm8e', 'tanbo@es.com', '', 1, 1, '2019-12-15 23:01:03.781', NULL, NULL, NULL);
INSERT INTO "public"."sys_user"("id", "dept_id", "username", "password", "salt", "email", "mobile", "status", "create_by", "create_at", "update_by", "update_at", "delete_at") VALUES (46, 5, 'CN004859', '7d0ec1bcc916e97f9e6392efeee74e6862f566613e7457c710d9862b5a3751e2', 'YzcmCZNvbXocrsz9dm8e', 'shi.zhong@esl.epson.com.hk', '', 1, 1, '2019-12-15 23:01:03.781', NULL, NULL, NULL);
INSERT INTO "public"."sys_user"("id", "dept_id", "username", "password", "salt", "email", "mobile", "status", "create_by", "create_at", "update_by", "update_at", "delete_at") VALUES (47, 5, 'CN003108', '7d0ec1bcc916e97f9e6392efeee74e6862f566613e7457c710d9862b5a3751e2', 'YzcmCZNvbXocrsz9dm8e', 'liu.xiu.lan@esl.epson.com.hk', '', 1, 1, '2019-12-15 23:01:03.781', NULL, NULL, NULL);
INSERT INTO "public"."sys_user"("id", "dept_id", "username", "password", "salt", "email", "mobile", "status", "create_by", "create_at", "update_by", "update_at", "delete_at") VALUES (48, 5, 'CN004447', '7d0ec1bcc916e97f9e6392efeee74e6862f566613e7457c710d9862b5a3751e2', 'YzcmCZNvbXocrsz9dm8e', 'nie.li.mei@esl.epson.com.hk', '', 1, 1, '2019-12-15 23:01:03.781', NULL, NULL, NULL);
INSERT INTO "public"."sys_user_role"("id", "user_id", "role_id") VALUES (26, 45, 15);
INSERT INTO "public"."sys_user_role"("id", "user_id", "role_id") VALUES (27, 46, 15);
INSERT INTO "public"."sys_user_role"("id", "user_id", "role_id") VALUES (28, 47, 15);
INSERT INTO "public"."sys_user_role"("id", "user_id", "role_id") VALUES (29, 48, 15);

INSERT INTO "public"."basic_staff"("id", "job_id", "dept_id", "user_id", "code", "name", "pinyin", "gender", "mobilephone", "status", "remark", "employment_date", "email", "job_number", "create_by", "create_at", "update_by", "update_at", "delete_at") VALUES (28, NULL, 4, 49, 'E000015822', '庞素英', 'pangsuying', NULL, '8471', NULL, NULL, '2019-12-15', 'Pang.Su.Ying@esl.epson.com.hk', 'E000015822', 1, '2019-12-15 23:01:03.81', NULL, '2019-12-15 23:01:03.81', NULL);
INSERT INTO "public"."basic_staff"("id", "job_id", "dept_id", "user_id", "code", "name", "pinyin", "gender", "mobilephone", "status", "remark", "employment_date", "email", "job_number", "create_by", "create_at", "update_by", "update_at", "delete_at") VALUES (29, NULL, 4, 50, 'E000032041', '黄秀莉', 'huangxiuli', NULL, '8477', NULL, NULL, '2019-12-15', 'Huang.Xiu.Li@esl.epson.com.hk', 'E000032041', 1, '2019-12-15 23:01:03.81', NULL, '2019-12-15 23:01:03.81', NULL);
INSERT INTO "public"."basic_staff"("id", "job_id", "dept_id", "user_id", "code", "name", "pinyin", "gender", "mobilephone", "status", "remark", "employment_date", "email", "job_number", "create_by", "create_at", "update_by", "update_at", "delete_at") VALUES (30, NULL, 4, 51, 'E000009064', '刘玉春', 'liuyuchun', NULL, '8323', NULL, NULL, '2019-12-15', 'Liu.Yu.Chun@esl.epson.com.hk', 'E000009064', 1, '2019-12-15 23:01:03.81', NULL, '2019-12-15 23:01:03.81', NULL);
INSERT INTO "public"."basic_staff"("id", "job_id", "dept_id", "user_id", "code", "name", "pinyin", "gender", "mobilephone", "status", "remark", "employment_date", "email", "job_number", "create_by", "create_at", "update_by", "update_at", "delete_at") VALUES (31, NULL, 4, 52, 'E000015577', '沈繁华', 'shenfanhua', NULL, '8453', NULL, NULL, '2019-12-15', 'Shen.Fan.Hua@esl.epson.com.hk', 'E000015577', 1, '2019-12-15 23:01:03.81', NULL, '2019-12-15 23:01:03.81', NULL);
INSERT INTO "public"."basic_staff"("id", "job_id", "dept_id", "user_id", "code", "name", "pinyin", "gender", "mobilephone", "status", "remark", "employment_date", "email", "job_number", "create_by", "create_at", "update_by", "update_at", "delete_at") VALUES (32, NULL, 4, 53, 'E000029363', '李蝶', 'lidie', NULL, '8212', NULL, NULL, '2019-12-15', 'Li.Die@esl.epson.com.hk', 'E000029363', 1, '2019-12-15 23:01:03.81', NULL, '2019-12-15 23:01:03.81', NULL);
INSERT INTO "public"."basic_staff"("id", "job_id", "dept_id", "user_id", "code", "name", "pinyin", "gender", "mobilephone", "status", "remark", "employment_date", "email", "job_number", "create_by", "create_at", "update_by", "update_at", "delete_at") VALUES (33, NULL, 4, 54, 'E000036270', '罗纳', 'luona', NULL, '8453', NULL, NULL, '2019-12-15', 'Luo.Na@esl.epson.com.hk', 'E000036270', 1, '2019-12-15 23:01:03.81', NULL, '2019-12-15 23:01:03.81', NULL);
INSERT INTO "public"."basic_staff"("id", "job_id", "dept_id", "user_id", "code", "name", "pinyin", "gender", "mobilephone", "status", "remark", "employment_date", "email", "job_number", "create_by", "create_at", "update_by", "update_at", "delete_at") VALUES (34, NULL, 4, 55, 'E000036404', '雷佳丽', 'leijiali', NULL, '8453', NULL, NULL, '2019-12-15', 'Lei.Jia.Li@esl.epson.com.hk', 'E000036404', 1, '2019-12-15 23:01:03.81', NULL, '2019-12-15 23:01:03.81', NULL);
INSERT INTO "public"."basic_staff"("id", "job_id", "dept_id", "user_id", "code", "name", "pinyin", "gender", "mobilephone", "status", "remark", "employment_date", "email", "job_number", "create_by", "create_at", "update_by", "update_at", "delete_at") VALUES (35, NULL, 4, 56, 'E000037271', '孟辞红', 'mengcihong', NULL, '8453', NULL, NULL, '2019-12-15', 'Meng.Ci.Hong@esl.epson.com.hk', 'E000037271', 1, '2019-12-15 23:01:03.81', NULL, '2019-12-15 23:01:03.81', NULL);
INSERT INTO "public"."basic_staff"("id", "job_id", "dept_id", "user_id", "code", "name", "pinyin", "gender", "mobilephone", "status", "remark", "employment_date", "email", "job_number", "create_by", "create_at", "update_by", "update_at", "delete_at") VALUES (36, NULL, 4, 57, 'E000047078', '陆善丹', 'luxiangdan', NULL, '8212', NULL, NULL, '2019-12-15', 'Lu.Shan.Dan@esl.epson.com.hk', 'E000047078', 1, '2019-12-15 23:01:03.81', NULL, '2019-12-15 23:01:03.81', NULL);
INSERT INTO "public"."basic_staff"("id", "job_id", "dept_id", "user_id", "code", "name", "pinyin", "gender", "mobilephone", "status", "remark", "employment_date", "email", "job_number", "create_by", "create_at", "update_by", "update_at", "delete_at") VALUES (37, NULL, 4, 58, 'E000058287', '向美奥', 'xiangmeiao', NULL, '8212', NULL, NULL, '2019-12-15', 'Xiang.Mei.Ao@esl.epson.com.hk', 'E000058287', 1, '2019-12-15 23:01:03.81', NULL, '2019-12-15 23:01:03.81', NULL);
INSERT INTO "public"."basic_staff"("id", "job_id", "dept_id", "user_id", "code", "name", "pinyin", "gender", "mobilephone", "status", "remark", "employment_date", "email", "job_number", "create_by", "create_at", "update_by", "update_at", "delete_at") VALUES (38, NULL, 4, 59, 'E000058841', '潘丽丽', 'panlili', NULL, '8450', NULL, NULL, '2019-12-15', 'Pan.Li.Li@esl.epson.com.hk', 'E000058841', 1, '2019-12-15 23:01:03.81', NULL, '2019-12-15 23:01:03.81', NULL);
INSERT INTO "public"."basic_staff"("id", "job_id", "dept_id", "user_id", "code", "name", "pinyin", "gender", "mobilephone", "status", "remark", "employment_date", "email", "job_number", "create_by", "create_at", "update_by", "update_at", "delete_at") VALUES (39, NULL, 4, 60, 'E000020497', '张小凤', 'zhangxiaofeng', NULL, '8429', NULL, NULL, '2019-12-15', 'Zhang.Xiao.Feng@esl.epson.com.hk', 'E000020497', 1, '2019-12-15 23:01:03.81', NULL, '2019-12-15 23:01:03.81', NULL);
INSERT INTO "public"."basic_staff"("id", "job_id", "dept_id", "user_id", "code", "name", "pinyin", "gender", "mobilephone", "status", "remark", "employment_date", "email", "job_number", "create_by", "create_at", "update_by", "update_at", "delete_at") VALUES (40, NULL, 4, 61, 'E000060049', '刘竟', 'liujing', NULL, '8429', NULL, NULL, '2019-12-15', 'Liu.Jing@esl.epson.com.hk', 'E000060049', 1, '2019-12-15 23:01:03.81', NULL, '2019-12-15 23:01:03.81', NULL);
INSERT INTO "public"."sys_user"("id", "dept_id", "username", "password", "salt", "email", "mobile", "status", "create_by", "create_at", "update_by", "update_at", "delete_at") VALUES (49, 4, 'E000015822', '7d0ec1bcc916e97f9e6392efeee74e6862f566613e7457c710d9862b5a3751e2', 'YzcmCZNvbXocrsz9dm8e', 'Pang.Su.Ying@esl.epson.com.hk', '', 1, 1, '2019-12-15 23:01:03.781', NULL, NULL, NULL);
INSERT INTO "public"."sys_user"("id", "dept_id", "username", "password", "salt", "email", "mobile", "status", "create_by", "create_at", "update_by", "update_at", "delete_at") VALUES (50, 4, 'E000032041', '7d0ec1bcc916e97f9e6392efeee74e6862f566613e7457c710d9862b5a3751e2', 'YzcmCZNvbXocrsz9dm8e', 'Huang.Xiu.Li@esl.epson.com.hk', '', 1, 1, '2019-12-15 23:01:03.781', NULL, NULL, NULL);
INSERT INTO "public"."sys_user"("id", "dept_id", "username", "password", "salt", "email", "mobile", "status", "create_by", "create_at", "update_by", "update_at", "delete_at") VALUES (51, 4, 'E000009064', '7d0ec1bcc916e97f9e6392efeee74e6862f566613e7457c710d9862b5a3751e2', 'YzcmCZNvbXocrsz9dm8e', 'Liu.Yu.Chun@esl.epson.com.hk', '', 1, 1, '2019-12-15 23:01:03.781', NULL, NULL, NULL);
INSERT INTO "public"."sys_user"("id", "dept_id", "username", "password", "salt", "email", "mobile", "status", "create_by", "create_at", "update_by", "update_at", "delete_at") VALUES (52, 4, 'E000015577', '7d0ec1bcc916e97f9e6392efeee74e6862f566613e7457c710d9862b5a3751e2', 'YzcmCZNvbXocrsz9dm8e', 'Shen.Fan.Hua@esl.epson.com.hk', '', 1, 1, '2019-12-15 23:01:03.781', NULL, NULL, NULL);
INSERT INTO "public"."sys_user"("id", "dept_id", "username", "password", "salt", "email", "mobile", "status", "create_by", "create_at", "update_by", "update_at", "delete_at") VALUES (53, 4, 'E000029363', '7d0ec1bcc916e97f9e6392efeee74e6862f566613e7457c710d9862b5a3751e2', 'YzcmCZNvbXocrsz9dm8e', 'Li.Die@esl.epson.com.hk', '', 1, 1, '2019-12-15 23:01:03.781', NULL, NULL, NULL);
INSERT INTO "public"."sys_user"("id", "dept_id", "username", "password", "salt", "email", "mobile", "status", "create_by", "create_at", "update_by", "update_at", "delete_at") VALUES (54, 4, 'E000036270', '7d0ec1bcc916e97f9e6392efeee74e6862f566613e7457c710d9862b5a3751e2', 'YzcmCZNvbXocrsz9dm8e', 'Luo.Na@esl.epson.com.hk', '', 1, 1, '2019-12-15 23:01:03.781', NULL, NULL, NULL);
INSERT INTO "public"."sys_user"("id", "dept_id", "username", "password", "salt", "email", "mobile", "status", "create_by", "create_at", "update_by", "update_at", "delete_at") VALUES (55, 4, 'E000036404', '7d0ec1bcc916e97f9e6392efeee74e6862f566613e7457c710d9862b5a3751e2', 'YzcmCZNvbXocrsz9dm8e', 'Lei.Jia.Li@esl.epson.com.hk', '', 1, 1, '2019-12-15 23:01:03.781', NULL, NULL, NULL);
INSERT INTO "public"."sys_user"("id", "dept_id", "username", "password", "salt", "email", "mobile", "status", "create_by", "create_at", "update_by", "update_at", "delete_at") VALUES (56, 4, 'E000037271', '7d0ec1bcc916e97f9e6392efeee74e6862f566613e7457c710d9862b5a3751e2', 'YzcmCZNvbXocrsz9dm8e', 'Meng.Ci.Hong@esl.epson.com.hk', '', 1, 1, '2019-12-15 23:01:03.781', NULL, NULL, NULL);
INSERT INTO "public"."sys_user"("id", "dept_id", "username", "password", "salt", "email", "mobile", "status", "create_by", "create_at", "update_by", "update_at", "delete_at") VALUES (57, 4, 'E000047078', '7d0ec1bcc916e97f9e6392efeee74e6862f566613e7457c710d9862b5a3751e2', 'YzcmCZNvbXocrsz9dm8e', 'Lu.Shan.Dan@esl.epson.com.hk', '', 1, 1, '2019-12-15 23:01:03.781', NULL, NULL, NULL);
INSERT INTO "public"."sys_user"("id", "dept_id", "username", "password", "salt", "email", "mobile", "status", "create_by", "create_at", "update_by", "update_at", "delete_at") VALUES (58, 4, 'E000058287', '7d0ec1bcc916e97f9e6392efeee74e6862f566613e7457c710d9862b5a3751e2', 'YzcmCZNvbXocrsz9dm8e', 'Xiang.Mei.Ao@esl.epson.com.hk', '', 1, 1, '2019-12-15 23:01:03.781', NULL, NULL, NULL);
INSERT INTO "public"."sys_user"("id", "dept_id", "username", "password", "salt", "email", "mobile", "status", "create_by", "create_at", "update_by", "update_at", "delete_at") VALUES (59, 4, 'E000058841', '7d0ec1bcc916e97f9e6392efeee74e6862f566613e7457c710d9862b5a3751e2', 'YzcmCZNvbXocrsz9dm8e', 'Pan.Li.Li@esl.epson.com.hk', '', 1, 1, '2019-12-15 23:01:03.781', NULL, NULL, NULL);
INSERT INTO "public"."sys_user"("id", "dept_id", "username", "password", "salt", "email", "mobile", "status", "create_by", "create_at", "update_by", "update_at", "delete_at") VALUES (60, 4, 'E000020497', '7d0ec1bcc916e97f9e6392efeee74e6862f566613e7457c710d9862b5a3751e2', 'YzcmCZNvbXocrsz9dm8e', 'Zhang.Xiao.Feng@esl.epson.com.hk', '', 1, 1, '2019-12-15 23:01:03.781', NULL, NULL, NULL);
INSERT INTO "public"."sys_user"("id", "dept_id", "username", "password", "salt", "email", "mobile", "status", "create_by", "create_at", "update_by", "update_at", "delete_at") VALUES (61, 4, 'E000060049', '7d0ec1bcc916e97f9e6392efeee74e6862f566613e7457c710d9862b5a3751e2', 'YzcmCZNvbXocrsz9dm8e', 'Liu.Jing@esl.epson.com.hk', '', 1, 1, '2019-12-15 23:01:03.781', NULL, NULL, NULL);

INSERT INTO "public"."sys_user_role"("id", "user_id", "role_id") VALUES (30, 49, 15);
INSERT INTO "public"."sys_user_role"("id", "user_id", "role_id") VALUES (31, 50, 15);
INSERT INTO "public"."sys_user_role"("id", "user_id", "role_id") VALUES (32, 51, 15);
INSERT INTO "public"."sys_user_role"("id", "user_id", "role_id") VALUES (33, 52, 15);
INSERT INTO "public"."sys_user_role"("id", "user_id", "role_id") VALUES (34, 53, 15);
INSERT INTO "public"."sys_user_role"("id", "user_id", "role_id") VALUES (35, 54, 15);
INSERT INTO "public"."sys_user_role"("id", "user_id", "role_id") VALUES (36, 55, 15);
INSERT INTO "public"."sys_user_role"("id", "user_id", "role_id") VALUES (37, 56, 15);
INSERT INTO "public"."sys_user_role"("id", "user_id", "role_id") VALUES (38, 57, 15);
INSERT INTO "public"."sys_user_role"("id", "user_id", "role_id") VALUES (39, 58, 15);
INSERT INTO "public"."sys_user_role"("id", "user_id", "role_id") VALUES (40, 59, 15);
INSERT INTO "public"."sys_user_role"("id", "user_id", "role_id") VALUES (41, 60, 15);
INSERT INTO "public"."sys_user_role"("id", "user_id", "role_id") VALUES (42, 61, 15);

INSERT INTO "public"."basic_staff"("id", "job_id", "dept_id", "user_id", "code", "name", "pinyin", "gender", "mobilephone", "status", "remark", "employment_date", "email", "job_number", "create_by", "create_at", "update_by", "update_at", "delete_at") VALUES (41, NULL, 6, 62, 'E000037184', '叶贵平', 'yeguiping', NULL, '8190', NULL, NULL, '2019-12-15', 'Ye.Gui.Ping@esl.epson.com.hk', 'E000037184', 1, '2019-12-15 23:01:03.81', NULL, '2019-12-15 23:01:03.81', NULL);
INSERT INTO "public"."basic_staff"("id", "job_id", "dept_id", "user_id", "code", "name", "pinyin", "gender", "mobilephone", "status", "remark", "employment_date", "email", "job_number", "create_by", "create_at", "update_by", "update_at", "delete_at") VALUES (42, NULL, 6, 63, 'E000069875', '俸良华', 'fenglianghua', NULL, '8190', NULL, NULL, '2019-12-15', 'Feng.Liang.Hua@esl.epson.com.hk', 'E000069875', 1, '2019-12-15 23:01:03.81', NULL, '2019-12-15 23:01:03.81', NULL);
INSERT INTO "public"."basic_staff"("id", "job_id", "dept_id", "user_id", "code", "name", "pinyin", "gender", "mobilephone", "status", "remark", "employment_date", "email", "job_number", "create_by", "create_at", "update_by", "update_at", "delete_at") VALUES (43, NULL, 6, 64, 'E00007261', '郑华军', 'zhenghuajun', NULL, '8279', NULL, NULL, '2019-12-15', 'Zheng.Hua.Jun@esl.epson.com.hk', 'E00007261', 1, '2019-12-15 23:01:03.81', NULL, '2019-12-15 23:01:03.81', NULL);
INSERT INTO "public"."basic_staff"("id", "job_id", "dept_id", "user_id", "code", "name", "pinyin", "gender", "mobilephone", "status", "remark", "employment_date", "email", "job_number", "create_by", "create_at", "update_by", "update_at", "delete_at") VALUES (44, NULL, 6, 65, 'E000016395', '张代新', 'zhangdaixin', NULL, '8190', NULL, NULL, '2019-12-15', 'Zhang.Dai.Xin@esl.epson.com.hk', 'E000016395', 1, '2019-12-15 23:01:03.81', NULL, '2019-12-15 23:01:03.81', NULL);
INSERT INTO "public"."basic_staff"("id", "job_id", "dept_id", "user_id", "code", "name", "pinyin", "gender", "mobilephone", "status", "remark", "employment_date", "email", "job_number", "create_by", "create_at", "update_by", "update_at", "delete_at") VALUES (45, NULL, 6, 66, 'E000017558', '黄春龙', 'huangchunlong', NULL, '8542', NULL, NULL, '2019-12-15', 'Huang.Chun.Long@esl.epson.com.hk', 'E000017558', 1, '2019-12-15 23:01:03.81', NULL, '2019-12-15 23:01:03.81', NULL);
INSERT INTO "public"."sys_user"("id", "dept_id", "username", "password", "salt", "email", "mobile", "status", "create_by", "create_at", "update_by", "update_at", "delete_at") VALUES (62, 6, 'E000037184', '7d0ec1bcc916e97f9e6392efeee74e6862f566613e7457c710d9862b5a3751e2', 'YzcmCZNvbXocrsz9dm8e', 'Ye.Gui.Ping@esl.epson.com.hk', '', 1, 1, '2019-12-15 23:01:03.781', NULL, NULL, NULL);
INSERT INTO "public"."sys_user"("id", "dept_id", "username", "password", "salt", "email", "mobile", "status", "create_by", "create_at", "update_by", "update_at", "delete_at") VALUES (63, 6, 'E000069875', '7d0ec1bcc916e97f9e6392efeee74e6862f566613e7457c710d9862b5a3751e2', 'YzcmCZNvbXocrsz9dm8e', 'Feng.Liang.Hua@esl.epson.com.hk', '', 1, 1, '2019-12-15 23:01:03.781', NULL, NULL, NULL);
INSERT INTO "public"."sys_user"("id", "dept_id", "username", "password", "salt", "email", "mobile", "status", "create_by", "create_at", "update_by", "update_at", "delete_at") VALUES (64, 6, 'E00007261', '7d0ec1bcc916e97f9e6392efeee74e6862f566613e7457c710d9862b5a3751e2', 'YzcmCZNvbXocrsz9dm8e', 'Zheng.Hua.Jun@esl.epson.com.hk', '', 1, 1, '2019-12-15 23:01:03.781', NULL, NULL, NULL);
INSERT INTO "public"."sys_user"("id", "dept_id", "username", "password", "salt", "email", "mobile", "status", "create_by", "create_at", "update_by", "update_at", "delete_at") VALUES (65, 6, 'E000016395', '7d0ec1bcc916e97f9e6392efeee74e6862f566613e7457c710d9862b5a3751e2', 'YzcmCZNvbXocrsz9dm8e', 'Zhang.Dai.Xin@esl.epson.com.hk', '', 1, 1, '2019-12-15 23:01:03.781', NULL, NULL, NULL);
INSERT INTO "public"."sys_user"("id", "dept_id", "username", "password", "salt", "email", "mobile", "status", "create_by", "create_at", "update_by", "update_at", "delete_at") VALUES (66, 6, 'E000017558', '7d0ec1bcc916e97f9e6392efeee74e6862f566613e7457c710d9862b5a3751e2', 'YzcmCZNvbXocrsz9dm8e', 'Huang.Chun.Long@esl.epson.com.hk', '', 1, 1, '2019-12-15 23:01:03.781', NULL, NULL, NULL);
INSERT INTO "public"."sys_user_role"("id", "user_id", "role_id") VALUES (43, 62, 15);
INSERT INTO "public"."sys_user_role"("id", "user_id", "role_id") VALUES (44, 63, 15);
INSERT INTO "public"."sys_user_role"("id", "user_id", "role_id") VALUES (45, 64, 15);
INSERT INTO "public"."sys_user_role"("id", "user_id", "role_id") VALUES (46, 65, 15);
INSERT INTO "public"."sys_user_role"("id", "user_id", "role_id") VALUES (47, 66, 15);

INSERT INTO "public"."model"("id", "model_series_id", "name", "pinyin", "dept_id", "code", "ws_time", "es_time", "amp_time", "mp_time", "remark", "create_by", "create_at", "update_by", "update_at", "delete_at") VALUES (457, NULL, 'Bossa-AD', NULL, 4, 'CE44', NULL, NULL, NULL, NULL, '大P', 1, '2019-12-15 23:42:00.887046', NULL, NULL, NULL);
INSERT INTO "public"."model"("id", "model_series_id", "name", "pinyin", "dept_id", "code", "ws_time", "es_time", "amp_time", "mp_time", "remark", "create_by", "create_at", "update_by", "update_at", "delete_at") VALUES (458, NULL, 'Samba-AD', NULL, 4, 'CE45', NULL, NULL, NULL, NULL, '大P', 1, '2019-12-15 23:46:32.643453', NULL, NULL, NULL);
INSERT INTO "public"."model"("id", "model_series_id", "name", "pinyin", "dept_id", "code", "ws_time", "es_time", "amp_time", "mp_time", "remark", "create_by", "create_at", "update_by", "update_at", "delete_at") VALUES (460, NULL, 'Bossanova-EM', NULL, 4, 'CD00', NULL, NULL, NULL, NULL, '大P', 1, '2019-12-15 23:46:32.643453', NULL, NULL, NULL);
INSERT INTO "public"."model"("id", "model_series_id", "name", "pinyin", "dept_id", "code", "ws_time", "es_time", "amp_time", "mp_time", "remark", "create_by", "create_at", "update_by", "update_at", "delete_at") VALUES (459, NULL, 'Hilo-AD', NULL, 4, 'CE46', NULL, NULL, NULL, NULL, '大P', 1, '2019-12-15 23:46:32.643453', NULL, NULL, NULL);
INSERT INTO "public"."model"("id", "model_series_id", "name", "pinyin", "dept_id", "code", "ws_time", "es_time", "amp_time", "mp_time", "remark", "create_by", "create_at", "update_by", "update_at", "delete_at") VALUES (461, NULL, 'Hilo-ST', NULL, 4, 'CE30', NULL, NULL, NULL, NULL, '大P', 1, '2019-12-15 23:46:32.643453', NULL, NULL, NULL);
INSERT INTO "public"."model"("id", "model_series_id", "name", "pinyin", "dept_id", "code", "ws_time", "es_time", "amp_time", "mp_time", "remark", "create_by", "create_at", "update_by", "update_at", "delete_at") VALUES (462, NULL, 'Cossack ', NULL, 4, 'CF06', NULL, NULL, NULL, NULL, '大P', 1, '2019-12-15 23:46:32.643453', NULL, NULL, NULL);
INSERT INTO "public"."model"("id", "model_series_id", "name", "pinyin", "dept_id", "code", "ws_time", "es_time", "amp_time", "mp_time", "remark", "create_by", "create_at", "update_by", "update_at", "delete_at") VALUES (463, NULL, 'Guanyu', NULL, 4, 'CF79', NULL, NULL, NULL, NULL, '大P', 1, '2019-12-15 23:46:32.643453', NULL, NULL, NULL);
INSERT INTO "public"."model"("id", "model_series_id", "name", "pinyin", "dept_id", "code", "ws_time", "es_time", "amp_time", "mp_time", "remark", "create_by", "create_at", "update_by", "update_at", "delete_at") VALUES (464, NULL, 'Markley', NULL, 4, 'CG44', NULL, NULL, NULL, NULL, '大P', 1, '2019-12-15 23:46:32.643453', NULL, NULL, NULL);
INSERT INTO "public"."model"("id", "model_series_id", "name", "pinyin", "dept_id", "code", "ws_time", "es_time", "amp_time", "mp_time", "remark", "create_by", "create_at", "update_by", "update_at", "delete_at") VALUES (465, NULL, 'Markley-R-64-6', NULL, 4, 'CH99', NULL, NULL, NULL, NULL, '大P', 1, '2019-12-15 23:46:32.643453', NULL, NULL, NULL);
INSERT INTO "public"."model"("id", "model_series_id", "name", "pinyin", "dept_id", "code", "ws_time", "es_time", "amp_time", "mp_time", "remark", "create_by", "create_at", "update_by", "update_at", "delete_at") VALUES (466, NULL, 'Markley-R-64-4', NULL, 4, 'CJ00', NULL, NULL, NULL, NULL, '大P', 1, '2019-12-15 23:46:32.643453', NULL, NULL, NULL);
INSERT INTO "public"."model"("id", "model_series_id", "name", "pinyin", "dept_id", "code", "ws_time", "es_time", "amp_time", "mp_time", "remark", "create_by", "create_at", "update_by", "update_at", "delete_at") VALUES (467, NULL, 'Samba2-L', NULL, NULL, 'CH23', NULL, NULL, NULL, NULL, '大P', 1, '2019-12-15 23:47:39.406806', NULL, NULL, NULL);
INSERT INTO "public"."model"("id", "model_series_id", "name", "pinyin", "dept_id", "code", "ws_time", "es_time", "amp_time", "mp_time", "remark", "create_by", "create_at", "update_by", "update_at", "delete_at") VALUES (468, NULL, 'Hilo2-L', NULL, NULL, 'CH24', NULL, NULL, NULL, NULL, '大P', 1, '2019-12-15 23:47:39.406806', NULL, NULL, NULL);
INSERT INTO "public"."model"("id", "model_series_id", "name", "pinyin", "dept_id", "code", "ws_time", "es_time", "amp_time", "mp_time", "remark", "create_by", "create_at", "update_by", "update_at", "delete_at") VALUES (469, NULL, 'Aquavit', NULL, NULL, 'CA68', NULL, NULL, NULL, NULL, '大P', 1, '2019-12-15 23:47:39.406806', NULL, NULL, NULL);
INSERT INTO "public"."model"("id", "model_series_id", "name", "pinyin", "dept_id", "code", "ws_time", "es_time", "amp_time", "mp_time", "remark", "create_by", "create_at", "update_by", "update_at", "delete_at") VALUES (470, NULL, 'Lafin 24', NULL, NULL, 'CE39', NULL, NULL, NULL, NULL, '大P', 1, '2019-12-15 23:47:39.406806', NULL, NULL, NULL);
INSERT INTO "public"."model"("id", "model_series_id", "name", "pinyin", "dept_id", "code", "ws_time", "es_time", "amp_time", "mp_time", "remark", "create_by", "create_at", "update_by", "update_at", "delete_at") VALUES (471, NULL, 'Lafin 44', NULL, NULL, 'CE40', NULL, NULL, NULL, NULL, '大P', 1, '2019-12-15 23:47:39.406806', NULL, NULL, NULL);
INSERT INTO "public"."model"("id", "model_series_id", "name", "pinyin", "dept_id", "code", "ws_time", "es_time", "amp_time", "mp_time", "remark", "create_by", "create_at", "update_by", "update_at", "delete_at") VALUES (472, NULL, 'Landell 24', NULL, NULL, 'CE41', NULL, NULL, NULL, NULL, '大P', 1, '2019-12-15 23:47:39.406806', NULL, NULL, NULL);
INSERT INTO "public"."model"("id", "model_series_id", "name", "pinyin", "dept_id", "code", "ws_time", "es_time", "amp_time", "mp_time", "remark", "create_by", "create_at", "update_by", "update_at", "delete_at") VALUES (473, NULL, 'Landell 44', NULL, NULL, 'CE42', NULL, NULL, NULL, NULL, '大P', 1, '2019-12-15 23:47:39.406806', NULL, NULL, NULL);
INSERT INTO "public"."model"("id", "model_series_id", "name", "pinyin", "dept_id", "code", "ws_time", "es_time", "amp_time", "mp_time", "remark", "create_by", "create_at", "update_by", "update_at", "delete_at") VALUES (474, NULL, 'Lafin2 24', NULL, NULL, 'CH12', NULL, NULL, NULL, NULL, '大P', 1, '2019-12-15 23:47:39.406806', NULL, NULL, NULL);
INSERT INTO "public"."model"("id", "model_series_id", "name", "pinyin", "dept_id", "code", "ws_time", "es_time", "amp_time", "mp_time", "remark", "create_by", "create_at", "update_by", "update_at", "delete_at") VALUES (475, NULL, 'Lafin2 44', NULL, NULL, 'CH13', NULL, NULL, NULL, NULL, '大P', 1, '2019-12-15 23:47:39.406806', NULL, NULL, NULL);
INSERT INTO "public"."model"("id", "model_series_id", "name", "pinyin", "dept_id", "code", "ws_time", "es_time", "amp_time", "mp_time", "remark", "create_by", "create_at", "update_by", "update_at", "delete_at") VALUES (476, NULL, 'Gaga-FP', NULL, NULL, 'CE47', NULL, NULL, NULL, NULL, '大P', 1, '2019-12-15 23:47:39.406806', NULL, NULL, NULL);
INSERT INTO "public"."model"("id", "model_series_id", "name", "pinyin", "dept_id", "code", "ws_time", "es_time", "amp_time", "mp_time", "remark", "create_by", "create_at", "update_by", "update_at", "delete_at") VALUES (477, NULL, 'Gaga-FQ', NULL, NULL, 'CH01', NULL, NULL, NULL, NULL, '大P', 1, '2019-12-15 23:47:39.406806', NULL, NULL, NULL);
INSERT INTO "public"."model"("id", "model_series_id", "name", "pinyin", "dept_id", "code", "ws_time", "es_time", "amp_time", "mp_time", "remark", "create_by", "create_at", "update_by", "update_at", "delete_at") VALUES (478, NULL, 'Gaga-Gram', NULL, NULL, 'CJ03', NULL, NULL, NULL, NULL, '大P', 1, '2019-12-15 23:47:39.406806', NULL, NULL, NULL);
INSERT INTO "public"."model"("id", "model_series_id", "name", "pinyin", "dept_id", "code", "ws_time", "es_time", "amp_time", "mp_time", "remark", "create_by", "create_at", "update_by", "update_at", "delete_at") VALUES (479, NULL, 'ANTA+ 4色', NULL, NULL, 'CA00', NULL, NULL, NULL, NULL, '大P', 1, '2019-12-15 23:47:39.406806', NULL, NULL, NULL);
INSERT INTO "public"."model"("id", "model_series_id", "name", "pinyin", "dept_id", "code", "ws_time", "es_time", "amp_time", "mp_time", "remark", "create_by", "create_at", "update_by", "update_at", "delete_at") VALUES (480, NULL, 'ANTA+ 8色', NULL, NULL, 'CA00', NULL, NULL, NULL, NULL, '大P', 1, '2019-12-15 23:47:39.406806', NULL, NULL, NULL);
INSERT INTO "public"."model"("id", "model_series_id", "name", "pinyin", "dept_id", "code", "ws_time", "es_time", "amp_time", "mp_time", "remark", "create_by", "create_at", "update_by", "update_at", "delete_at") VALUES (481, NULL, 'Clipper', NULL, NULL, 'CD27', NULL, NULL, NULL, NULL, '大P', 1, '2019-12-15 23:47:39.406806', NULL, NULL, NULL);
INSERT INTO "public"."model"("id", "model_series_id", "name", "pinyin", "dept_id", "code", "ws_time", "es_time", "amp_time", "mp_time", "remark", "create_by", "create_at", "update_by", "update_at", "delete_at") VALUES (482, NULL, 'Clipper-B', NULL, NULL, 'CD62', NULL, NULL, NULL, NULL, '大P', 1, '2019-12-15 23:47:39.406806', NULL, NULL, NULL);
INSERT INTO "public"."model"("id", "model_series_id", "name", "pinyin", "dept_id", "code", "ws_time", "es_time", "amp_time", "mp_time", "remark", "create_by", "create_at", "update_by", "update_at", "delete_at") VALUES (483, NULL, 'Clipper 2', NULL, NULL, 'CH75', NULL, NULL, NULL, NULL, '大P', 1, '2019-12-15 23:47:39.406806', NULL, NULL, NULL);
INSERT INTO "public"."model"("id", "model_series_id", "name", "pinyin", "dept_id", "code", "ws_time", "es_time", "amp_time", "mp_time", "remark", "create_by", "create_at", "update_by", "update_at", "delete_at") VALUES (484, NULL, 'Orleans', NULL, NULL, 'CE22', NULL, NULL, NULL, NULL, '大P', 1, '2019-12-15 23:47:39.406806', NULL, NULL, NULL);
INSERT INTO "public"."model"("id", "model_series_id", "name", "pinyin", "dept_id", "code", "ws_time", "es_time", "amp_time", "mp_time", "remark", "create_by", "create_at", "update_by", "update_at", "delete_at") VALUES (485, NULL, 'Molly 2', NULL, NULL, 'CF66', NULL, NULL, NULL, NULL, '大P', 1, '2019-12-15 23:47:39.406806', NULL, NULL, NULL);
INSERT INTO "public"."model"("id", "model_series_id", "name", "pinyin", "dept_id", "code", "ws_time", "es_time", "amp_time", "mp_time", "remark", "create_by", "create_at", "update_by", "update_at", "delete_at") VALUES (486, NULL, 'Calypso', NULL, NULL, 'CC62', NULL, NULL, NULL, NULL, '大P', 1, '2019-12-15 23:49:21.289791', NULL, NULL, NULL);
INSERT INTO "public"."model"("id", "model_series_id", "name", "pinyin", "dept_id", "code", "ws_time", "es_time", "amp_time", "mp_time", "remark", "create_by", "create_at", "update_by", "update_at", "delete_at") VALUES (487, NULL, 'Largo', NULL, NULL, 'CF82', NULL, NULL, NULL, NULL, '大P', 1, '2019-12-15 23:49:21.289791', NULL, NULL, NULL);
INSERT INTO "public"."model"("id", "model_series_id", "name", "pinyin", "dept_id", "code", "ws_time", "es_time", "amp_time", "mp_time", "remark", "create_by", "create_at", "update_by", "update_at", "delete_at") VALUES (488, NULL, 'Kayak', NULL, NULL, 'CB09', NULL, NULL, NULL, NULL, '大P', 1, '2019-12-15 23:49:21.289791', NULL, NULL, NULL);
INSERT INTO "public"."model"("id", "model_series_id", "name", "pinyin", "dept_id", "code", "ws_time", "es_time", "amp_time", "mp_time", "remark", "create_by", "create_at", "update_by", "update_at", "delete_at") VALUES (489, NULL, 'Kayak-P', NULL, NULL, 'CB81', NULL, NULL, NULL, NULL, '大P', 1, '2019-12-15 23:49:21.289791', NULL, NULL, NULL);
INSERT INTO "public"."model"("id", "model_series_id", "name", "pinyin", "dept_id", "code", "ws_time", "es_time", "amp_time", "mp_time", "remark", "create_by", "create_at", "update_by", "update_at", "delete_at") VALUES (490, NULL, 'Kayak-B', NULL, NULL, 'CC13', NULL, NULL, NULL, NULL, '大P', 1, '2019-12-15 23:49:21.289791', NULL, NULL, NULL);
INSERT INTO "public"."model"("id", "model_series_id", "name", "pinyin", "dept_id", "code", "ws_time", "es_time", "amp_time", "mp_time", "remark", "create_by", "create_at", "update_by", "update_at", "delete_at") VALUES (491, NULL, 'Fusion 44', NULL, NULL, 'CE17', NULL, NULL, NULL, NULL, '大P', 1, '2019-12-15 23:49:21.289791', NULL, NULL, NULL);
INSERT INTO "public"."model"("id", "model_series_id", "name", "pinyin", "dept_id", "code", "ws_time", "es_time", "amp_time", "mp_time", "remark", "create_by", "create_at", "update_by", "update_at", "delete_at") VALUES (492, NULL, 'Fusion 64', NULL, NULL, 'CE20', NULL, NULL, NULL, NULL, '大P', 1, '2019-12-15 23:49:21.289791', NULL, NULL, NULL);
INSERT INTO "public"."model"("id", "model_series_id", "name", "pinyin", "dept_id", "code", "ws_time", "es_time", "amp_time", "mp_time", "remark", "create_by", "create_at", "update_by", "update_at", "delete_at") VALUES (493, NULL, 'Liubei 44', NULL, NULL, 'CG67', NULL, NULL, NULL, NULL, '大P', 1, '2019-12-15 23:49:21.289791', NULL, NULL, NULL);
INSERT INTO "public"."model"("id", "model_series_id", "name", "pinyin", "dept_id", "code", "ws_time", "es_time", "amp_time", "mp_time", "remark", "create_by", "create_at", "update_by", "update_at", "delete_at") VALUES (494, NULL, 'Raptor', NULL, NULL, 'CF41', NULL, NULL, NULL, NULL, '大P', 1, '2019-12-15 23:49:21.289791', NULL, NULL, NULL);
INSERT INTO "public"."model"("id", "model_series_id", "name", "pinyin", "dept_id", "code", "ws_time", "es_time", "amp_time", "mp_time", "remark", "create_by", "create_at", "update_by", "update_at", "delete_at") VALUES (495, NULL, 'Varius', NULL, NULL, 'CF84', NULL, NULL, NULL, NULL, '大P', 1, '2019-12-15 23:49:21.289791', NULL, NULL, NULL);
INSERT INTO "public"."model"("id", "model_series_id", "name", "pinyin", "dept_id", "code", "ws_time", "es_time", "amp_time", "mp_time", "remark", "create_by", "create_at", "update_by", "update_at", "delete_at") VALUES (496, NULL, 'Mosso', NULL, NULL, 'CH74', NULL, NULL, NULL, NULL, '大P', 1, '2019-12-15 23:49:21.289791', NULL, NULL, NULL);
INSERT INTO "public"."model"("id", "model_series_id", "name", "pinyin", "dept_id", "code", "ws_time", "es_time", "amp_time", "mp_time", "remark", "create_by", "create_at", "update_by", "update_at", "delete_at") VALUES (497, NULL, 'Opera-EM', NULL, NULL, 'CD02', NULL, NULL, NULL, NULL, '大P', 1, '2019-12-15 23:49:21.289791', NULL, NULL, NULL);
INSERT INTO "public"."model"("id", "model_series_id", "name", "pinyin", "dept_id", "code", "ws_time", "es_time", "amp_time", "mp_time", "remark", "create_by", "create_at", "update_by", "update_at", "delete_at") VALUES (498, NULL, 'Opera-MR 36', NULL, NULL, 'CD40', NULL, NULL, NULL, NULL, '大P', 1, '2019-12-15 23:49:21.289791', NULL, NULL, NULL);
INSERT INTO "public"."model"("id", "model_series_id", "name", "pinyin", "dept_id", "code", "ws_time", "es_time", "amp_time", "mp_time", "remark", "create_by", "create_at", "update_by", "update_at", "delete_at") VALUES (499, NULL, 'Opera-MR 44', NULL, NULL, 'CD41', NULL, NULL, NULL, NULL, '大P', 1, '2019-12-15 23:49:21.289791', NULL, NULL, NULL);
INSERT INTO "public"."model"("id", "model_series_id", "name", "pinyin", "dept_id", "code", "ws_time", "es_time", "amp_time", "mp_time", "remark", "create_by", "create_at", "update_by", "update_at", "delete_at") VALUES (500, NULL, 'Opera-AD 24', NULL, NULL, 'CD66', NULL, NULL, NULL, NULL, '大P', 1, '2019-12-15 23:49:21.289791', NULL, NULL, NULL);
INSERT INTO "public"."model"("id", "model_series_id", "name", "pinyin", "dept_id", "code", "ws_time", "es_time", "amp_time", "mp_time", "remark", "create_by", "create_at", "update_by", "update_at", "delete_at") VALUES (501, NULL, 'Opera-AD 36', NULL, NULL, 'CD67', NULL, NULL, NULL, NULL, '大P', 1, '2019-12-15 23:49:21.289791', NULL, NULL, NULL);
INSERT INTO "public"."model"("id", "model_series_id", "name", "pinyin", "dept_id", "code", "ws_time", "es_time", "amp_time", "mp_time", "remark", "create_by", "create_at", "update_by", "update_at", "delete_at") VALUES (502, NULL, 'Opera-AD 44', NULL, NULL, 'CD68', NULL, NULL, NULL, NULL, '大P', 1, '2019-12-15 23:49:21.289791', NULL, NULL, NULL);
INSERT INTO "public"."model"("id", "model_series_id", "name", "pinyin", "dept_id", "code", "ws_time", "es_time", "amp_time", "mp_time", "remark", "create_by", "create_at", "update_by", "update_at", "delete_at") VALUES (503, NULL, 'Pacato 44', NULL, NULL, 'CF07', NULL, NULL, NULL, NULL, '大P', 1, '2019-12-15 23:49:21.289791', NULL, NULL, NULL);
INSERT INTO "public"."model"("id", "model_series_id", "name", "pinyin", "dept_id", "code", "ws_time", "es_time", "amp_time", "mp_time", "remark", "create_by", "create_at", "update_by", "update_at", "delete_at") VALUES (504, NULL, 'Pacato-R', NULL, NULL, 'CH66', NULL, NULL, NULL, NULL, '大P', 1, '2019-12-15 23:49:21.289791', NULL, NULL, NULL);
INSERT INTO "public"."model"("id", "model_series_id", "name", "pinyin", "dept_id", "code", "ws_time", "es_time", "amp_time", "mp_time", "remark", "create_by", "create_at", "update_by", "update_at", "delete_at") VALUES (505, NULL, 'C4', NULL, NULL, 'N02Y', NULL, NULL, NULL, NULL, 'RS', 1, '2019-12-15 23:49:21.289791', NULL, NULL, NULL);
INSERT INTO "public"."model"("id", "model_series_id", "name", "pinyin", "dept_id", "code", "ws_time", "es_time", "amp_time", "mp_time", "remark", "create_by", "create_at", "update_by", "update_at", "delete_at") VALUES (506, NULL, 'C4L', NULL, NULL, 'N02Y', NULL, NULL, NULL, NULL, 'RS', 1, '2019-12-15 23:49:21.289791', NULL, NULL, NULL);
INSERT INTO "public"."model"("id", "model_series_id", "name", "pinyin", "dept_id", "code", "ws_time", "es_time", "amp_time", "mp_time", "remark", "create_by", "create_at", "update_by", "update_at", "delete_at") VALUES (507, NULL, 'LS3', NULL, NULL, 'N001', NULL, NULL, NULL, NULL, 'RS', 1, '2019-12-15 23:49:21.289791', NULL, NULL, NULL);
INSERT INTO "public"."model"("id", "model_series_id", "name", "pinyin", "dept_id", "code", "ws_time", "es_time", "amp_time", "mp_time", "remark", "create_by", "create_at", "update_by", "update_at", "delete_at") VALUES (508, NULL, 'LS3-B', NULL, NULL, 'N03L', NULL, NULL, NULL, NULL, 'RS', 1, '2019-12-15 23:49:21.289791', NULL, NULL, NULL);
INSERT INTO "public"."model"("id", "model_series_id", "name", "pinyin", "dept_id", "code", "ws_time", "es_time", "amp_time", "mp_time", "remark", "create_by", "create_at", "update_by", "update_at", "delete_at") VALUES (509, NULL, 'LS6', NULL, NULL, 'N002', NULL, NULL, NULL, NULL, 'RS', 1, '2019-12-15 23:49:21.289791', NULL, NULL, NULL);
INSERT INTO "public"."model"("id", "model_series_id", "name", "pinyin", "dept_id", "code", "ws_time", "es_time", "amp_time", "mp_time", "remark", "create_by", "create_at", "update_by", "update_at", "delete_at") VALUES (510, NULL, 'LS6-B', NULL, NULL, 'N03M', NULL, NULL, NULL, NULL, 'RS', 1, '2019-12-15 23:49:21.289791', NULL, NULL, NULL);
INSERT INTO "public"."model"("id", "model_series_id", "name", "pinyin", "dept_id", "code", "ws_time", "es_time", "amp_time", "mp_time", "remark", "create_by", "create_at", "update_by", "update_at", "delete_at") VALUES (511, NULL, 'LS10', NULL, NULL, 'N03R', NULL, NULL, NULL, NULL, 'RS', 1, '2019-12-15 23:49:21.289791', NULL, NULL, NULL);
INSERT INTO "public"."model"("id", "model_series_id", "name", "pinyin", "dept_id", "code", "ws_time", "es_time", "amp_time", "mp_time", "remark", "create_by", "create_at", "update_by", "update_at", "delete_at") VALUES (512, NULL, 'LS20', NULL, NULL, 'N006', NULL, NULL, NULL, NULL, 'RS', 1, '2019-12-15 23:49:21.289791', NULL, NULL, NULL);
INSERT INTO "public"."model"("id", "model_series_id", "name", "pinyin", "dept_id", "code", "ws_time", "es_time", "amp_time", "mp_time", "remark", "create_by", "create_at", "update_by", "update_at", "delete_at") VALUES (513, NULL, 'LS20-B', NULL, NULL, 'N03Z', NULL, NULL, NULL, NULL, 'RS', 1, '2019-12-15 23:49:21.289791', NULL, NULL, NULL);
INSERT INTO "public"."model"("id", "model_series_id", "name", "pinyin", "dept_id", "code", "ws_time", "es_time", "amp_time", "mp_time", "remark", "create_by", "create_at", "update_by", "update_at", "delete_at") VALUES (685, NULL, 'M-192 ', NULL, NULL, 'D025', NULL, NULL, NULL, NULL, '小P', 1, '2019-12-15 23:51:46.650157', NULL, NULL, NULL);
INSERT INTO "public"."model"("id", "model_series_id", "name", "pinyin", "dept_id", "code", "ws_time", "es_time", "amp_time", "mp_time", "remark", "create_by", "create_at", "update_by", "update_at", "delete_at") VALUES (686, NULL, 'M-190G ', NULL, NULL, 'D081', NULL, NULL, NULL, NULL, '小P', 1, '2019-12-15 23:51:46.650157', NULL, NULL, NULL);
INSERT INTO "public"."model"("id", "model_series_id", "name", "pinyin", "dept_id", "code", "ws_time", "es_time", "amp_time", "mp_time", "remark", "create_by", "create_at", "update_by", "update_at", "delete_at") VALUES (687, NULL, 'M-192G', NULL, NULL, 'D082', NULL, NULL, NULL, NULL, '小P', 1, '2019-12-15 23:51:46.650157', NULL, NULL, NULL);
INSERT INTO "public"."model"("id", "model_series_id", "name", "pinyin", "dept_id", "code", "ws_time", "es_time", "amp_time", "mp_time", "remark", "create_by", "create_at", "update_by", "update_at", "delete_at") VALUES (688, NULL, 'M-T532AF', NULL, NULL, 'D094', NULL, NULL, NULL, NULL, '小P', 1, '2019-12-15 23:51:46.650157', NULL, NULL, NULL);
INSERT INTO "public"."model"("id", "model_series_id", "name", "pinyin", "dept_id", "code", "ws_time", "es_time", "amp_time", "mp_time", "remark", "create_by", "create_at", "update_by", "update_at", "delete_at") VALUES (689, NULL, 'M-T531AP ', NULL, NULL, 'D095', NULL, NULL, NULL, NULL, '小P', 1, '2019-12-15 23:51:46.650157', NULL, NULL, NULL);
INSERT INTO "public"."model"("id", "model_series_id", "name", "pinyin", "dept_id", "code", "ws_time", "es_time", "amp_time", "mp_time", "remark", "create_by", "create_at", "update_by", "update_at", "delete_at") VALUES (690, NULL, 'M-T532AP ', NULL, NULL, 'D096', NULL, NULL, NULL, NULL, '小P', 1, '2019-12-15 23:51:46.650157', NULL, NULL, NULL);
INSERT INTO "public"."model"("id", "model_series_id", "name", "pinyin", "dept_id", "code", "ws_time", "es_time", "amp_time", "mp_time", "remark", "create_by", "create_at", "update_by", "update_at", "delete_at") VALUES (691, NULL, 'M-T522AF ', NULL, NULL, 'D100', NULL, NULL, NULL, NULL, '小P', 1, '2019-12-15 23:51:46.650157', NULL, NULL, NULL);
INSERT INTO "public"."model"("id", "model_series_id", "name", "pinyin", "dept_id", "code", "ws_time", "es_time", "amp_time", "mp_time", "remark", "create_by", "create_at", "update_by", "update_at", "delete_at") VALUES (705, NULL, 'M-T521 ', NULL, NULL, 'D323', NULL, NULL, NULL, NULL, '小P', 1, '2019-12-15 23:52:27.150734', NULL, NULL, NULL);
INSERT INTO "public"."model"("id", "model_series_id", "name", "pinyin", "dept_id", "code", "ws_time", "es_time", "amp_time", "mp_time", "remark", "create_by", "create_at", "update_by", "update_at", "delete_at") VALUES (706, NULL, 'M-T523AP', NULL, NULL, 'D351', NULL, NULL, NULL, NULL, '小P', 1, '2019-12-15 23:52:27.150734', NULL, NULL, NULL);
INSERT INTO "public"."model"("id", "model_series_id", "name", "pinyin", "dept_id", "code", "ws_time", "es_time", "amp_time", "mp_time", "remark", "create_by", "create_at", "update_by", "update_at", "delete_at") VALUES (707, NULL, 'M-T482AF', NULL, NULL, 'D353', NULL, NULL, NULL, NULL, '小P', 1, '2019-12-15 23:52:27.150734', NULL, NULL, NULL);
INSERT INTO "public"."model"("id", "model_series_id", "name", "pinyin", "dept_id", "code", "ws_time", "es_time", "amp_time", "mp_time", "remark", "create_by", "create_at", "update_by", "update_at", "delete_at") VALUES (708, NULL, 'M-T532AF ', NULL, NULL, 'D094', NULL, NULL, NULL, NULL, '小P', 1, '2019-12-15 23:52:27.150734', NULL, NULL, NULL);
INSERT INTO "public"."model"("id", "model_series_id", "name", "pinyin", "dept_id", "code", "ws_time", "es_time", "amp_time", "mp_time", "remark", "create_by", "create_at", "update_by", "update_at", "delete_at") VALUES (709, NULL, 'M-T542HF', NULL, NULL, 'D111', NULL, NULL, NULL, NULL, '小P', 1, '2019-12-15 23:52:45.714601', NULL, NULL, NULL);
INSERT INTO "public"."model"("id", "model_series_id", "name", "pinyin", "dept_id", "code", "ws_time", "es_time", "amp_time", "mp_time", "remark", "create_by", "create_at", "update_by", "update_at", "delete_at") VALUES (710, NULL, 'M-T531IIAP', NULL, NULL, 'D431', NULL, NULL, NULL, NULL, '小P', 1, '2019-12-15 23:52:45.714601', NULL, NULL, NULL);
INSERT INTO "public"."model"("id", "model_series_id", "name", "pinyin", "dept_id", "code", "ws_time", "es_time", "amp_time", "mp_time", "remark", "create_by", "create_at", "update_by", "update_at", "delete_at") VALUES (711, NULL, 'M-T532IIAF ', NULL, NULL, 'D401', NULL, NULL, NULL, NULL, '小P', 1, '2019-12-15 23:52:45.714601', NULL, NULL, NULL);
INSERT INTO "public"."model"("id", "model_series_id", "name", "pinyin", "dept_id", "code", "ws_time", "es_time", "amp_time", "mp_time", "remark", "create_by", "create_at", "update_by", "update_at", "delete_at") VALUES (712, NULL, 'M-T532IIAP ', NULL, NULL, 'D402', NULL, NULL, NULL, NULL, '小P', 1, '2019-12-15 23:52:45.714601', NULL, NULL, NULL);
INSERT INTO "public"."model"("id", "model_series_id", "name", "pinyin", "dept_id", "code", "ws_time", "es_time", "amp_time", "mp_time", "remark", "create_by", "create_at", "update_by", "update_at", "delete_at") VALUES (718, NULL, 'M-T533IIAP ', NULL, NULL, 'D404', NULL, NULL, NULL, NULL, '小P', 1, '2019-12-15 23:53:21.364599', NULL, NULL, NULL);
INSERT INTO "public"."model"("id", "model_series_id", "name", "pinyin", "dept_id", "code", "ws_time", "es_time", "amp_time", "mp_time", "remark", "create_by", "create_at", "update_by", "update_at", "delete_at") VALUES (719, NULL, 'M-T533IIAF', NULL, NULL, 'D403', NULL, NULL, NULL, NULL, '小P', 1, '2019-12-15 23:53:21.364599', NULL, NULL, NULL);
INSERT INTO "public"."model"("id", "model_series_id", "name", "pinyin", "dept_id", "code", "ws_time", "es_time", "amp_time", "mp_time", "remark", "create_by", "create_at", "update_by", "update_at", "delete_at") VALUES (720, NULL, 'M-T542IIHF ', NULL, NULL, 'D413', NULL, NULL, NULL, NULL, '小P', 1, '2019-12-15 23:53:21.364599', NULL, NULL, NULL);
INSERT INTO "public"."model"("id", "model_series_id", "name", "pinyin", "dept_id", "code", "ws_time", "es_time", "amp_time", "mp_time", "remark", "create_by", "create_at", "update_by", "update_at", "delete_at") VALUES (727, NULL, 'M-T542IIAF', NULL, NULL, 'D405', NULL, NULL, NULL, NULL, '小P', 1, '2019-12-15 23:54:22.555293', NULL, NULL, NULL);
INSERT INTO "public"."model"("id", "model_series_id", "name", "pinyin", "dept_id", "code", "ws_time", "es_time", "amp_time", "mp_time", "remark", "create_by", "create_at", "update_by", "update_at", "delete_at") VALUES (728, NULL, 'M-T542IIHF', NULL, NULL, 'D413', NULL, NULL, NULL, NULL, '小P', 1, '2019-12-15 23:55:04.636427', NULL, NULL, NULL);
INSERT INTO "public"."model"("id", "model_series_id", "name", "pinyin", "dept_id", "code", "ws_time", "es_time", "amp_time", "mp_time", "remark", "create_by", "create_at", "update_by", "update_at", "delete_at") VALUES (729, NULL, 'M-T592IIHF', NULL, NULL, 'D414', NULL, NULL, NULL, NULL, '小P', 1, '2019-12-15 23:55:52.776443', NULL, NULL, NULL);
INSERT INTO "public"."model"("id", "model_series_id", "name", "pinyin", "dept_id", "code", "ws_time", "es_time", "amp_time", "mp_time", "remark", "create_by", "create_at", "update_by", "update_at", "delete_at") VALUES (730, NULL, 'M-T512IIAF', NULL, NULL, 'D415', NULL, NULL, NULL, NULL, '小P', 1, '2019-12-15 23:55:52.776443', NULL, NULL, NULL);
INSERT INTO "public"."model"("id", "model_series_id", "name", "pinyin", "dept_id", "code", "ws_time", "es_time", "amp_time", "mp_time", "remark", "create_by", "create_at", "update_by", "update_at", "delete_at") VALUES (731, NULL, 'M-T512IIAP', NULL, NULL, 'D416', NULL, NULL, NULL, NULL, '小P', 1, '2019-12-15 23:55:52.776443', NULL, NULL, NULL);
INSERT INTO "public"."model"("id", "model_series_id", "name", "pinyin", "dept_id", "code", "ws_time", "es_time", "amp_time", "mp_time", "remark", "create_by", "create_at", "update_by", "update_at", "delete_at") VALUES (732, NULL, 'M-T522IIAF', NULL, NULL, 'D419', NULL, NULL, NULL, NULL, '小P', 1, '2019-12-15 23:55:52.776443', NULL, NULL, NULL);
INSERT INTO "public"."model"("id", "model_series_id", "name", "pinyin", "dept_id", "code", "ws_time", "es_time", "amp_time", "mp_time", "remark", "create_by", "create_at", "update_by", "update_at", "delete_at") VALUES (733, NULL, 'M-T522IIAP', NULL, NULL, 'D420', NULL, NULL, NULL, NULL, '小P', 1, '2019-12-15 23:55:52.776443', NULL, NULL, NULL);
INSERT INTO "public"."model"("id", "model_series_id", "name", "pinyin", "dept_id", "code", "ws_time", "es_time", "amp_time", "mp_time", "remark", "create_by", "create_at", "update_by", "update_at", "delete_at") VALUES (734, NULL, 'TM-U295', NULL, NULL, 'C163', NULL, NULL, NULL, NULL, '小P', 1, '2019-12-15 23:55:52.776443', NULL, NULL, NULL);
INSERT INTO "public"."model"("id", "model_series_id", "name", "pinyin", "dept_id", "code", "ws_time", "es_time", "amp_time", "mp_time", "remark", "create_by", "create_at", "update_by", "update_at", "delete_at") VALUES (735, NULL, 'TM-U295P', NULL, NULL, 'C178', NULL, NULL, NULL, NULL, '小P', 1, '2019-12-15 23:55:52.776443', NULL, NULL, NULL);
INSERT INTO "public"."model"("id", "model_series_id", "name", "pinyin", "dept_id", "code", "ws_time", "es_time", "amp_time", "mp_time", "remark", "create_by", "create_at", "update_by", "update_at", "delete_at") VALUES (736, NULL, 'TM-T70-i', NULL, NULL, 'C637', NULL, NULL, NULL, NULL, '小P', 1, '2019-12-15 23:55:52.776443', NULL, NULL, NULL);
INSERT INTO "public"."model"("id", "model_series_id", "name", "pinyin", "dept_id", "code", "ws_time", "es_time", "amp_time", "mp_time", "remark", "create_by", "create_at", "update_by", "update_at", "delete_at") VALUES (737, NULL, 'TM-T70II', NULL, NULL, 'CD38', NULL, NULL, NULL, NULL, '小P', 1, '2019-12-15 23:55:52.776443', NULL, NULL, NULL);
INSERT INTO "public"."model"("id", "model_series_id", "name", "pinyin", "dept_id", "code", "ws_time", "es_time", "amp_time", "mp_time", "remark", "create_by", "create_at", "update_by", "update_at", "delete_at") VALUES (738, NULL, 'TM-T70II-DT', NULL, NULL, 'CD51', NULL, NULL, NULL, NULL, '小P', 1, '2019-12-15 23:55:52.776443', NULL, NULL, NULL);
INSERT INTO "public"."model"("id", "model_series_id", "name", "pinyin", "dept_id", "code", "ws_time", "es_time", "amp_time", "mp_time", "remark", "create_by", "create_at", "update_by", "update_at", "delete_at") VALUES (739, NULL, 'TM-T70II DT2', NULL, NULL, 'CH61', NULL, NULL, NULL, NULL, '小P', 1, '2019-12-15 23:55:52.776443', NULL, NULL, NULL);
INSERT INTO "public"."model"("id", "model_series_id", "name", "pinyin", "dept_id", "code", "ws_time", "es_time", "amp_time", "mp_time", "remark", "create_by", "create_at", "update_by", "update_at", "delete_at") VALUES (740, NULL, 'TM-T20', NULL, NULL, 'CB10', NULL, NULL, NULL, NULL, '小P', 1, '2019-12-15 23:55:52.776443', NULL, NULL, NULL);
INSERT INTO "public"."model"("id", "model_series_id", "name", "pinyin", "dept_id", "code", "ws_time", "es_time", "amp_time", "mp_time", "remark", "create_by", "create_at", "update_by", "update_at", "delete_at") VALUES (741, NULL, 'TM-T810F', NULL, NULL, 'CB75', NULL, NULL, NULL, NULL, '小P', 1, '2019-12-15 23:55:52.776443', NULL, NULL, NULL);
INSERT INTO "public"."model"("id", "model_series_id", "name", "pinyin", "dept_id", "code", "ws_time", "es_time", "amp_time", "mp_time", "remark", "create_by", "create_at", "update_by", "update_at", "delete_at") VALUES (742, NULL, 'TM-T900F', NULL, NULL, 'CB76', NULL, NULL, NULL, NULL, '小P', 1, '2019-12-15 23:55:52.776443', NULL, NULL, NULL);
INSERT INTO "public"."model"("id", "model_series_id", "name", "pinyin", "dept_id", "code", "ws_time", "es_time", "amp_time", "mp_time", "remark", "create_by", "create_at", "update_by", "update_at", "delete_at") VALUES (743, NULL, 'TM-T20II', NULL, NULL, 'CD52', NULL, NULL, NULL, NULL, '小P', 1, '2019-12-15 23:55:52.776443', NULL, NULL, NULL);
INSERT INTO "public"."model"("id", "model_series_id", "name", "pinyin", "dept_id", "code", "ws_time", "es_time", "amp_time", "mp_time", "remark", "create_by", "create_at", "update_by", "update_at", "delete_at") VALUES (744, NULL, 'TM-M10', NULL, NULL, 'CE74', NULL, NULL, NULL, NULL, '小P', 1, '2019-12-15 23:55:52.776443', NULL, NULL, NULL);
INSERT INTO "public"."model"("id", "model_series_id", "name", "pinyin", "dept_id", "code", "ws_time", "es_time", "amp_time", "mp_time", "remark", "create_by", "create_at", "update_by", "update_at", "delete_at") VALUES (745, NULL, 'TM-M30', NULL, NULL, 'CE95', NULL, NULL, NULL, NULL, '小P', 1, '2019-12-15 23:55:52.776443', NULL, NULL, NULL);
INSERT INTO "public"."model"("id", "model_series_id", "name", "pinyin", "dept_id", "code", "ws_time", "es_time", "amp_time", "mp_time", "remark", "create_by", "create_at", "update_by", "update_at", "delete_at") VALUES (746, NULL, 'TM-P20', NULL, NULL, 'CE14', NULL, NULL, NULL, NULL, '小P', 1, '2019-12-15 23:55:52.776443', NULL, NULL, NULL);
INSERT INTO "public"."model"("id", "model_series_id", "name", "pinyin", "dept_id", "code", "ws_time", "es_time", "amp_time", "mp_time", "remark", "create_by", "create_at", "update_by", "update_at", "delete_at") VALUES (747, NULL, 'TM-P60', NULL, NULL, 'CC79', NULL, NULL, NULL, NULL, '小P', 1, '2019-12-15 23:55:52.776443', NULL, NULL, NULL);
INSERT INTO "public"."model"("id", "model_series_id", "name", "pinyin", "dept_id", "code", "ws_time", "es_time", "amp_time", "mp_time", "remark", "create_by", "create_at", "update_by", "update_at", "delete_at") VALUES (748, NULL, 'TM-P80', NULL, NULL, 'CD70', NULL, NULL, NULL, NULL, '小P', 1, '2019-12-15 23:55:52.776443', NULL, NULL, NULL);
INSERT INTO "public"."model"("id", "model_series_id", "name", "pinyin", "dept_id", "code", "ws_time", "es_time", "amp_time", "mp_time", "remark", "create_by", "create_at", "update_by", "update_at", "delete_at") VALUES (749, NULL, 'TM-H5000', NULL, NULL, 'C246', NULL, NULL, NULL, NULL, '小P', 1, '2019-12-15 23:55:52.776443', NULL, NULL, NULL);
INSERT INTO "public"."model"("id", "model_series_id", "name", "pinyin", "dept_id", "code", "ws_time", "es_time", "amp_time", "mp_time", "remark", "create_by", "create_at", "update_by", "update_at", "delete_at") VALUES (750, NULL, 'TM-H5000IIP', NULL, NULL, 'C249', NULL, NULL, NULL, NULL, '小P', 1, '2019-12-15 23:55:52.776443', NULL, NULL, NULL);
INSERT INTO "public"."model"("id", "model_series_id", "name", "pinyin", "dept_id", "code", "ws_time", "es_time", "amp_time", "mp_time", "remark", "create_by", "create_at", "update_by", "update_at", "delete_at") VALUES (751, NULL, 'TM-U590', NULL, NULL, 'C196', NULL, NULL, NULL, NULL, '小P', 1, '2019-12-15 23:55:52.776443', NULL, NULL, NULL);
INSERT INTO "public"."model"("id", "model_series_id", "name", "pinyin", "dept_id", "code", "ws_time", "es_time", "amp_time", "mp_time", "remark", "create_by", "create_at", "update_by", "update_at", "delete_at") VALUES (752, NULL, 'TM-U590P', NULL, NULL, 'C222', NULL, NULL, NULL, NULL, '小P', 1, '2019-12-15 23:55:52.776443', NULL, NULL, NULL);
INSERT INTO "public"."model"("id", "model_series_id", "name", "pinyin", "dept_id", "code", "ws_time", "es_time", "amp_time", "mp_time", "remark", "create_by", "create_at", "update_by", "update_at", "delete_at") VALUES (753, NULL, 'TM-U950', NULL, NULL, 'C151', NULL, NULL, NULL, NULL, '小P', 1, '2019-12-15 23:55:52.776443', NULL, NULL, NULL);
INSERT INTO "public"."model"("id", "model_series_id", "name", "pinyin", "dept_id", "code", "ws_time", "es_time", "amp_time", "mp_time", "remark", "create_by", "create_at", "update_by", "update_at", "delete_at") VALUES (754, NULL, 'TM-U950P', NULL, NULL, 'C176', NULL, NULL, NULL, NULL, '小P', 1, '2019-12-15 23:55:52.776443', NULL, NULL, NULL);
INSERT INTO "public"."model"("id", "model_series_id", "name", "pinyin", "dept_id", "code", "ws_time", "es_time", "amp_time", "mp_time", "remark", "create_by", "create_at", "update_by", "update_at", "delete_at") VALUES (755, NULL, 'TM-T86L', NULL, NULL, 'C532', NULL, NULL, NULL, NULL, '小P', 1, '2019-12-15 23:55:52.776443', NULL, NULL, NULL);
INSERT INTO "public"."model"("id", "model_series_id", "name", "pinyin", "dept_id", "code", "ws_time", "es_time", "amp_time", "mp_time", "remark", "create_by", "create_at", "update_by", "update_at", "delete_at") VALUES (756, NULL, 'TM-T88IV', NULL, NULL, 'C636', NULL, NULL, NULL, NULL, '小P', 1, '2019-12-15 23:55:52.776443', NULL, NULL, NULL);
INSERT INTO "public"."model"("id", "model_series_id", "name", "pinyin", "dept_id", "code", "ws_time", "es_time", "amp_time", "mp_time", "remark", "create_by", "create_at", "update_by", "update_at", "delete_at") VALUES (757, NULL, 'TM-T88V', NULL, NULL, 'CA85', NULL, NULL, NULL, NULL, '小P', 1, '2019-12-15 23:55:52.776443', NULL, NULL, NULL);
INSERT INTO "public"."model"("id", "model_series_id", "name", "pinyin", "dept_id", "code", "ws_time", "es_time", "amp_time", "mp_time", "remark", "create_by", "create_at", "update_by", "update_at", "delete_at") VALUES (758, NULL, 'TM-T88V-DT', NULL, NULL, 'CC74', NULL, NULL, NULL, NULL, '小P', 1, '2019-12-15 23:55:52.776443', NULL, NULL, NULL);
INSERT INTO "public"."model"("id", "model_series_id", "name", "pinyin", "dept_id", "code", "ws_time", "es_time", "amp_time", "mp_time", "remark", "create_by", "create_at", "update_by", "update_at", "delete_at") VALUES (759, NULL, 'TM-T88VI-DT2', NULL, NULL, 'CH64', NULL, NULL, NULL, NULL, '小P', 1, '2019-12-15 23:55:52.776443', NULL, NULL, NULL);
INSERT INTO "public"."model"("id", "model_series_id", "name", "pinyin", "dept_id", "code", "ws_time", "es_time", "amp_time", "mp_time", "remark", "create_by", "create_at", "update_by", "update_at", "delete_at") VALUES (760, NULL, 'TM-T88VI', NULL, NULL, 'CE94', NULL, NULL, NULL, NULL, '小P', 1, '2019-12-15 23:55:52.776443', NULL, NULL, NULL);
INSERT INTO "public"."model"("id", "model_series_id", "name", "pinyin", "dept_id", "code", "ws_time", "es_time", "amp_time", "mp_time", "remark", "create_by", "create_at", "update_by", "update_at", "delete_at") VALUES (761, NULL, 'TM-U220A', NULL, NULL, 'C513', NULL, NULL, NULL, NULL, '小P', 1, '2019-12-15 23:55:52.776443', NULL, NULL, NULL);
INSERT INTO "public"."model"("id", "model_series_id", "name", "pinyin", "dept_id", "code", "ws_time", "es_time", "amp_time", "mp_time", "remark", "create_by", "create_at", "update_by", "update_at", "delete_at") VALUES (762, NULL, 'TM-U220B', NULL, NULL, 'C514', NULL, NULL, NULL, NULL, '小P', 1, '2019-12-15 23:55:52.776443', NULL, NULL, NULL);
INSERT INTO "public"."model"("id", "model_series_id", "name", "pinyin", "dept_id", "code", "ws_time", "es_time", "amp_time", "mp_time", "remark", "create_by", "create_at", "update_by", "update_at", "delete_at") VALUES (763, NULL, 'TM-U220D', NULL, NULL, 'C515', NULL, NULL, NULL, NULL, '小P', 1, '2019-12-15 23:55:52.776443', NULL, NULL, NULL);
INSERT INTO "public"."model"("id", "model_series_id", "name", "pinyin", "dept_id", "code", "ws_time", "es_time", "amp_time", "mp_time", "remark", "create_by", "create_at", "update_by", "update_at", "delete_at") VALUES (764, NULL, 'TM-U220PA', NULL, NULL, 'C516', NULL, NULL, NULL, NULL, '小P', 1, '2019-12-15 23:55:52.776443', NULL, NULL, NULL);
INSERT INTO "public"."model"("id", "model_series_id", "name", "pinyin", "dept_id", "code", "ws_time", "es_time", "amp_time", "mp_time", "remark", "create_by", "create_at", "update_by", "update_at", "delete_at") VALUES (765, NULL, 'TM-U220PB', NULL, NULL, 'C517', NULL, NULL, NULL, NULL, '小P', 1, '2019-12-15 23:55:52.776443', NULL, NULL, NULL);
INSERT INTO "public"."model"("id", "model_series_id", "name", "pinyin", "dept_id", "code", "ws_time", "es_time", "amp_time", "mp_time", "remark", "create_by", "create_at", "update_by", "update_at", "delete_at") VALUES (766, NULL, 'TM-U220PD', NULL, NULL, 'C518', NULL, NULL, NULL, NULL, '小P', 1, '2019-12-15 23:55:52.776443', NULL, NULL, NULL);
INSERT INTO "public"."model"("id", "model_series_id", "name", "pinyin", "dept_id", "code", "ws_time", "es_time", "amp_time", "mp_time", "remark", "create_by", "create_at", "update_by", "update_at", "delete_at") VALUES (767, NULL, 'TM-U288B', NULL, NULL, 'CB65', NULL, NULL, NULL, NULL, '小P', 1, '2019-12-15 23:55:52.776443', NULL, NULL, NULL);
INSERT INTO "public"."model"("id", "model_series_id", "name", "pinyin", "dept_id", "code", "ws_time", "es_time", "amp_time", "mp_time", "remark", "create_by", "create_at", "update_by", "update_at", "delete_at") VALUES (768, NULL, 'TM-U288D', NULL, NULL, 'CB66', NULL, NULL, NULL, NULL, '小P', 1, '2019-12-15 23:55:52.776443', NULL, NULL, NULL);
INSERT INTO "public"."model"("id", "model_series_id", "name", "pinyin", "dept_id", "code", "ws_time", "es_time", "amp_time", "mp_time", "remark", "create_by", "create_at", "update_by", "update_at", "delete_at") VALUES (769, NULL, 'TM-U330B', NULL, NULL, 'CD85', NULL, NULL, NULL, NULL, '小P', 1, '2019-12-15 23:55:52.776443', NULL, NULL, NULL);
INSERT INTO "public"."model"("id", "model_series_id", "name", "pinyin", "dept_id", "code", "ws_time", "es_time", "amp_time", "mp_time", "remark", "create_by", "create_at", "update_by", "update_at", "delete_at") VALUES (770, NULL, 'TM-H6000III', NULL, NULL, 'C625', NULL, NULL, NULL, NULL, '小P', 1, '2019-12-15 23:55:52.776443', NULL, NULL, NULL);
INSERT INTO "public"."model"("id", "model_series_id", "name", "pinyin", "dept_id", "code", "ws_time", "es_time", "amp_time", "mp_time", "remark", "create_by", "create_at", "update_by", "update_at", "delete_at") VALUES (771, NULL, 'TM-U675', NULL, NULL, 'C283', NULL, NULL, NULL, NULL, '小P', 1, '2019-12-15 23:55:52.776443', NULL, NULL, NULL);
INSERT INTO "public"."model"("id", "model_series_id", "name", "pinyin", "dept_id", "code", "ws_time", "es_time", "amp_time", "mp_time", "remark", "create_by", "create_at", "update_by", "update_at", "delete_at") VALUES (772, NULL, 'TM-U675P', NULL, NULL, 'C289', NULL, NULL, NULL, NULL, '小P', 1, '2019-12-15 23:55:52.776443', NULL, NULL, NULL);
INSERT INTO "public"."model"("id", "model_series_id", "name", "pinyin", "dept_id", "code", "ws_time", "es_time", "amp_time", "mp_time", "remark", "create_by", "create_at", "update_by", "update_at", "delete_at") VALUES (773, NULL, 'TM-H2000', NULL, NULL, 'CB26', NULL, NULL, NULL, NULL, '小P', 1, '2019-12-15 23:55:52.776443', NULL, NULL, NULL);
INSERT INTO "public"."model"("id", "model_series_id", "name", "pinyin", "dept_id", "code", "ws_time", "es_time", "amp_time", "mp_time", "remark", "create_by", "create_at", "update_by", "update_at", "delete_at") VALUES (774, NULL, 'TM-H6000IV-DT', NULL, NULL, 'CD83', NULL, NULL, NULL, NULL, '小P', 1, '2019-12-15 23:55:52.776443', NULL, NULL, NULL);
INSERT INTO "public"."model"("id", "model_series_id", "name", "pinyin", "dept_id", "code", "ws_time", "es_time", "amp_time", "mp_time", "remark", "create_by", "create_at", "update_by", "update_at", "delete_at") VALUES (775, NULL, 'TM-H6000IV', NULL, NULL, 'CB25', NULL, NULL, NULL, NULL, '小P', 1, '2019-12-15 23:55:52.776443', NULL, NULL, NULL);
INSERT INTO "public"."model"("id", "model_series_id", "name", "pinyin", "dept_id", "code", "ws_time", "es_time", "amp_time", "mp_time", "remark", "create_by", "create_at", "update_by", "update_at", "delete_at") VALUES (776, NULL, 'TM-H6000V', NULL, NULL, 'CG62', NULL, NULL, NULL, NULL, '小P', 1, '2019-12-15 23:55:52.776443', NULL, NULL, NULL);
INSERT INTO "public"."model"("id", "model_series_id", "name", "pinyin", "dept_id", "code", "ws_time", "es_time", "amp_time", "mp_time", "remark", "create_by", "create_at", "update_by", "update_at", "delete_at") VALUES (777, NULL, 'CTM-RX700', NULL, NULL, 'C596', NULL, NULL, NULL, NULL, '小P', 1, '2019-12-15 23:55:52.776443', NULL, NULL, NULL);
INSERT INTO "public"."model"("id", "model_series_id", "name", "pinyin", "dept_id", "code", "ws_time", "es_time", "amp_time", "mp_time", "remark", "create_by", "create_at", "update_by", "update_at", "delete_at") VALUES (778, NULL, 'GP-730', NULL, NULL, 'CD75', NULL, NULL, NULL, NULL, '小P', 1, '2019-12-15 23:55:52.776443', NULL, NULL, NULL);
INSERT INTO "public"."model"("id", "model_series_id", "name", "pinyin", "dept_id", "code", "ws_time", "es_time", "amp_time", "mp_time", "remark", "create_by", "create_at", "update_by", "update_at", "delete_at") VALUES (779, NULL, 'GP-C830', NULL, NULL, 'CC68', NULL, NULL, NULL, NULL, '小P', 1, '2019-12-15 23:55:52.776443', NULL, NULL, NULL);
INSERT INTO "public"."model"("id", "model_series_id", "name", "pinyin", "dept_id", "code", "ws_time", "es_time", "amp_time", "mp_time", "remark", "create_by", "create_at", "update_by", "update_at", "delete_at") VALUES (780, NULL, 'GP-M830', NULL, NULL, 'CC69', NULL, NULL, NULL, NULL, '小P', 1, '2019-12-15 23:55:52.776443', NULL, NULL, NULL);
INSERT INTO "public"."model"("id", "model_series_id", "name", "pinyin", "dept_id", "code", "ws_time", "es_time", "amp_time", "mp_time", "remark", "create_by", "create_at", "update_by", "update_at", "delete_at") VALUES (781, NULL, 'GP-1100', NULL, NULL, 'CD26', NULL, NULL, NULL, NULL, '小P', 1, '2019-12-15 23:55:52.776443', NULL, NULL, NULL);
INSERT INTO "public"."model"("id", "model_series_id", "name", "pinyin", "dept_id", "code", "ws_time", "es_time", "amp_time", "mp_time", "remark", "create_by", "create_at", "update_by", "update_at", "delete_at") VALUES (782, NULL, 'TM-C3400', NULL, NULL, 'CA26', NULL, NULL, NULL, NULL, '小P', 1, '2019-12-15 23:55:52.776443', NULL, NULL, NULL);
INSERT INTO "public"."model"("id", "model_series_id", "name", "pinyin", "dept_id", "code", "ws_time", "es_time", "amp_time", "mp_time", "remark", "create_by", "create_at", "update_by", "update_at", "delete_at") VALUES (783, NULL, 'TM-C3400-LT', NULL, NULL, 'CC35', NULL, NULL, NULL, NULL, '小P', 1, '2019-12-15 23:55:52.776443', NULL, NULL, NULL);
INSERT INTO "public"."model"("id", "model_series_id", "name", "pinyin", "dept_id", "code", "ws_time", "es_time", "amp_time", "mp_time", "remark", "create_by", "create_at", "update_by", "update_at", "delete_at") VALUES (784, NULL, 'TM-C3400BK', NULL, NULL, 'CA26', NULL, NULL, NULL, NULL, '小P', 1, '2019-12-15 23:55:52.776443', NULL, NULL, NULL);
INSERT INTO "public"."model"("id", "model_series_id", "name", "pinyin", "dept_id", "code", "ws_time", "es_time", "amp_time", "mp_time", "remark", "create_by", "create_at", "update_by", "update_at", "delete_at") VALUES (785, NULL, 'TM-C3500', NULL, NULL, 'CD54', NULL, NULL, NULL, NULL, '小P', 1, '2019-12-15 23:55:52.776443', NULL, NULL, NULL);
INSERT INTO "public"."model"("id", "model_series_id", "name", "pinyin", "dept_id", "code", "ws_time", "es_time", "amp_time", "mp_time", "remark", "create_by", "create_at", "update_by", "update_at", "delete_at") VALUES (628, NULL, 'T3', NULL, NULL, 'N03C', NULL, NULL, NULL, NULL, 'RS', 1, '2019-12-15 23:50:53.175831', NULL, NULL, NULL);
INSERT INTO "public"."model"("id", "model_series_id", "name", "pinyin", "dept_id", "code", "ws_time", "es_time", "amp_time", "mp_time", "remark", "create_by", "create_at", "update_by", "update_at", "delete_at") VALUES (629, NULL, 'T6', NULL, NULL, 'N03P', NULL, NULL, NULL, NULL, 'RS', 1, '2019-12-15 23:50:53.175831', NULL, NULL, NULL);
INSERT INTO "public"."model"("id", "model_series_id", "name", "pinyin", "dept_id", "code", "ws_time", "es_time", "amp_time", "mp_time", "remark", "create_by", "create_at", "update_by", "update_at", "delete_at") VALUES (630, NULL, 'VT6', NULL, NULL, 'N03T', NULL, NULL, NULL, NULL, 'RS', 1, '2019-12-15 23:50:53.175831', NULL, NULL, NULL);
INSERT INTO "public"."model"("id", "model_series_id", "name", "pinyin", "dept_id", "code", "ws_time", "es_time", "amp_time", "mp_time", "remark", "create_by", "create_at", "update_by", "update_at", "delete_at") VALUES (631, NULL, 'LQ-520K', NULL, NULL, 'CC25', NULL, NULL, NULL, NULL, '小P', 1, '2019-12-15 23:50:53.175831', NULL, NULL, NULL);
INSERT INTO "public"."model"("id", "model_series_id", "name", "pinyin", "dept_id", "code", "ws_time", "es_time", "amp_time", "mp_time", "remark", "create_by", "create_at", "update_by", "update_at", "delete_at") VALUES (632, NULL, 'PLQ-20', NULL, NULL, 'C560', NULL, NULL, NULL, NULL, '小P', 1, '2019-12-15 23:50:53.175831', NULL, NULL, NULL);
INSERT INTO "public"."model"("id", "model_series_id", "name", "pinyin", "dept_id", "code", "ws_time", "es_time", "amp_time", "mp_time", "remark", "create_by", "create_at", "update_by", "update_at", "delete_at") VALUES (633, NULL, 'PLQ-20K', NULL, NULL, 'C560', NULL, NULL, NULL, NULL, '小P', 1, '2019-12-15 23:50:53.175831', NULL, NULL, NULL);
INSERT INTO "public"."model"("id", "model_series_id", "name", "pinyin", "dept_id", "code", "ws_time", "es_time", "amp_time", "mp_time", "remark", "create_by", "create_at", "update_by", "update_at", "delete_at") VALUES (634, NULL, 'LQ-90KP', NULL, NULL, 'C560', NULL, NULL, NULL, NULL, '小P', 1, '2019-12-15 23:50:53.175831', NULL, NULL, NULL);
INSERT INTO "public"."model"("id", "model_series_id", "name", "pinyin", "dept_id", "code", "ws_time", "es_time", "amp_time", "mp_time", "remark", "create_by", "create_at", "update_by", "update_at", "delete_at") VALUES (635, NULL, 'LQ-82KF', NULL, NULL, 'CA39', NULL, NULL, NULL, NULL, '小P', 1, '2019-12-15 23:50:53.175831', NULL, NULL, NULL);
INSERT INTO "public"."model"("id", "model_series_id", "name", "pinyin", "dept_id", "code", "ws_time", "es_time", "amp_time", "mp_time", "remark", "create_by", "create_at", "update_by", "update_at", "delete_at") VALUES (636, NULL, 'LQ-730K', NULL, NULL, 'CA13', NULL, NULL, NULL, NULL, '小P', 1, '2019-12-15 23:50:53.175831', NULL, NULL, NULL);
INSERT INTO "public"."model"("id", "model_series_id", "name", "pinyin", "dept_id", "code", "ws_time", "es_time", "amp_time", "mp_time", "remark", "create_by", "create_at", "update_by", "update_at", "delete_at") VALUES (637, NULL, 'LQ-690K', NULL, NULL, 'CA13', NULL, NULL, NULL, NULL, '小P', 1, '2019-12-15 23:50:53.175831', NULL, NULL, NULL);
INSERT INTO "public"."model"("id", "model_series_id", "name", "pinyin", "dept_id", "code", "ws_time", "es_time", "amp_time", "mp_time", "remark", "create_by", "create_at", "update_by", "update_at", "delete_at") VALUES (638, NULL, 'LQ-106KF', NULL, NULL, 'CA13', NULL, NULL, NULL, NULL, '小P', 1, '2019-12-15 23:50:53.175831', NULL, NULL, NULL);
INSERT INTO "public"."model"("id", "model_series_id", "name", "pinyin", "dept_id", "code", "ws_time", "es_time", "amp_time", "mp_time", "remark", "create_by", "create_at", "update_by", "update_at", "delete_at") VALUES (639, NULL, 'LQ-136KWII', NULL, NULL, 'CF40', NULL, NULL, NULL, NULL, '小P', 1, '2019-12-15 23:50:53.175831', NULL, NULL, NULL);
INSERT INTO "public"."model"("id", "model_series_id", "name", "pinyin", "dept_id", "code", "ws_time", "es_time", "amp_time", "mp_time", "remark", "create_by", "create_at", "update_by", "update_at", "delete_at") VALUES (640, NULL, 'LQ-2680K', NULL, NULL, 'C684', NULL, NULL, NULL, NULL, '小P', 1, '2019-12-15 23:50:53.175831', NULL, NULL, NULL);
INSERT INTO "public"."model"("id", "model_series_id", "name", "pinyin", "dept_id", "code", "ws_time", "es_time", "amp_time", "mp_time", "remark", "create_by", "create_at", "update_by", "update_at", "delete_at") VALUES (641, NULL, 'LQ-300+II', NULL, NULL, 'C638', NULL, NULL, NULL, NULL, '小P', 1, '2019-12-15 23:50:53.175831', NULL, NULL, NULL);
INSERT INTO "public"."model"("id", "model_series_id", "name", "pinyin", "dept_id", "code", "ws_time", "es_time", "amp_time", "mp_time", "remark", "create_by", "create_at", "update_by", "update_at", "delete_at") VALUES (642, NULL, 'LQ-300K+II', NULL, NULL, 'C638', NULL, NULL, NULL, NULL, '小P', 1, '2019-12-15 23:50:53.175831', NULL, NULL, NULL);
INSERT INTO "public"."model"("id", "model_series_id", "name", "pinyin", "dept_id", "code", "ws_time", "es_time", "amp_time", "mp_time", "remark", "create_by", "create_at", "update_by", "update_at", "delete_at") VALUES (643, NULL, 'LQ-790K', NULL, NULL, 'CB95', NULL, NULL, NULL, NULL, '小P', 1, '2019-12-15 23:50:53.175831', NULL, NULL, NULL);
INSERT INTO "public"."model"("id", "model_series_id", "name", "pinyin", "dept_id", "code", "ws_time", "es_time", "amp_time", "mp_time", "remark", "create_by", "create_at", "update_by", "update_at", "delete_at") VALUES (644, NULL, 'M-T173H', NULL, NULL, 'D399', NULL, NULL, NULL, NULL, '小P', 1, '2019-12-15 23:50:53.175831', NULL, NULL, NULL);
INSERT INTO "public"."model"("id", "model_series_id", "name", "pinyin", "dept_id", "code", "ws_time", "es_time", "amp_time", "mp_time", "remark", "create_by", "create_at", "update_by", "update_at", "delete_at") VALUES (645, NULL, 'M-T173V', NULL, NULL, 'D400', NULL, NULL, NULL, NULL, '小P', 1, '2019-12-15 23:50:53.175831', NULL, NULL, NULL);
INSERT INTO "public"."model"("id", "model_series_id", "name", "pinyin", "dept_id", "code", "ws_time", "es_time", "amp_time", "mp_time", "remark", "create_by", "create_at", "update_by", "update_at", "delete_at") VALUES (646, NULL, 'M-T183', NULL, NULL, 'D386', NULL, NULL, NULL, NULL, '小P', 1, '2019-12-15 23:50:53.175831', NULL, NULL, NULL);
INSERT INTO "public"."model"("id", "model_series_id", "name", "pinyin", "dept_id", "code", "ws_time", "es_time", "amp_time", "mp_time", "remark", "create_by", "create_at", "update_by", "update_at", "delete_at") VALUES (647, NULL, 'M-150', NULL, NULL, 'D156', NULL, NULL, NULL, NULL, '小P', 1, '2019-12-15 23:50:53.175831', NULL, NULL, NULL);
INSERT INTO "public"."model"("id", "model_series_id", "name", "pinyin", "dept_id", "code", "ws_time", "es_time", "amp_time", "mp_time", "remark", "create_by", "create_at", "update_by", "update_at", "delete_at") VALUES (648, NULL, 'M-160', NULL, NULL, 'D157', NULL, NULL, NULL, NULL, '小P', 1, '2019-12-15 23:50:53.175831', NULL, NULL, NULL);
INSERT INTO "public"."model"("id", "model_series_id", "name", "pinyin", "dept_id", "code", "ws_time", "es_time", "amp_time", "mp_time", "remark", "create_by", "create_at", "update_by", "update_at", "delete_at") VALUES (649, NULL, 'M-163', NULL, NULL, 'D158', NULL, NULL, NULL, NULL, '小P', 1, '2019-12-15 23:50:53.175831', NULL, NULL, NULL);
INSERT INTO "public"."model"("id", "model_series_id", "name", "pinyin", "dept_id", "code", "ws_time", "es_time", "amp_time", "mp_time", "remark", "create_by", "create_at", "update_by", "update_at", "delete_at") VALUES (650, NULL, 'M-164', NULL, NULL, 'D159', NULL, NULL, NULL, NULL, '小P', 1, '2019-12-15 23:50:53.175831', NULL, NULL, NULL);
INSERT INTO "public"."model"("id", "model_series_id", "name", "pinyin", "dept_id", "code", "ws_time", "es_time", "amp_time", "mp_time", "remark", "create_by", "create_at", "update_by", "update_at", "delete_at") VALUES (651, NULL, 'M-260 ', NULL, NULL, 'D143', NULL, NULL, NULL, NULL, '小P', 1, '2019-12-15 23:50:53.175831', NULL, NULL, NULL);
INSERT INTO "public"."model"("id", "model_series_id", "name", "pinyin", "dept_id", "code", "ws_time", "es_time", "amp_time", "mp_time", "remark", "create_by", "create_at", "update_by", "update_at", "delete_at") VALUES (652, NULL, 'M-262', NULL, NULL, 'D144', NULL, NULL, NULL, NULL, '小P', 1, '2019-12-15 23:50:53.175831', NULL, NULL, NULL);
INSERT INTO "public"."model"("id", "model_series_id", "name", "pinyin", "dept_id", "code", "ws_time", "es_time", "amp_time", "mp_time", "remark", "create_by", "create_at", "update_by", "update_at", "delete_at") VALUES (653, NULL, 'M-260A', NULL, NULL, 'D152', NULL, NULL, NULL, NULL, '小P', 1, '2019-12-15 23:50:53.175831', NULL, NULL, NULL);
INSERT INTO "public"."model"("id", "model_series_id", "name", "pinyin", "dept_id", "code", "ws_time", "es_time", "amp_time", "mp_time", "remark", "create_by", "create_at", "update_by", "update_at", "delete_at") VALUES (654, NULL, 'M-262A ', NULL, NULL, 'D153', NULL, NULL, NULL, NULL, '小P', 1, '2019-12-15 23:50:53.175831', NULL, NULL, NULL);
INSERT INTO "public"."model"("id", "model_series_id", "name", "pinyin", "dept_id", "code", "ws_time", "es_time", "amp_time", "mp_time", "remark", "create_by", "create_at", "update_by", "update_at", "delete_at") VALUES (655, NULL, 'M-265 ', NULL, NULL, 'D146', NULL, NULL, NULL, NULL, '小P', 1, '2019-12-15 23:50:53.175831', NULL, NULL, NULL);
INSERT INTO "public"."model"("id", "model_series_id", "name", "pinyin", "dept_id", "code", "ws_time", "es_time", "amp_time", "mp_time", "remark", "create_by", "create_at", "update_by", "update_at", "delete_at") VALUES (656, NULL, 'M-267', NULL, NULL, 'D151', NULL, NULL, NULL, NULL, '小P', 1, '2019-12-15 23:50:53.175831', NULL, NULL, NULL);
INSERT INTO "public"."model"("id", "model_series_id", "name", "pinyin", "dept_id", "code", "ws_time", "es_time", "amp_time", "mp_time", "remark", "create_by", "create_at", "update_by", "update_at", "delete_at") VALUES (657, NULL, 'M-290', NULL, NULL, 'D128', NULL, NULL, NULL, NULL, '小P', 1, '2019-12-15 23:50:53.175831', NULL, NULL, NULL);
INSERT INTO "public"."model"("id", "model_series_id", "name", "pinyin", "dept_id", "code", "ws_time", "es_time", "amp_time", "mp_time", "remark", "create_by", "create_at", "update_by", "update_at", "delete_at") VALUES (658, NULL, 'TU-260', NULL, NULL, 'D322', NULL, NULL, NULL, NULL, '小P', 1, '2019-12-15 23:50:53.175831', NULL, NULL, NULL);
INSERT INTO "public"."model"("id", "model_series_id", "name", "pinyin", "dept_id", "code", "ws_time", "es_time", "amp_time", "mp_time", "remark", "create_by", "create_at", "update_by", "update_at", "delete_at") VALUES (659, NULL, 'M-180', NULL, NULL, 'D161', NULL, NULL, NULL, NULL, '小P', 1, '2019-12-15 23:50:53.175831', NULL, NULL, NULL);
INSERT INTO "public"."model"("id", "model_series_id", "name", "pinyin", "dept_id", "code", "ws_time", "es_time", "amp_time", "mp_time", "remark", "create_by", "create_at", "update_by", "update_at", "delete_at") VALUES (660, NULL, 'M-183 ', NULL, NULL, 'D164', NULL, NULL, NULL, NULL, '小P', 1, '2019-12-15 23:50:53.175831', NULL, NULL, NULL);
INSERT INTO "public"."model"("id", "model_series_id", "name", "pinyin", "dept_id", "code", "ws_time", "es_time", "amp_time", "mp_time", "remark", "create_by", "create_at", "update_by", "update_at", "delete_at") VALUES (661, NULL, 'M-186', NULL, NULL, 'D166', NULL, NULL, NULL, NULL, '小P', 1, '2019-12-15 23:50:53.175831', NULL, NULL, NULL);
INSERT INTO "public"."model"("id", "model_series_id", "name", "pinyin", "dept_id", "code", "ws_time", "es_time", "amp_time", "mp_time", "remark", "create_by", "create_at", "update_by", "update_at", "delete_at") VALUES (662, NULL, 'M-190 ', NULL, NULL, 'D015', NULL, NULL, NULL, NULL, '小P', 1, '2019-12-15 23:50:53.175831', NULL, NULL, NULL);
INSERT INTO "public"."model"("id", "model_series_id", "name", "pinyin", "dept_id", "code", "ws_time", "es_time", "amp_time", "mp_time", "remark", "create_by", "create_at", "update_by", "update_at", "delete_at") VALUES (663, NULL, 'M-195 ', NULL, NULL, 'D022', NULL, NULL, NULL, NULL, '小P', 1, '2019-12-15 23:50:53.175831', NULL, NULL, NULL);
INSERT INTO "public"."model"("id", "model_series_id", "name", "pinyin", "dept_id", "code", "ws_time", "es_time", "amp_time", "mp_time", "remark", "create_by", "create_at", "update_by", "update_at", "delete_at") VALUES (664, NULL, 'M-191', NULL, NULL, 'D024', NULL, NULL, NULL, NULL, '小P', 1, '2019-12-15 23:50:53.175831', NULL, NULL, NULL);
INSERT INTO "public"."model"("id", "model_series_id", "name", "pinyin", "dept_id", "code", "ws_time", "es_time", "amp_time", "mp_time", "remark", "create_by", "create_at", "update_by", "update_at", "delete_at") VALUES (786, NULL, 'TM-S1000', NULL, NULL, 'A266', NULL, NULL, NULL, NULL, '小P', 1, '2019-12-15 23:55:52.776443', NULL, NULL, NULL);
INSERT INTO "public"."model"("id", "model_series_id", "name", "pinyin", "dept_id", "code", "ws_time", "es_time", "amp_time", "mp_time", "remark", "create_by", "create_at", "update_by", "update_at", "delete_at") VALUES (787, NULL, 'TM-C7500', NULL, NULL, 'CD84', NULL, NULL, NULL, NULL, '小P', 1, '2019-12-15 23:55:52.776443', NULL, NULL, NULL);
INSERT INTO "public"."model"("id", "model_series_id", "name", "pinyin", "dept_id", "code", "ws_time", "es_time", "amp_time", "mp_time", "remark", "create_by", "create_at", "update_by", "update_at", "delete_at") VALUES (788, NULL, 'TM-L500', NULL, NULL, 'CB49', NULL, NULL, NULL, NULL, '小P', 1, '2019-12-15 23:55:52.776443', NULL, NULL, NULL);
INSERT INTO "public"."model"("id", "model_series_id", "name", "pinyin", "dept_id", "code", "ws_time", "es_time", "amp_time", "mp_time", "remark", "create_by", "create_at", "update_by", "update_at", "delete_at") VALUES (789, NULL, 'TM-S2000', NULL, NULL, 'A268', NULL, NULL, NULL, NULL, '小P', 1, '2019-12-15 23:55:52.776443', NULL, NULL, NULL);
INSERT INTO "public"."model"("id", "model_series_id", "name", "pinyin", "dept_id", "code", "ws_time", "es_time", "amp_time", "mp_time", "remark", "create_by", "create_at", "update_by", "update_at", "delete_at") VALUES (790, NULL, 'TMS2000II', NULL, NULL, 'CG60', NULL, NULL, NULL, NULL, '小P', 1, '2019-12-15 23:55:52.776443', NULL, NULL, NULL);
INSERT INTO "public"."model"("id", "model_series_id", "name", "pinyin", "dept_id", "code", "ws_time", "es_time", "amp_time", "mp_time", "remark", "create_by", "create_at", "update_by", "update_at", "delete_at") VALUES (791, NULL, 'TMS9000', NULL, NULL, 'A267', NULL, NULL, NULL, NULL, '小P', 1, '2019-12-15 23:55:52.776443', NULL, NULL, NULL);
INSERT INTO "public"."model"("id", "model_series_id", "name", "pinyin", "dept_id", "code", "ws_time", "es_time", "amp_time", "mp_time", "remark", "create_by", "create_at", "update_by", "update_at", "delete_at") VALUES (792, NULL, 'TMS9000II', NULL, NULL, 'CG59', NULL, NULL, NULL, NULL, '小P', 1, '2019-12-15 23:55:52.776443', NULL, NULL, NULL);
INSERT INTO "public"."model"("id", "model_series_id", "name", "pinyin", "dept_id", "code", "ws_time", "es_time", "amp_time", "mp_time", "remark", "create_by", "create_at", "update_by", "update_at", "delete_at") VALUES (793, NULL, 'TM-C700', NULL, NULL, 'CA91', NULL, NULL, NULL, NULL, '小P', 1, '2019-12-15 23:55:52.776443', NULL, NULL, NULL);
INSERT INTO "public"."model"("id", "model_series_id", "name", "pinyin", "dept_id", "code", "ws_time", "es_time", "amp_time", "mp_time", "remark", "create_by", "create_at", "update_by", "update_at", "delete_at") VALUES (794, NULL, 'TM-C800', NULL, NULL, 'CF90', NULL, NULL, NULL, NULL, '小P', 1, '2019-12-15 23:55:52.776443', NULL, NULL, NULL);
INSERT INTO "public"."model"("id", "model_series_id", "name", "pinyin", "dept_id", "code", "ws_time", "es_time", "amp_time", "mp_time", "remark", "create_by", "create_at", "update_by", "update_at", "delete_at") VALUES (795, NULL, 'PP-100N', NULL, NULL, 'CA31', NULL, NULL, NULL, NULL, '小P', 1, '2019-12-15 23:55:52.776443', NULL, NULL, NULL);
INSERT INTO "public"."model"("id", "model_series_id", "name", "pinyin", "dept_id", "code", "ws_time", "es_time", "amp_time", "mp_time", "remark", "create_by", "create_at", "update_by", "update_at", "delete_at") VALUES (796, NULL, 'PP-100AP', NULL, NULL, 'CA93', NULL, NULL, NULL, NULL, '小P', 1, '2019-12-15 23:55:52.776443', NULL, NULL, NULL);
INSERT INTO "public"."model"("id", "model_series_id", "name", "pinyin", "dept_id", "code", "ws_time", "es_time", "amp_time", "mp_time", "remark", "create_by", "create_at", "update_by", "update_at", "delete_at") VALUES (797, NULL, 'PP-50', NULL, NULL, 'CB72', NULL, NULL, NULL, NULL, '小P', 1, '2019-12-15 23:55:52.776443', NULL, NULL, NULL);
INSERT INTO "public"."model"("id", "model_series_id", "name", "pinyin", "dept_id", "code", "ws_time", "es_time", "amp_time", "mp_time", "remark", "create_by", "create_at", "update_by", "update_at", "delete_at") VALUES (798, NULL, 'PP-100II', NULL, NULL, 'CD37', NULL, NULL, NULL, NULL, '小P', 1, '2019-12-15 23:55:52.776443', NULL, NULL, NULL);
INSERT INTO "public"."model"("id", "model_series_id", "name", "pinyin", "dept_id", "code", "ws_time", "es_time", "amp_time", "mp_time", "remark", "create_by", "create_at", "update_by", "update_at", "delete_at") VALUES (799, NULL, 'PP-100III', NULL, NULL, 'CH40', NULL, NULL, NULL, NULL, '小P', 1, '2019-12-15 23:55:52.776443', NULL, NULL, NULL);
INSERT INTO "public"."model"("id", "model_series_id", "name", "pinyin", "dept_id", "code", "ws_time", "es_time", "amp_time", "mp_time", "remark", "create_by", "create_at", "update_by", "update_at", "delete_at") VALUES (800, NULL, 'PP-50II', NULL, NULL, 'CH41', NULL, NULL, NULL, NULL, '小P', 1, '2019-12-15 23:55:52.776443', NULL, NULL, NULL);
INSERT INTO "public"."model"("id", "model_series_id", "name", "pinyin", "dept_id", "code", "ws_time", "es_time", "amp_time", "mp_time", "remark", "create_by", "create_at", "update_by", "update_at", "delete_at") VALUES (801, NULL, 'TM-L90', NULL, NULL, 'C412', NULL, NULL, NULL, NULL, '小P', 1, '2019-12-15 23:55:52.776443', NULL, NULL, NULL);
INSERT INTO "public"."model"("id", "model_series_id", "name", "pinyin", "dept_id", "code", "ws_time", "es_time", "amp_time", "mp_time", "remark", "create_by", "create_at", "update_by", "update_at", "delete_at") VALUES (802, NULL, 'TM-L90P', NULL, NULL, 'C414', NULL, NULL, NULL, NULL, '小P', 1, '2019-12-15 23:55:52.776443', NULL, NULL, NULL);
INSERT INTO "public"."model"("id", "model_series_id", "name", "pinyin", "dept_id", "code", "ws_time", "es_time", "amp_time", "mp_time", "remark", "create_by", "create_at", "update_by", "update_at", "delete_at") VALUES (803, NULL, 'TM-T90', NULL, NULL, 'C390', NULL, NULL, NULL, NULL, '小P', 1, '2019-12-15 23:55:52.776443', NULL, NULL, NULL);
INSERT INTO "public"."model"("id", "model_series_id", "name", "pinyin", "dept_id", "code", "ws_time", "es_time", "amp_time", "mp_time", "remark", "create_by", "create_at", "update_by", "update_at", "delete_at") VALUES (804, NULL, 'TM-T90II', NULL, NULL, 'CD39', NULL, NULL, NULL, NULL, '小P', 1, '2019-12-15 23:55:52.776443', NULL, NULL, NULL);
INSERT INTO "public"."model"("id", "model_series_id", "name", "pinyin", "dept_id", "code", "ws_time", "es_time", "amp_time", "mp_time", "remark", "create_by", "create_at", "update_by", "update_at", "delete_at") VALUES (813, NULL, '机种1', NULL, 5, 'H919,H921', NULL, NULL, NULL, NULL, '', 1, '2019-12-16 00:01:26.067239', NULL, NULL, NULL);
INSERT INTO "public"."model"("id", "model_series_id", "name", "pinyin", "dept_id", "code", "ws_time", "es_time", "amp_time", "mp_time", "remark", "create_by", "create_at", "update_by", "update_at", "delete_at") VALUES (814, NULL, '机种2', NULL, 5, 'H922,H956', NULL, NULL, NULL, NULL, '', 1, '2019-12-16 00:01:39.770459', NULL, NULL, NULL);
INSERT INTO "public"."model"("id", "model_series_id", "name", "pinyin", "dept_id", "code", "ws_time", "es_time", "amp_time", "mp_time", "remark", "create_by", "create_at", "update_by", "update_at", "delete_at") VALUES (815, NULL, 'DUCT PUMP,UNIT,4,CH74', NULL, 6, '1816975-**', NULL, NULL, NULL, NULL, NULL, NULL, '2019-12-16 00:06:59.024882', NULL, NULL, NULL);
