INSERT INTO "public"."basic_staff"("id", "job_id", "dept_id", "user_id", "code", "name", "pinyin", "gender", "mobilephone", "status", "remark", "employment_date", "email", "job_number", "create_by", "create_at", "update_by", "update_at", "delete_at") VALUES (24, NULL, 5, 45, 'CN011051', '谭波', 'tanbo', NULL, '8832', NULL, NULL, '2019-12-15', 'tan.bo@esl.epson.com.hk', 'CN011051', 1, '2019-12-15 23:01:03.81', NULL, '2019-12-15 23:01:03.81', NULL);
INSERT INTO "public"."basic_staff"("id", "job_id", "dept_id", "user_id", "code", "name", "pinyin", "gender", "mobilephone", "status", "remark", "employment_date", "email", "job_number", "create_by", "create_at", "update_by", "update_at", "delete_at") VALUES (25, NULL, 5, 46, 'CN004859', '施忠', 'shizhong', NULL, '8634', NULL, NULL, '2019-12-15', 'shi.zhong@esl.epson.com.hk', 'CN004859', 1, '2019-12-15 23:01:03.81', NULL, '2019-12-15 23:01:03.81', NULL);
INSERT INTO "public"."basic_staff"("id", "job_id", "dept_id", "user_id", "code", "name", "pinyin", "gender", "mobilephone", "status", "remark", "employment_date", "email", "job_number", "create_by", "create_at", "update_by", "update_at", "delete_at") VALUES (26, NULL, 5, 47, 'CN003108', '刘秀兰', 'liuxiulan', NULL, '8634', NULL, NULL, '2019-12-15', 'liu.xiu.lan@esl.epson.com.hk', 'CN003108', 1, '2019-12-15 23:01:03.81', NULL, '2019-12-15 23:01:03.81', NULL);
INSERT INTO "public"."basic_staff"("id", "job_id", "dept_id", "user_id", "code", "name", "pinyin", "gender", "mobilephone", "status", "remark", "employment_date", "email", "job_number", "create_by", "create_at", "update_by", "update_at", "delete_at") VALUES (27, NULL, 5, 48, 'CN004447', '聂丽梅', 'nielimei', NULL, '8634', NULL, NULL, '2019-12-15', 'nie.li.mei@esl.epson.com.hk', 'CN004447', 1, '2019-12-15 23:01:03.81', NULL, '2019-12-15 23:01:03.81', NULL);
INSERT INTO "public"."sys_user"("id", "dept_id", "username", "password", "salt", "email", "mobile", "status", "create_by", "create_at", "update_by", "update_at", "delete_at") VALUES (45, 5, 'CN011051', '7d0ec1bcc916e97f9e6392efeee74e6862f566613e7457c710d9862b5a3751e2', 'YzcmCZNvbXocrsz9dm8e', 'tanbo@es.com', '', 1, 1, '2019-12-15 23:01:03.781', NULL, NULL, NULL);
INSERT INTO "public"."sys_user"("id", "dept_id", "username", "password", "salt", "email", "mobile", "status", "create_by", "create_at", "update_by", "update_at", "delete_at") VALUES (46, 5, 'CN004859', '7d0ec1bcc916e97f9e6392efeee74e6862f566613e7457c710d9862b5a3751e2', 'YzcmCZNvbXocrsz9dm8e', 'shi.zhong@esl.epson.com.hk', '', 1, 1, '2019-12-15 23:01:03.781', NULL, NULL, NULL);
INSERT INTO "public"."sys_user"("id", "dept_id", "username", "password", "salt", "email", "mobile", "status", "create_by", "create_at", "update_by", "update_at", "delete_at") VALUES (47, 5, 'CN003108', '7d0ec1bcc916e97f9e6392efeee74e6862f566613e7457c710d9862b5a3751e2', 'YzcmCZNvbXocrsz9dm8e', 'liu.xiu.lan@esl.epson.com.hk', '', 1, 1, '2019-12-15 23:01:03.781', NULL, NULL, NULL);
INSERT INTO "public"."sys_user"("id", "dept_id", "username", "password", "salt", "email", "mobile", "status", "create_by", "create_at", "update_by", "update_at", "delete_at") VALUES (48, 5, 'CN004447', '7d0ec1bcc916e97f9e6392efeee74e6862f566613e7457c710d9862b5a3751e2', 'YzcmCZNvbXocrsz9dm8e', 'nie.li.mei@esl.epson.com.hk', '', 1, 1, '2019-12-15 23:01:03.781', NULL, NULL, NULL);
INSERT INTO "public"."sys_user_role"("id", "user_id", "role_id") VALUES (26, 45, 15);
INSERT INTO "public"."sys_user_role"("id", "user_id", "role_id") VALUES (27, 46, 15);
INSERT INTO "public"."sys_user_role"("id", "user_id", "role_id") VALUES (28, 47, 15);
INSERT INTO "public"."sys_user_role"("id", "user_id", "role_id") VALUES (29, 48, 15);

INSERT INTO "public"."basic_staff"("id", "job_id", "dept_id", "user_id", "code", "name", "pinyin", "gender", "mobilephone", "status", "remark", "employment_date", "email", "job_number", "create_by", "create_at", "update_by", "update_at", "delete_at") VALUES (28, NULL, 4, 49, 'E000015822', '庞素英', 'pangsuying', NULL, '8471', NULL, NULL, '2019-12-15', 'Pang.Su.Ying@esl.epson.com.hk', 'E000015822', 1, '2019-12-15 23:01:03.81', NULL, '2019-12-15 23:01:03.81', NULL);
INSERT INTO "public"."basic_staff"("id", "job_id", "dept_id", "user_id", "code", "name", "pinyin", "gender", "mobilephone", "status", "remark", "employment_date", "email", "job_number", "create_by", "create_at", "update_by", "update_at", "delete_at") VALUES (29, NULL, 4, 50, 'E000032041', '黄秀莉', 'huangxiuli', NULL, '8477', NULL, NULL, '2019-12-15', 'Huang.Xiu.Li@esl.epson.com.hk', 'E000032041', 1, '2019-12-15 23:01:03.81', NULL, '2019-12-15 23:01:03.81', NULL);
INSERT INTO "public"."basic_staff"("id", "job_id", "dept_id", "user_id", "code", "name", "pinyin", "gender", "mobilephone", "status", "remark", "employment_date", "email", "job_number", "create_by", "create_at", "update_by", "update_at", "delete_at") VALUES (30, NULL, 4, 51, 'E000009064', '刘玉春', 'liuyuchun', NULL, '8323', NULL, NULL, '2019-12-15', 'Liu.Yu.Chun@esl.epson.com.hk', 'E000009064', 1, '2019-12-15 23:01:03.81', NULL, '2019-12-15 23:01:03.81', NULL);
INSERT INTO "public"."basic_staff"("id", "job_id", "dept_id", "user_id", "code", "name", "pinyin", "gender", "mobilephone", "status", "remark", "employment_date", "email", "job_number", "create_by", "create_at", "update_by", "update_at", "delete_at") VALUES (31, NULL, 4, 52, 'E000015577', '沈繁华', 'shenfanhua', NULL, '8453', NULL, NULL, '2019-12-15', 'Shen.Fan.Hua@esl.epson.com.hk', 'E000015577', 1, '2019-12-15 23:01:03.81', NULL, '2019-12-15 23:01:03.81', NULL);
INSERT INTO "public"."basic_staff"("id", "job_id", "dept_id", "user_id", "code", "name", "pinyin", "gender", "mobilephone", "status", "remark", "employment_date", "email", "job_number", "create_by", "create_at", "update_by", "update_at", "delete_at") VALUES (32, NULL, 4, 53, 'E000029363', '李蝶', 'lidie', NULL, '8212', NULL, NULL, '2019-12-15', 'Li.Die@esl.epson.com.hk', 'E000029363', 1, '2019-12-15 23:01:03.81', NULL, '2019-12-15 23:01:03.81', NULL);
INSERT INTO "public"."basic_staff"("id", "job_id", "dept_id", "user_id", "code", "name", "pinyin", "gender", "mobilephone", "status", "remark", "employment_date", "email", "job_number", "create_by", "create_at", "update_by", "update_at", "delete_at") VALUES (33, NULL, 4, 54, 'E000036270', '罗纳', 'luona', NULL, '8453', NULL, NULL, '2019-12-15', 'Luo.Na@esl.epson.com.hk', 'E000036270', 1, '2019-12-15 23:01:03.81', NULL, '2019-12-15 23:01:03.81', NULL);
INSERT INTO "public"."basic_staff"("id", "job_id", "dept_id", "user_id", "code", "name", "pinyin", "gender", "mobilephone", "status", "remark", "employment_date", "email", "job_number", "create_by", "create_at", "update_by", "update_at", "delete_at") VALUES (34, NULL, 4, 55, 'E000036404', '雷佳丽', 'leijiali', NULL, '8453', NULL, NULL, '2019-12-15', 'Lei.Jia.Li@esl.epson.com.hk', 'E000036404', 1, '2019-12-15 23:01:03.81', NULL, '2019-12-15 23:01:03.81', NULL);
INSERT INTO "public"."basic_staff"("id", "job_id", "dept_id", "user_id", "code", "name", "pinyin", "gender", "mobilephone", "status", "remark", "employment_date", "email", "job_number", "create_by", "create_at", "update_by", "update_at", "delete_at") VALUES (35, NULL, 4, 56, 'E000037271', '孟辞红', 'mengcihong', NULL, '8453', NULL, NULL, '2019-12-15', 'Meng.Ci.Hong@esl.epson.com.hk', 'E000037271', 1, '2019-12-15 23:01:03.81', NULL, '2019-12-15 23:01:03.81', NULL);
INSERT INTO "public"."basic_staff"("id", "job_id", "dept_id", "user_id", "code", "name", "pinyin", "gender", "mobilephone", "status", "remark", "employment_date", "email", "job_number", "create_by", "create_at", "update_by", "update_at", "delete_at") VALUES (36, NULL, 4, 57, 'E000047078', '陆善丹', 'luxiangdan', NULL, '8212', NULL, NULL, '2019-12-15', 'Lu.Shan.Dan@esl.epson.com.hk', 'E000047078', 1, '2019-12-15 23:01:03.81', NULL, '2019-12-15 23:01:03.81', NULL);
INSERT INTO "public"."basic_staff"("id", "job_id", "dept_id", "user_id", "code", "name", "pinyin", "gender", "mobilephone", "status", "remark", "employment_date", "email", "job_number", "create_by", "create_at", "update_by", "update_at", "delete_at") VALUES (37, NULL, 4, 58, 'E000058287', '向美奥', 'xiangmeiao', NULL, '8212', NULL, NULL, '2019-12-15', 'Xiang.Mei.Ao@esl.epson.com.hk', 'E000058287', 1, '2019-12-15 23:01:03.81', NULL, '2019-12-15 23:01:03.81', NULL);
INSERT INTO "public"."basic_staff"("id", "job_id", "dept_id", "user_id", "code", "name", "pinyin", "gender", "mobilephone", "status", "remark", "employment_date", "email", "job_number", "create_by", "create_at", "update_by", "update_at", "delete_at") VALUES (38, NULL, 4, 59, 'E000058841', '潘丽丽', 'panlili', NULL, '8450', NULL, NULL, '2019-12-15', 'Pan.Li.Li@esl.epson.com.hk', 'E000058841', 1, '2019-12-15 23:01:03.81', NULL, '2019-12-15 23:01:03.81', NULL);
INSERT INTO "public"."basic_staff"("id", "job_id", "dept_id", "user_id", "code", "name", "pinyin", "gender", "mobilephone", "status", "remark", "employment_date", "email", "job_number", "create_by", "create_at", "update_by", "update_at", "delete_at") VALUES (39, NULL, 4, 60, 'E000020497', '张小凤', 'zhangxiaofeng', NULL, '8429', NULL, NULL, '2019-12-15', 'Zhang.Xiao.Feng@esl.epson.com.hk', 'E000020497', 1, '2019-12-15 23:01:03.81', NULL, '2019-12-15 23:01:03.81', NULL);
INSERT INTO "public"."basic_staff"("id", "job_id", "dept_id", "user_id", "code", "name", "pinyin", "gender", "mobilephone", "status", "remark", "employment_date", "email", "job_number", "create_by", "create_at", "update_by", "update_at", "delete_at") VALUES (40, NULL, 4, 61, 'E000060049', '刘竟', 'liujing', NULL, '8429', NULL, NULL, '2019-12-15', 'Liu.Jing@esl.epson.com.hk', 'E000060049', 1, '2019-12-15 23:01:03.81', NULL, '2019-12-15 23:01:03.81', NULL);
INSERT INTO "public"."sys_user"("id", "dept_id", "username", "password", "salt", "email", "mobile", "status", "create_by", "create_at", "update_by", "update_at", "delete_at") VALUES (49, 4, 'E000015822', '7d0ec1bcc916e97f9e6392efeee74e6862f566613e7457c710d9862b5a3751e2', 'YzcmCZNvbXocrsz9dm8e', 'Pang.Su.Ying@esl.epson.com.hk', '', 1, 1, '2019-12-15 23:01:03.781', NULL, NULL, NULL);
INSERT INTO "public"."sys_user"("id", "dept_id", "username", "password", "salt", "email", "mobile", "status", "create_by", "create_at", "update_by", "update_at", "delete_at") VALUES (50, 4, 'E000032041', '7d0ec1bcc916e97f9e6392efeee74e6862f566613e7457c710d9862b5a3751e2', 'YzcmCZNvbXocrsz9dm8e', 'Huang.Xiu.Li@esl.epson.com.hk', '', 1, 1, '2019-12-15 23:01:03.781', NULL, NULL, NULL);
INSERT INTO "public"."sys_user"("id", "dept_id", "username", "password", "salt", "email", "mobile", "status", "create_by", "create_at", "update_by", "update_at", "delete_at") VALUES (51, 4, 'E000009064', '7d0ec1bcc916e97f9e6392efeee74e6862f566613e7457c710d9862b5a3751e2', 'YzcmCZNvbXocrsz9dm8e', 'Liu.Yu.Chun@esl.epson.com.hk', '', 1, 1, '2019-12-15 23:01:03.781', NULL, NULL, NULL);
INSERT INTO "public"."sys_user"("id", "dept_id", "username", "password", "salt", "email", "mobile", "status", "create_by", "create_at", "update_by", "update_at", "delete_at") VALUES (52, 4, 'E000015577', '7d0ec1bcc916e97f9e6392efeee74e6862f566613e7457c710d9862b5a3751e2', 'YzcmCZNvbXocrsz9dm8e', 'Shen.Fan.Hua@esl.epson.com.hk', '', 1, 1, '2019-12-15 23:01:03.781', NULL, NULL, NULL);
INSERT INTO "public"."sys_user"("id", "dept_id", "username", "password", "salt", "email", "mobile", "status", "create_by", "create_at", "update_by", "update_at", "delete_at") VALUES (53, 4, 'E000029363', '7d0ec1bcc916e97f9e6392efeee74e6862f566613e7457c710d9862b5a3751e2', 'YzcmCZNvbXocrsz9dm8e', 'Li.Die@esl.epson.com.hk', '', 1, 1, '2019-12-15 23:01:03.781', NULL, NULL, NULL);
INSERT INTO "public"."sys_user"("id", "dept_id", "username", "password", "salt", "email", "mobile", "status", "create_by", "create_at", "update_by", "update_at", "delete_at") VALUES (54, 4, 'E000036270', '7d0ec1bcc916e97f9e6392efeee74e6862f566613e7457c710d9862b5a3751e2', 'YzcmCZNvbXocrsz9dm8e', 'Luo.Na@esl.epson.com.hk', '', 1, 1, '2019-12-15 23:01:03.781', NULL, NULL, NULL);
INSERT INTO "public"."sys_user"("id", "dept_id", "username", "password", "salt", "email", "mobile", "status", "create_by", "create_at", "update_by", "update_at", "delete_at") VALUES (55, 4, 'E000036404', '7d0ec1bcc916e97f9e6392efeee74e6862f566613e7457c710d9862b5a3751e2', 'YzcmCZNvbXocrsz9dm8e', 'Lei.Jia.Li@esl.epson.com.hk', '', 1, 1, '2019-12-15 23:01:03.781', NULL, NULL, NULL);
INSERT INTO "public"."sys_user"("id", "dept_id", "username", "password", "salt", "email", "mobile", "status", "create_by", "create_at", "update_by", "update_at", "delete_at") VALUES (56, 4, 'E000037271', '7d0ec1bcc916e97f9e6392efeee74e6862f566613e7457c710d9862b5a3751e2', 'YzcmCZNvbXocrsz9dm8e', 'Meng.Ci.Hong@esl.epson.com.hk', '', 1, 1, '2019-12-15 23:01:03.781', NULL, NULL, NULL);
INSERT INTO "public"."sys_user"("id", "dept_id", "username", "password", "salt", "email", "mobile", "status", "create_by", "create_at", "update_by", "update_at", "delete_at") VALUES (57, 4, 'E000047078', '7d0ec1bcc916e97f9e6392efeee74e6862f566613e7457c710d9862b5a3751e2', 'YzcmCZNvbXocrsz9dm8e', 'Lu.Shan.Dan@esl.epson.com.hk', '', 1, 1, '2019-12-15 23:01:03.781', NULL, NULL, NULL);
INSERT INTO "public"."sys_user"("id", "dept_id", "username", "password", "salt", "email", "mobile", "status", "create_by", "create_at", "update_by", "update_at", "delete_at") VALUES (58, 4, 'E000058287', '7d0ec1bcc916e97f9e6392efeee74e6862f566613e7457c710d9862b5a3751e2', 'YzcmCZNvbXocrsz9dm8e', 'Xiang.Mei.Ao@esl.epson.com.hk', '', 1, 1, '2019-12-15 23:01:03.781', NULL, NULL, NULL);
INSERT INTO "public"."sys_user"("id", "dept_id", "username", "password", "salt", "email", "mobile", "status", "create_by", "create_at", "update_by", "update_at", "delete_at") VALUES (59, 4, 'E000058841', '7d0ec1bcc916e97f9e6392efeee74e6862f566613e7457c710d9862b5a3751e2', 'YzcmCZNvbXocrsz9dm8e', 'Pan.Li.Li@esl.epson.com.hk', '', 1, 1, '2019-12-15 23:01:03.781', NULL, NULL, NULL);
INSERT INTO "public"."sys_user"("id", "dept_id", "username", "password", "salt", "email", "mobile", "status", "create_by", "create_at", "update_by", "update_at", "delete_at") VALUES (60, 4, 'E000020497', '7d0ec1bcc916e97f9e6392efeee74e6862f566613e7457c710d9862b5a3751e2', 'YzcmCZNvbXocrsz9dm8e', 'Zhang.Xiao.Feng@esl.epson.com.hk', '', 1, 1, '2019-12-15 23:01:03.781', NULL, NULL, NULL);
INSERT INTO "public"."sys_user"("id", "dept_id", "username", "password", "salt", "email", "mobile", "status", "create_by", "create_at", "update_by", "update_at", "delete_at") VALUES (61, 4, 'E000060049', '7d0ec1bcc916e97f9e6392efeee74e6862f566613e7457c710d9862b5a3751e2', 'YzcmCZNvbXocrsz9dm8e', 'Liu.Jing@esl.epson.com.hk', '', 1, 1, '2019-12-15 23:01:03.781', NULL, NULL, NULL);

INSERT INTO "public"."sys_user_role"("id", "user_id", "role_id") VALUES (30, 49, 15);
INSERT INTO "public"."sys_user_role"("id", "user_id", "role_id") VALUES (31, 50, 15);
INSERT INTO "public"."sys_user_role"("id", "user_id", "role_id") VALUES (32, 51, 15);
INSERT INTO "public"."sys_user_role"("id", "user_id", "role_id") VALUES (33, 52, 15);
INSERT INTO "public"."sys_user_role"("id", "user_id", "role_id") VALUES (34, 53, 15);
INSERT INTO "public"."sys_user_role"("id", "user_id", "role_id") VALUES (35, 54, 15);
INSERT INTO "public"."sys_user_role"("id", "user_id", "role_id") VALUES (36, 55, 15);
INSERT INTO "public"."sys_user_role"("id", "user_id", "role_id") VALUES (37, 56, 15);
INSERT INTO "public"."sys_user_role"("id", "user_id", "role_id") VALUES (38, 57, 15);
INSERT INTO "public"."sys_user_role"("id", "user_id", "role_id") VALUES (39, 58, 15);
INSERT INTO "public"."sys_user_role"("id", "user_id", "role_id") VALUES (40, 59, 15);
INSERT INTO "public"."sys_user_role"("id", "user_id", "role_id") VALUES (41, 60, 15);
INSERT INTO "public"."sys_user_role"("id", "user_id", "role_id") VALUES (42, 61, 15);

INSERT INTO "public"."basic_staff"("id", "job_id", "dept_id", "user_id", "code", "name", "pinyin", "gender", "mobilephone", "status", "remark", "employment_date", "email", "job_number", "create_by", "create_at", "update_by", "update_at", "delete_at") VALUES (41, NULL, 6, 62, 'E000037184', '叶贵平', 'yeguiping', NULL, '8190', NULL, NULL, '2019-12-15', 'Ye.Gui.Ping@esl.epson.com.hk', 'E000037184', 1, '2019-12-15 23:01:03.81', NULL, '2019-12-15 23:01:03.81', NULL);
INSERT INTO "public"."basic_staff"("id", "job_id", "dept_id", "user_id", "code", "name", "pinyin", "gender", "mobilephone", "status", "remark", "employment_date", "email", "job_number", "create_by", "create_at", "update_by", "update_at", "delete_at") VALUES (42, NULL, 6, 63, 'E000069875', '俸良华', 'fenglianghua', NULL, '8190', NULL, NULL, '2019-12-15', 'Feng.Liang.Hua@esl.epson.com.hk', 'E000069875', 1, '2019-12-15 23:01:03.81', NULL, '2019-12-15 23:01:03.81', NULL);
INSERT INTO "public"."basic_staff"("id", "job_id", "dept_id", "user_id", "code", "name", "pinyin", "gender", "mobilephone", "status", "remark", "employment_date", "email", "job_number", "create_by", "create_at", "update_by", "update_at", "delete_at") VALUES (43, NULL, 6, 64, 'E00007261', '郑华军', 'zhenghuajun', NULL, '8279', NULL, NULL, '2019-12-15', 'Zheng.Hua.Jun@esl.epson.com.hk', 'E00007261', 1, '2019-12-15 23:01:03.81', NULL, '2019-12-15 23:01:03.81', NULL);
INSERT INTO "public"."basic_staff"("id", "job_id", "dept_id", "user_id", "code", "name", "pinyin", "gender", "mobilephone", "status", "remark", "employment_date", "email", "job_number", "create_by", "create_at", "update_by", "update_at", "delete_at") VALUES (44, NULL, 6, 65, 'E000016395', '张代新', 'zhangdaixin', NULL, '8190', NULL, NULL, '2019-12-15', 'Zhang.Dai.Xin@esl.epson.com.hk', 'E000016395', 1, '2019-12-15 23:01:03.81', NULL, '2019-12-15 23:01:03.81', NULL);
INSERT INTO "public"."basic_staff"("id", "job_id", "dept_id", "user_id", "code", "name", "pinyin", "gender", "mobilephone", "status", "remark", "employment_date", "email", "job_number", "create_by", "create_at", "update_by", "update_at", "delete_at") VALUES (45, NULL, 6, 66, 'E000017558', '黄春龙', 'huangchunlong', NULL, '8542', NULL, NULL, '2019-12-15', 'Huang.Chun.Long@esl.epson.com.hk', 'E000017558', 1, '2019-12-15 23:01:03.81', NULL, '2019-12-15 23:01:03.81', NULL);
select setval('basic_staff_id_seq',45);
INSERT INTO "public"."sys_user"("id", "dept_id", "username", "password", "salt", "email", "mobile", "status", "create_by", "create_at", "update_by", "update_at", "delete_at") VALUES (62, 6, 'E000037184', '7d0ec1bcc916e97f9e6392efeee74e6862f566613e7457c710d9862b5a3751e2', 'YzcmCZNvbXocrsz9dm8e', 'Ye.Gui.Ping@esl.epson.com.hk', '', 1, 1, '2019-12-15 23:01:03.781', NULL, NULL, NULL);
INSERT INTO "public"."sys_user"("id", "dept_id", "username", "password", "salt", "email", "mobile", "status", "create_by", "create_at", "update_by", "update_at", "delete_at") VALUES (63, 6, 'E000069875', '7d0ec1bcc916e97f9e6392efeee74e6862f566613e7457c710d9862b5a3751e2', 'YzcmCZNvbXocrsz9dm8e', 'Feng.Liang.Hua@esl.epson.com.hk', '', 1, 1, '2019-12-15 23:01:03.781', NULL, NULL, NULL);
INSERT INTO "public"."sys_user"("id", "dept_id", "username", "password", "salt", "email", "mobile", "status", "create_by", "create_at", "update_by", "update_at", "delete_at") VALUES (64, 6, 'E00007261', '7d0ec1bcc916e97f9e6392efeee74e6862f566613e7457c710d9862b5a3751e2', 'YzcmCZNvbXocrsz9dm8e', 'Zheng.Hua.Jun@esl.epson.com.hk', '', 1, 1, '2019-12-15 23:01:03.781', NULL, NULL, NULL);
INSERT INTO "public"."sys_user"("id", "dept_id", "username", "password", "salt", "email", "mobile", "status", "create_by", "create_at", "update_by", "update_at", "delete_at") VALUES (65, 6, 'E000016395', '7d0ec1bcc916e97f9e6392efeee74e6862f566613e7457c710d9862b5a3751e2', 'YzcmCZNvbXocrsz9dm8e', 'Zhang.Dai.Xin@esl.epson.com.hk', '', 1, 1, '2019-12-15 23:01:03.781', NULL, NULL, NULL);
INSERT INTO "public"."sys_user"("id", "dept_id", "username", "password", "salt", "email", "mobile", "status", "create_by", "create_at", "update_by", "update_at", "delete_at") VALUES (66, 6, 'E000017558', '7d0ec1bcc916e97f9e6392efeee74e6862f566613e7457c710d9862b5a3751e2', 'YzcmCZNvbXocrsz9dm8e', 'Huang.Chun.Long@esl.epson.com.hk', '', 1, 1, '2019-12-15 23:01:03.781', NULL, NULL, NULL);

INSERT INTO "public"."sys_user_role"("id", "user_id", "role_id") VALUES (43, 62, 15);
INSERT INTO "public"."sys_user_role"("id", "user_id", "role_id") VALUES (44, 63, 15);
INSERT INTO "public"."sys_user_role"("id", "user_id", "role_id") VALUES (45, 64, 15);
INSERT INTO "public"."sys_user_role"("id", "user_id", "role_id") VALUES (46, 65, 15);
INSERT INTO "public"."sys_user_role"("id", "user_id", "role_id") VALUES (47, 66, 15);
select setval('sys_user_role_id_seq',47);

INSERT INTO "public"."model"("id", "model_series_id", "name", "pinyin", "dept_id", "code", "ws_time", "es_time", "amp_time", "mp_time", "remark", "create_by", "create_at", "update_by", "update_at", "delete_at") VALUES (457, 1, 'Bossa-AD', NULL, 4, 'CE44', NULL, NULL, NULL, NULL, '大P', 1, '2019-12-15 23:42:00.887046', NULL, NULL, NULL);
INSERT INTO "public"."model"("id", "model_series_id", "name", "pinyin", "dept_id", "code", "ws_time", "es_time", "amp_time", "mp_time", "remark", "create_by", "create_at", "update_by", "update_at", "delete_at") VALUES (458, 1, 'Samba-AD', NULL, 4, 'CE45', NULL, NULL, NULL, NULL, '大P', 1, '2019-12-15 23:46:32.643453', NULL, NULL, NULL);
INSERT INTO "public"."model"("id", "model_series_id", "name", "pinyin", "dept_id", "code", "ws_time", "es_time", "amp_time", "mp_time", "remark", "create_by", "create_at", "update_by", "update_at", "delete_at") VALUES (459, 1, 'Hilo-AD', NULL, 4, 'CE46', NULL, NULL, NULL, NULL, '大P', 1, '2019-12-15 23:46:32.643453', NULL, NULL, NULL);
INSERT INTO "public"."model"("id", "model_series_id", "name", "pinyin", "dept_id", "code", "ws_time", "es_time", "amp_time", "mp_time", "remark", "create_by", "create_at", "update_by", "update_at", "delete_at") VALUES (460, 2, 'Bossanova-EM', NULL, 4, 'CD00', NULL, NULL, NULL, NULL, '大P', 1, '2019-12-15 23:46:32.643453', NULL, NULL, NULL);
INSERT INTO "public"."model"("id", "model_series_id", "name", "pinyin", "dept_id", "code", "ws_time", "es_time", "amp_time", "mp_time", "remark", "create_by", "create_at", "update_by", "update_at", "delete_at") VALUES (461, 2, 'Hilo-ST', NULL, 4, 'CE30', NULL, NULL, NULL, NULL, '大P', 1, '2019-12-15 23:46:32.643453', NULL, NULL, NULL);
INSERT INTO "public"."model"("id", "model_series_id", "name", "pinyin", "dept_id", "code", "ws_time", "es_time", "amp_time", "mp_time", "remark", "create_by", "create_at", "update_by", "update_at", "delete_at") VALUES (462, 2, 'Cossack ', NULL, 4, 'CF06', NULL, NULL, NULL, NULL, '大P', 1, '2019-12-15 23:46:32.643453', NULL, NULL, NULL);
INSERT INTO "public"."model"("id", "model_series_id", "name", "pinyin", "dept_id", "code", "ws_time", "es_time", "amp_time", "mp_time", "remark", "create_by", "create_at", "update_by", "update_at", "delete_at") VALUES (463, 2, 'Guanyu', NULL, 4, 'CF79', NULL, NULL, NULL, NULL, '大P', 1, '2019-12-15 23:46:32.643453', NULL, NULL, NULL);
INSERT INTO "public"."model"("id", "model_series_id", "name", "pinyin", "dept_id", "code", "ws_time", "es_time", "amp_time", "mp_time", "remark", "create_by", "create_at", "update_by", "update_at", "delete_at") VALUES (464, 2, 'Markley', NULL, 4, 'CG44', NULL, NULL, NULL, NULL, '大P', 1, '2019-12-15 23:46:32.643453', NULL, NULL, NULL);
INSERT INTO "public"."model"("id", "model_series_id", "name", "pinyin", "dept_id", "code", "ws_time", "es_time", "amp_time", "mp_time", "remark", "create_by", "create_at", "update_by", "update_at", "delete_at") VALUES (465, 2, 'Markley-R-64-6', NULL, 4, 'CH99', NULL, NULL, NULL, NULL, '大P', 1, '2019-12-15 23:46:32.643453', NULL, NULL, NULL);
INSERT INTO "public"."model"("id", "model_series_id", "name", "pinyin", "dept_id", "code", "ws_time", "es_time", "amp_time", "mp_time", "remark", "create_by", "create_at", "update_by", "update_at", "delete_at") VALUES (466, 2, 'Markley-R-64-4', NULL, 4, 'CJ00', NULL, NULL, NULL, NULL, '大P', 1, '2019-12-15 23:46:32.643453', NULL, NULL, NULL);
INSERT INTO "public"."model"("id", "model_series_id", "name", "pinyin", "dept_id", "code", "ws_time", "es_time", "amp_time", "mp_time", "remark", "create_by", "create_at", "update_by", "update_at", "delete_at") VALUES (467, 2, 'Samba2-L', NULL, 4, 'CH23', NULL, NULL, NULL, NULL, '大P', 1, '2019-12-15 23:47:39.406806', NULL, NULL, NULL);
INSERT INTO "public"."model"("id", "model_series_id", "name", "pinyin", "dept_id", "code", "ws_time", "es_time", "amp_time", "mp_time", "remark", "create_by", "create_at", "update_by", "update_at", "delete_at") VALUES (468, 2, 'Hilo2-L', NULL, 4, 'CH24', NULL, NULL, NULL, NULL, '大P', 1, '2019-12-15 23:47:39.406806', NULL, NULL, NULL);
INSERT INTO "public"."model"("id", "model_series_id", "name", "pinyin", "dept_id", "code", "ws_time", "es_time", "amp_time", "mp_time", "remark", "create_by", "create_at", "update_by", "update_at", "delete_at") VALUES (469, 3, 'Aquavit', NULL, 4, 'CA68', NULL, NULL, NULL, NULL, '大P', 1, '2019-12-15 23:47:39.406806', NULL, NULL, NULL);
INSERT INTO "public"."model"("id", "model_series_id", "name", "pinyin", "dept_id", "code", "ws_time", "es_time", "amp_time", "mp_time", "remark", "create_by", "create_at", "update_by", "update_at", "delete_at") VALUES (470, 3, 'Lafin 24', NULL, 4, 'CE39', NULL, NULL, NULL, NULL, '大P', 1, '2019-12-15 23:47:39.406806', NULL, NULL, NULL);
INSERT INTO "public"."model"("id", "model_series_id", "name", "pinyin", "dept_id", "code", "ws_time", "es_time", "amp_time", "mp_time", "remark", "create_by", "create_at", "update_by", "update_at", "delete_at") VALUES (471, 3, 'Lafin 44', NULL, 4, 'CE40', NULL, NULL, NULL, NULL, '大P', 1, '2019-12-15 23:47:39.406806', NULL, NULL, NULL);
INSERT INTO "public"."model"("id", "model_series_id", "name", "pinyin", "dept_id", "code", "ws_time", "es_time", "amp_time", "mp_time", "remark", "create_by", "create_at", "update_by", "update_at", "delete_at") VALUES (472, 3, 'Landell 24', NULL, 4, 'CE41', NULL, NULL, NULL, NULL, '大P', 1, '2019-12-15 23:47:39.406806', NULL, NULL, NULL);
INSERT INTO "public"."model"("id", "model_series_id", "name", "pinyin", "dept_id", "code", "ws_time", "es_time", "amp_time", "mp_time", "remark", "create_by", "create_at", "update_by", "update_at", "delete_at") VALUES (473, 3, 'Landell 44', NULL, 4, 'CE42', NULL, NULL, NULL, NULL, '大P', 1, '2019-12-15 23:47:39.406806', NULL, NULL, NULL);
INSERT INTO "public"."model"("id", "model_series_id", "name", "pinyin", "dept_id", "code", "ws_time", "es_time", "amp_time", "mp_time", "remark", "create_by", "create_at", "update_by", "update_at", "delete_at") VALUES (474, 3, 'Lafin2 24', NULL, 4, 'CH12', NULL, NULL, NULL, NULL, '大P', 1, '2019-12-15 23:47:39.406806', NULL, NULL, NULL);
INSERT INTO "public"."model"("id", "model_series_id", "name", "pinyin", "dept_id", "code", "ws_time", "es_time", "amp_time", "mp_time", "remark", "create_by", "create_at", "update_by", "update_at", "delete_at") VALUES (475, 3, 'Lafin2 44', NULL, 4, 'CH13', NULL, NULL, NULL, NULL, '大P', 1, '2019-12-15 23:47:39.406806', NULL, NULL, NULL);
INSERT INTO "public"."model"("id", "model_series_id", "name", "pinyin", "dept_id", "code", "ws_time", "es_time", "amp_time", "mp_time", "remark", "create_by", "create_at", "update_by", "update_at", "delete_at") VALUES (476, 4, 'Gaga-FP', NULL, 4, 'CE47', NULL, NULL, NULL, NULL, '大P', 1, '2019-12-15 23:47:39.406806', NULL, NULL, NULL);
INSERT INTO "public"."model"("id", "model_series_id", "name", "pinyin", "dept_id", "code", "ws_time", "es_time", "amp_time", "mp_time", "remark", "create_by", "create_at", "update_by", "update_at", "delete_at") VALUES (477, 4, 'Gaga-FQ', NULL, 4, 'CH01', NULL, NULL, NULL, NULL, '大P', 1, '2019-12-15 23:47:39.406806', NULL, NULL, NULL);
INSERT INTO "public"."model"("id", "model_series_id", "name", "pinyin", "dept_id", "code", "ws_time", "es_time", "amp_time", "mp_time", "remark", "create_by", "create_at", "update_by", "update_at", "delete_at") VALUES (478, 4, 'Gaga-Gram', NULL, 4, 'CJ03', NULL, NULL, NULL, NULL, '大P', 1, '2019-12-15 23:47:39.406806', NULL, NULL, NULL);
INSERT INTO "public"."model"("id", "model_series_id", "name", "pinyin", "dept_id", "code", "ws_time", "es_time", "amp_time", "mp_time", "remark", "create_by", "create_at", "update_by", "update_at", "delete_at") VALUES (479, 5, 'ANTA+ 4色', NULL, 4, 'CA00', NULL, NULL, NULL, NULL, '大P', 1, '2019-12-15 23:47:39.406806', NULL, NULL, NULL);
INSERT INTO "public"."model"("id", "model_series_id", "name", "pinyin", "dept_id", "code", "ws_time", "es_time", "amp_time", "mp_time", "remark", "create_by", "create_at", "update_by", "update_at", "delete_at") VALUES (480, 5, 'ANTA+ 8色', NULL, 4, 'CA00', NULL, NULL, NULL, NULL, '大P', 1, '2019-12-15 23:47:39.406806', NULL, NULL, NULL);
INSERT INTO "public"."model"("id", "model_series_id", "name", "pinyin", "dept_id", "code", "ws_time", "es_time", "amp_time", "mp_time", "remark", "create_by", "create_at", "update_by", "update_at", "delete_at") VALUES (481, 5, 'Clipper', NULL, 4, 'CD27', NULL, NULL, NULL, NULL, '大P', 1, '2019-12-15 23:47:39.406806', NULL, NULL, NULL);
INSERT INTO "public"."model"("id", "model_series_id", "name", "pinyin", "dept_id", "code", "ws_time", "es_time", "amp_time", "mp_time", "remark", "create_by", "create_at", "update_by", "update_at", "delete_at") VALUES (482, 5, 'Clipper-B', NULL, 4, 'CD62', NULL, NULL, NULL, NULL, '大P', 1, '2019-12-15 23:47:39.406806', NULL, NULL, NULL);
INSERT INTO "public"."model"("id", "model_series_id", "name", "pinyin", "dept_id", "code", "ws_time", "es_time", "amp_time", "mp_time", "remark", "create_by", "create_at", "update_by", "update_at", "delete_at") VALUES (483, 5, 'Clipper 2', NULL, 4, 'CH75', NULL, NULL, NULL, NULL, '大P', 1, '2019-12-15 23:47:39.406806', NULL, NULL, NULL);
INSERT INTO "public"."model"("id", "model_series_id", "name", "pinyin", "dept_id", "code", "ws_time", "es_time", "amp_time", "mp_time", "remark", "create_by", "create_at", "update_by", "update_at", "delete_at") VALUES (484, 5, 'Orleans', NULL, 4, 'CE22', NULL, NULL, NULL, NULL, '大P', 1, '2019-12-15 23:47:39.406806', NULL, NULL, NULL);
INSERT INTO "public"."model"("id", "model_series_id", "name", "pinyin", "dept_id", "code", "ws_time", "es_time", "amp_time", "mp_time", "remark", "create_by", "create_at", "update_by", "update_at", "delete_at") VALUES (485, 5, 'Molly 2', NULL, 4, 'CF66', NULL, NULL, NULL, NULL, '大P', 1, '2019-12-15 23:47:39.406806', NULL, NULL, NULL);
INSERT INTO "public"."model"("id", "model_series_id", "name", "pinyin", "dept_id", "code", "ws_time", "es_time", "amp_time", "mp_time", "remark", "create_by", "create_at", "update_by", "update_at", "delete_at") VALUES (486, 5, 'Calypso', NULL, 4, 'CC62', NULL, NULL, NULL, NULL, '大P', 1, '2019-12-15 23:49:21.289791', NULL, NULL, NULL);
INSERT INTO "public"."model"("id", "model_series_id", "name", "pinyin", "dept_id", "code", "ws_time", "es_time", "amp_time", "mp_time", "remark", "create_by", "create_at", "update_by", "update_at", "delete_at") VALUES (487, 5, 'Largo', NULL, 4, 'CF82', NULL, NULL, NULL, NULL, '大P', 1, '2019-12-15 23:49:21.289791', NULL, NULL, NULL);
INSERT INTO "public"."model"("id", "model_series_id", "name", "pinyin", "dept_id", "code", "ws_time", "es_time", "amp_time", "mp_time", "remark", "create_by", "create_at", "update_by", "update_at", "delete_at") VALUES (488, 5, 'Kayak', NULL, 4, 'CB09', NULL, NULL, NULL, NULL, '大P', 1, '2019-12-15 23:49:21.289791', NULL, NULL, NULL);
INSERT INTO "public"."model"("id", "model_series_id", "name", "pinyin", "dept_id", "code", "ws_time", "es_time", "amp_time", "mp_time", "remark", "create_by", "create_at", "update_by", "update_at", "delete_at") VALUES (489, 5, 'Kayak-P', NULL, 4, 'CB81', NULL, NULL, NULL, NULL, '大P', 1, '2019-12-15 23:49:21.289791', NULL, NULL, NULL);
INSERT INTO "public"."model"("id", "model_series_id", "name", "pinyin", "dept_id", "code", "ws_time", "es_time", "amp_time", "mp_time", "remark", "create_by", "create_at", "update_by", "update_at", "delete_at") VALUES (490, 5, 'Kayak-B', NULL, 4, 'CC13', NULL, NULL, NULL, NULL, '大P', 1, '2019-12-15 23:49:21.289791', NULL, NULL, NULL);
INSERT INTO "public"."model"("id", "model_series_id", "name", "pinyin", "dept_id", "code", "ws_time", "es_time", "amp_time", "mp_time", "remark", "create_by", "create_at", "update_by", "update_at", "delete_at") VALUES (491, 6, 'Fusion 44', NULL, 4, 'CE17', NULL, NULL, NULL, NULL, '大P', 1, '2019-12-15 23:49:21.289791', NULL, NULL, NULL);
INSERT INTO "public"."model"("id", "model_series_id", "name", "pinyin", "dept_id", "code", "ws_time", "es_time", "amp_time", "mp_time", "remark", "create_by", "create_at", "update_by", "update_at", "delete_at") VALUES (492, 6, 'Fusion 64', NULL, 4, 'CE20', NULL, NULL, NULL, NULL, '大P', 1, '2019-12-15 23:49:21.289791', NULL, NULL, NULL);
INSERT INTO "public"."model"("id", "model_series_id", "name", "pinyin", "dept_id", "code", "ws_time", "es_time", "amp_time", "mp_time", "remark", "create_by", "create_at", "update_by", "update_at", "delete_at") VALUES (493, 6, 'Liubei 44', NULL, 4, 'CG67', NULL, NULL, NULL, NULL, '大P', 1, '2019-12-15 23:49:21.289791', NULL, NULL, NULL);
INSERT INTO "public"."model"("id", "model_series_id", "name", "pinyin", "dept_id", "code", "ws_time", "es_time", "amp_time", "mp_time", "remark", "create_by", "create_at", "update_by", "update_at", "delete_at") VALUES (494, 7, 'Raptor', NULL, 4, 'CF41', NULL, NULL, NULL, NULL, '大P', 1, '2019-12-15 23:49:21.289791', NULL, NULL, NULL);
INSERT INTO "public"."model"("id", "model_series_id", "name", "pinyin", "dept_id", "code", "ws_time", "es_time", "amp_time", "mp_time", "remark", "create_by", "create_at", "update_by", "update_at", "delete_at") VALUES (495, 8, 'Varius', NULL, 4, 'CF84', NULL, NULL, NULL, NULL, '大P', 1, '2019-12-15 23:49:21.289791', NULL, NULL, NULL);
INSERT INTO "public"."model"("id", "model_series_id", "name", "pinyin", "dept_id", "code", "ws_time", "es_time", "amp_time", "mp_time", "remark", "create_by", "create_at", "update_by", "update_at", "delete_at") VALUES (496, 9, 'Mosso', NULL, 4, 'CH74', NULL, NULL, NULL, NULL, '大P', 1, '2019-12-15 23:49:21.289791', NULL, NULL, NULL);
INSERT INTO "public"."model"("id", "model_series_id", "name", "pinyin", "dept_id", "code", "ws_time", "es_time", "amp_time", "mp_time", "remark", "create_by", "create_at", "update_by", "update_at", "delete_at") VALUES (497, 10, 'Opera-EM', NULL, 4, 'CD02', NULL, NULL, NULL, NULL, '大P', 1, '2019-12-15 23:49:21.289791', NULL, NULL, NULL);
INSERT INTO "public"."model"("id", "model_series_id", "name", "pinyin", "dept_id", "code", "ws_time", "es_time", "amp_time", "mp_time", "remark", "create_by", "create_at", "update_by", "update_at", "delete_at") VALUES (498, 10, 'Opera-MR 36', NULL, 4, 'CD40', NULL, NULL, NULL, NULL, '大P', 1, '2019-12-15 23:49:21.289791', NULL, NULL, NULL);
INSERT INTO "public"."model"("id", "model_series_id", "name", "pinyin", "dept_id", "code", "ws_time", "es_time", "amp_time", "mp_time", "remark", "create_by", "create_at", "update_by", "update_at", "delete_at") VALUES (499, 10, 'Opera-MR 44', NULL, 4, 'CD41', NULL, NULL, NULL, NULL, '大P', 1, '2019-12-15 23:49:21.289791', NULL, NULL, NULL);
INSERT INTO "public"."model"("id", "model_series_id", "name", "pinyin", "dept_id", "code", "ws_time", "es_time", "amp_time", "mp_time", "remark", "create_by", "create_at", "update_by", "update_at", "delete_at") VALUES (500, 10, 'Opera-AD 24', NULL, 4, 'CD66', NULL, NULL, NULL, NULL, '大P', 1, '2019-12-15 23:49:21.289791', NULL, NULL, NULL);
INSERT INTO "public"."model"("id", "model_series_id", "name", "pinyin", "dept_id", "code", "ws_time", "es_time", "amp_time", "mp_time", "remark", "create_by", "create_at", "update_by", "update_at", "delete_at") VALUES (501, 10, 'Opera-AD 36', NULL, 4, 'CD67', NULL, NULL, NULL, NULL, '大P', 1, '2019-12-15 23:49:21.289791', NULL, NULL, NULL);
INSERT INTO "public"."model"("id", "model_series_id", "name", "pinyin", "dept_id", "code", "ws_time", "es_time", "amp_time", "mp_time", "remark", "create_by", "create_at", "update_by", "update_at", "delete_at") VALUES (502, 10, 'Opera-AD 44', NULL, 4, 'CD68', NULL, NULL, NULL, NULL, '大P', 1, '2019-12-15 23:49:21.289791', NULL, NULL, NULL);
INSERT INTO "public"."model"("id", "model_series_id", "name", "pinyin", "dept_id", "code", "ws_time", "es_time", "amp_time", "mp_time", "remark", "create_by", "create_at", "update_by", "update_at", "delete_at") VALUES (503, 10, 'Pacato 44', NULL, 4, 'CF07', NULL, NULL, NULL, NULL, '大P', 1, '2019-12-15 23:49:21.289791', NULL, NULL, NULL);
INSERT INTO "public"."model"("id", "model_series_id", "name", "pinyin", "dept_id", "code", "ws_time", "es_time", "amp_time", "mp_time", "remark", "create_by", "create_at", "update_by", "update_at", "delete_at") VALUES (504, 10, 'Pacato-R', NULL, 4, 'CH66', NULL, NULL, NULL, NULL, '大P', 1, '2019-12-15 23:49:21.289791', NULL, NULL, NULL);
INSERT INTO "public"."model"("id", "model_series_id", "name", "pinyin", "dept_id", "code", "ws_time", "es_time", "amp_time", "mp_time", "remark", "create_by", "create_at", "update_by", "update_at", "delete_at") VALUES (505, 11, 'C4', NULL, 4, 'N02Y', NULL, NULL, NULL, NULL, 'RS', 1, '2019-12-15 23:49:21.289791', NULL, NULL, NULL);
INSERT INTO "public"."model"("id", "model_series_id", "name", "pinyin", "dept_id", "code", "ws_time", "es_time", "amp_time", "mp_time", "remark", "create_by", "create_at", "update_by", "update_at", "delete_at") VALUES (506, 11, 'C4L', NULL, 4, 'N02Y', NULL, NULL, NULL, NULL, 'RS', 1, '2019-12-15 23:49:21.289791', NULL, NULL, NULL);
INSERT INTO "public"."model"("id", "model_series_id", "name", "pinyin", "dept_id", "code", "ws_time", "es_time", "amp_time", "mp_time", "remark", "create_by", "create_at", "update_by", "update_at", "delete_at") VALUES (507, 11, 'LS3', NULL, 4, 'N001', NULL, NULL, NULL, NULL, 'RS', 1, '2019-12-15 23:49:21.289791', NULL, NULL, NULL);
INSERT INTO "public"."model"("id", "model_series_id", "name", "pinyin", "dept_id", "code", "ws_time", "es_time", "amp_time", "mp_time", "remark", "create_by", "create_at", "update_by", "update_at", "delete_at") VALUES (508, 11, 'LS3-B', NULL, 4, 'N03L', NULL, NULL, NULL, NULL, 'RS', 1, '2019-12-15 23:49:21.289791', NULL, NULL, NULL);
INSERT INTO "public"."model"("id", "model_series_id", "name", "pinyin", "dept_id", "code", "ws_time", "es_time", "amp_time", "mp_time", "remark", "create_by", "create_at", "update_by", "update_at", "delete_at") VALUES (509, 11, 'LS6', NULL, 4, 'N002', NULL, NULL, NULL, NULL, 'RS', 1, '2019-12-15 23:49:21.289791', NULL, NULL, NULL);
INSERT INTO "public"."model"("id", "model_series_id", "name", "pinyin", "dept_id", "code", "ws_time", "es_time", "amp_time", "mp_time", "remark", "create_by", "create_at", "update_by", "update_at", "delete_at") VALUES (510, 11, 'LS6-B', NULL, 4, 'N03M', NULL, NULL, NULL, NULL, 'RS', 1, '2019-12-15 23:49:21.289791', NULL, NULL, NULL);
INSERT INTO "public"."model"("id", "model_series_id", "name", "pinyin", "dept_id", "code", "ws_time", "es_time", "amp_time", "mp_time", "remark", "create_by", "create_at", "update_by", "update_at", "delete_at") VALUES (511, 11, 'LS10', NULL, 4, 'N03R', NULL, NULL, NULL, NULL, 'RS', 1, '2019-12-15 23:49:21.289791', NULL, NULL, NULL);
INSERT INTO "public"."model"("id", "model_series_id", "name", "pinyin", "dept_id", "code", "ws_time", "es_time", "amp_time", "mp_time", "remark", "create_by", "create_at", "update_by", "update_at", "delete_at") VALUES (512, 11, 'LS20', NULL, 4, 'N006', NULL, NULL, NULL, NULL, 'RS', 1, '2019-12-15 23:49:21.289791', NULL, NULL, NULL);
INSERT INTO "public"."model"("id", "model_series_id", "name", "pinyin", "dept_id", "code", "ws_time", "es_time", "amp_time", "mp_time", "remark", "create_by", "create_at", "update_by", "update_at", "delete_at") VALUES (513, 11, 'LS20-B', NULL, 4, 'N03Z', NULL, NULL, NULL, NULL, 'RS', 1, '2019-12-15 23:49:21.289791', NULL, NULL, NULL);
INSERT INTO "public"."model"("id", "model_series_id", "name", "pinyin", "dept_id", "code", "ws_time", "es_time", "amp_time", "mp_time", "remark", "create_by", "create_at", "update_by", "update_at", "delete_at") VALUES (628, 11, 'T3', NULL, 4, 'N03C', NULL, NULL, NULL, NULL, 'RS', 1, '2019-12-15 23:50:53.175831', NULL, NULL, NULL);
INSERT INTO "public"."model"("id", "model_series_id", "name", "pinyin", "dept_id", "code", "ws_time", "es_time", "amp_time", "mp_time", "remark", "create_by", "create_at", "update_by", "update_at", "delete_at") VALUES (629, 11, 'T6', NULL, 4, 'N03P', NULL, NULL, NULL, NULL, 'RS', 1, '2019-12-15 23:50:53.175831', NULL, NULL, NULL);
INSERT INTO "public"."model"("id", "model_series_id", "name", "pinyin", "dept_id", "code", "ws_time", "es_time", "amp_time", "mp_time", "remark", "create_by", "create_at", "update_by", "update_at", "delete_at") VALUES (630, 11, 'VT6', NULL, 4, 'N03T', NULL, NULL, NULL, NULL, 'RS', 1, '2019-12-15 23:50:53.175831', NULL, NULL, NULL);
INSERT INTO "public"."model"("id", "model_series_id", "name", "pinyin", "dept_id", "code", "ws_time", "es_time", "amp_time", "mp_time", "remark", "create_by", "create_at", "update_by", "update_at", "delete_at") VALUES (631, 12, 'LQ-520K', NULL, 4, 'CC25', NULL, NULL, NULL, NULL, '小P', 1, '2019-12-15 23:50:53.175831', NULL, NULL, NULL);
INSERT INTO "public"."model"("id", "model_series_id", "name", "pinyin", "dept_id", "code", "ws_time", "es_time", "amp_time", "mp_time", "remark", "create_by", "create_at", "update_by", "update_at", "delete_at") VALUES (632, 12, 'PLQ-20', NULL, 4, 'C560', NULL, NULL, NULL, NULL, '小P', 1, '2019-12-15 23:50:53.175831', NULL, NULL, NULL);
INSERT INTO "public"."model"("id", "model_series_id", "name", "pinyin", "dept_id", "code", "ws_time", "es_time", "amp_time", "mp_time", "remark", "create_by", "create_at", "update_by", "update_at", "delete_at") VALUES (633, 12, 'PLQ-20K', NULL, 4, 'C560', NULL, NULL, NULL, NULL, '小P', 1, '2019-12-15 23:50:53.175831', NULL, NULL, NULL);
INSERT INTO "public"."model"("id", "model_series_id", "name", "pinyin", "dept_id", "code", "ws_time", "es_time", "amp_time", "mp_time", "remark", "create_by", "create_at", "update_by", "update_at", "delete_at") VALUES (634, 12, 'LQ-90KP', NULL, 4, 'C560', NULL, NULL, NULL, NULL, '小P', 1, '2019-12-15 23:50:53.175831', NULL, NULL, NULL);
INSERT INTO "public"."model"("id", "model_series_id", "name", "pinyin", "dept_id", "code", "ws_time", "es_time", "amp_time", "mp_time", "remark", "create_by", "create_at", "update_by", "update_at", "delete_at") VALUES (635, 12, 'LQ-82KF', NULL, 4, 'CA39', NULL, NULL, NULL, NULL, '小P', 1, '2019-12-15 23:50:53.175831', NULL, NULL, NULL);
INSERT INTO "public"."model"("id", "model_series_id", "name", "pinyin", "dept_id", "code", "ws_time", "es_time", "amp_time", "mp_time", "remark", "create_by", "create_at", "update_by", "update_at", "delete_at") VALUES (636, 12, 'LQ-730K', NULL, 4, 'CA13', NULL, NULL, NULL, NULL, '小P', 1, '2019-12-15 23:50:53.175831', NULL, NULL, NULL);
INSERT INTO "public"."model"("id", "model_series_id", "name", "pinyin", "dept_id", "code", "ws_time", "es_time", "amp_time", "mp_time", "remark", "create_by", "create_at", "update_by", "update_at", "delete_at") VALUES (637, 12, 'LQ-690K', NULL, 4, 'CA13', NULL, NULL, NULL, NULL, '小P', 1, '2019-12-15 23:50:53.175831', NULL, NULL, NULL);
INSERT INTO "public"."model"("id", "model_series_id", "name", "pinyin", "dept_id", "code", "ws_time", "es_time", "amp_time", "mp_time", "remark", "create_by", "create_at", "update_by", "update_at", "delete_at") VALUES (638, 12, 'LQ-106KF', NULL, 4, 'CA13', NULL, NULL, NULL, NULL, '小P', 1, '2019-12-15 23:50:53.175831', NULL, NULL, NULL);
INSERT INTO "public"."model"("id", "model_series_id", "name", "pinyin", "dept_id", "code", "ws_time", "es_time", "amp_time", "mp_time", "remark", "create_by", "create_at", "update_by", "update_at", "delete_at") VALUES (639, 12, 'LQ-136KWII', NULL, 4, 'CF40', NULL, NULL, NULL, NULL, '小P', 1, '2019-12-15 23:50:53.175831', NULL, NULL, NULL);
INSERT INTO "public"."model"("id", "model_series_id", "name", "pinyin", "dept_id", "code", "ws_time", "es_time", "amp_time", "mp_time", "remark", "create_by", "create_at", "update_by", "update_at", "delete_at") VALUES (640, 12, 'LQ-2680K', NULL, 4, 'C684', NULL, NULL, NULL, NULL, '小P', 1, '2019-12-15 23:50:53.175831', NULL, NULL, NULL);
INSERT INTO "public"."model"("id", "model_series_id", "name", "pinyin", "dept_id", "code", "ws_time", "es_time", "amp_time", "mp_time", "remark", "create_by", "create_at", "update_by", "update_at", "delete_at") VALUES (641, 12, 'LQ-300+II', NULL, 4, 'C638', NULL, NULL, NULL, NULL, '小P', 1, '2019-12-15 23:50:53.175831', NULL, NULL, NULL);
INSERT INTO "public"."model"("id", "model_series_id", "name", "pinyin", "dept_id", "code", "ws_time", "es_time", "amp_time", "mp_time", "remark", "create_by", "create_at", "update_by", "update_at", "delete_at") VALUES (642, 12, 'LQ-300K+II', NULL, 4, 'C638', NULL, NULL, NULL, NULL, '小P', 1, '2019-12-15 23:50:53.175831', NULL, NULL, NULL);
INSERT INTO "public"."model"("id", "model_series_id", "name", "pinyin", "dept_id", "code", "ws_time", "es_time", "amp_time", "mp_time", "remark", "create_by", "create_at", "update_by", "update_at", "delete_at") VALUES (643, 12, 'LQ-790K', NULL, 4, 'CB95', NULL, NULL, NULL, NULL, '小P', 1, '2019-12-15 23:50:53.175831', NULL, NULL, NULL);
INSERT INTO "public"."model"("id", "model_series_id", "name", "pinyin", "dept_id", "code", "ws_time", "es_time", "amp_time", "mp_time", "remark", "create_by", "create_at", "update_by", "update_at", "delete_at") VALUES (644, 13, 'M-T173H', NULL, 4, 'D399', NULL, NULL, NULL, NULL, '小P', 1, '2019-12-15 23:50:53.175831', NULL, NULL, NULL);
INSERT INTO "public"."model"("id", "model_series_id", "name", "pinyin", "dept_id", "code", "ws_time", "es_time", "amp_time", "mp_time", "remark", "create_by", "create_at", "update_by", "update_at", "delete_at") VALUES (645, 13, 'M-T173V', NULL, 4, 'D400', NULL, NULL, NULL, NULL, '小P', 1, '2019-12-15 23:50:53.175831', NULL, NULL, NULL);
INSERT INTO "public"."model"("id", "model_series_id", "name", "pinyin", "dept_id", "code", "ws_time", "es_time", "amp_time", "mp_time", "remark", "create_by", "create_at", "update_by", "update_at", "delete_at") VALUES (646, 13, 'M-T183', NULL, 4, 'D386', NULL, NULL, NULL, NULL, '小P', 1, '2019-12-15 23:50:53.175831', NULL, NULL, NULL);
INSERT INTO "public"."model"("id", "model_series_id", "name", "pinyin", "dept_id", "code", "ws_time", "es_time", "amp_time", "mp_time", "remark", "create_by", "create_at", "update_by", "update_at", "delete_at") VALUES (647, 13, 'M-150', NULL, 4, 'D156', NULL, NULL, NULL, NULL, '小P', 1, '2019-12-15 23:50:53.175831', NULL, NULL, NULL);
INSERT INTO "public"."model"("id", "model_series_id", "name", "pinyin", "dept_id", "code", "ws_time", "es_time", "amp_time", "mp_time", "remark", "create_by", "create_at", "update_by", "update_at", "delete_at") VALUES (648, 13, 'M-160', NULL, 4, 'D157', NULL, NULL, NULL, NULL, '小P', 1, '2019-12-15 23:50:53.175831', NULL, NULL, NULL);
INSERT INTO "public"."model"("id", "model_series_id", "name", "pinyin", "dept_id", "code", "ws_time", "es_time", "amp_time", "mp_time", "remark", "create_by", "create_at", "update_by", "update_at", "delete_at") VALUES (649, 13, 'M-163', NULL, 4, 'D158', NULL, NULL, NULL, NULL, '小P', 1, '2019-12-15 23:50:53.175831', NULL, NULL, NULL);
INSERT INTO "public"."model"("id", "model_series_id", "name", "pinyin", "dept_id", "code", "ws_time", "es_time", "amp_time", "mp_time", "remark", "create_by", "create_at", "update_by", "update_at", "delete_at") VALUES (650, 13, 'M-164', NULL, 4, 'D159', NULL, NULL, NULL, NULL, '小P', 1, '2019-12-15 23:50:53.175831', NULL, NULL, NULL);
INSERT INTO "public"."model"("id", "model_series_id", "name", "pinyin", "dept_id", "code", "ws_time", "es_time", "amp_time", "mp_time", "remark", "create_by", "create_at", "update_by", "update_at", "delete_at") VALUES (651, 13, 'M-260 ', NULL, 4, 'D143', NULL, NULL, NULL, NULL, '小P', 1, '2019-12-15 23:50:53.175831', NULL, NULL, NULL);
INSERT INTO "public"."model"("id", "model_series_id", "name", "pinyin", "dept_id", "code", "ws_time", "es_time", "amp_time", "mp_time", "remark", "create_by", "create_at", "update_by", "update_at", "delete_at") VALUES (652, 13, 'M-262', NULL, 4, 'D144', NULL, NULL, NULL, NULL, '小P', 1, '2019-12-15 23:50:53.175831', NULL, NULL, NULL);
INSERT INTO "public"."model"("id", "model_series_id", "name", "pinyin", "dept_id", "code", "ws_time", "es_time", "amp_time", "mp_time", "remark", "create_by", "create_at", "update_by", "update_at", "delete_at") VALUES (653, 13, 'M-260A', NULL, 4, 'D152', NULL, NULL, NULL, NULL, '小P', 1, '2019-12-15 23:50:53.175831', NULL, NULL, NULL);
INSERT INTO "public"."model"("id", "model_series_id", "name", "pinyin", "dept_id", "code", "ws_time", "es_time", "amp_time", "mp_time", "remark", "create_by", "create_at", "update_by", "update_at", "delete_at") VALUES (654, 13, 'M-262A ', NULL, 4, 'D153', NULL, NULL, NULL, NULL, '小P', 1, '2019-12-15 23:50:53.175831', NULL, NULL, NULL);
INSERT INTO "public"."model"("id", "model_series_id", "name", "pinyin", "dept_id", "code", "ws_time", "es_time", "amp_time", "mp_time", "remark", "create_by", "create_at", "update_by", "update_at", "delete_at") VALUES (655, 13, 'M-265 ', NULL, 4, 'D146', NULL, NULL, NULL, NULL, '小P', 1, '2019-12-15 23:50:53.175831', NULL, NULL, NULL);
INSERT INTO "public"."model"("id", "model_series_id", "name", "pinyin", "dept_id", "code", "ws_time", "es_time", "amp_time", "mp_time", "remark", "create_by", "create_at", "update_by", "update_at", "delete_at") VALUES (656, 13, 'M-267', NULL, 4, 'D151', NULL, NULL, NULL, NULL, '小P', 1, '2019-12-15 23:50:53.175831', NULL, NULL, NULL);
INSERT INTO "public"."model"("id", "model_series_id", "name", "pinyin", "dept_id", "code", "ws_time", "es_time", "amp_time", "mp_time", "remark", "create_by", "create_at", "update_by", "update_at", "delete_at") VALUES (657, 13, 'M-290', NULL, 4, 'D128', NULL, NULL, NULL, NULL, '小P', 1, '2019-12-15 23:50:53.175831', NULL, NULL, NULL);
INSERT INTO "public"."model"("id", "model_series_id", "name", "pinyin", "dept_id", "code", "ws_time", "es_time", "amp_time", "mp_time", "remark", "create_by", "create_at", "update_by", "update_at", "delete_at") VALUES (658, 13, 'TU-260', NULL, 4, 'D322', NULL, NULL, NULL, NULL, '小P', 1, '2019-12-15 23:50:53.175831', NULL, NULL, NULL);
INSERT INTO "public"."model"("id", "model_series_id", "name", "pinyin", "dept_id", "code", "ws_time", "es_time", "amp_time", "mp_time", "remark", "create_by", "create_at", "update_by", "update_at", "delete_at") VALUES (659, 13, 'M-180', NULL, 4, 'D161', NULL, NULL, NULL, NULL, '小P', 1, '2019-12-15 23:50:53.175831', NULL, NULL, NULL);
INSERT INTO "public"."model"("id", "model_series_id", "name", "pinyin", "dept_id", "code", "ws_time", "es_time", "amp_time", "mp_time", "remark", "create_by", "create_at", "update_by", "update_at", "delete_at") VALUES (660, 13, 'M-183 ', NULL, 4, 'D164', NULL, NULL, NULL, NULL, '小P', 1, '2019-12-15 23:50:53.175831', NULL, NULL, NULL);
INSERT INTO "public"."model"("id", "model_series_id", "name", "pinyin", "dept_id", "code", "ws_time", "es_time", "amp_time", "mp_time", "remark", "create_by", "create_at", "update_by", "update_at", "delete_at") VALUES (661, 13, 'M-186', NULL, 4, 'D166', NULL, NULL, NULL, NULL, '小P', 1, '2019-12-15 23:50:53.175831', NULL, NULL, NULL);
INSERT INTO "public"."model"("id", "model_series_id", "name", "pinyin", "dept_id", "code", "ws_time", "es_time", "amp_time", "mp_time", "remark", "create_by", "create_at", "update_by", "update_at", "delete_at") VALUES (662, 13, 'M-190 ', NULL, 4, 'D015', NULL, NULL, NULL, NULL, '小P', 1, '2019-12-15 23:50:53.175831', NULL, NULL, NULL);
INSERT INTO "public"."model"("id", "model_series_id", "name", "pinyin", "dept_id", "code", "ws_time", "es_time", "amp_time", "mp_time", "remark", "create_by", "create_at", "update_by", "update_at", "delete_at") VALUES (663, 13, 'M-195 ', NULL, 4, 'D022', NULL, NULL, NULL, NULL, '小P', 1, '2019-12-15 23:50:53.175831', NULL, NULL, NULL);
INSERT INTO "public"."model"("id", "model_series_id", "name", "pinyin", "dept_id", "code", "ws_time", "es_time", "amp_time", "mp_time", "remark", "create_by", "create_at", "update_by", "update_at", "delete_at") VALUES (664, 13, 'M-191', NULL, 4, 'D024', NULL, NULL, NULL, NULL, '小P', 1, '2019-12-15 23:50:53.175831', NULL, NULL, NULL);
INSERT INTO "public"."model"("id", "model_series_id", "name", "pinyin", "dept_id", "code", "ws_time", "es_time", "amp_time", "mp_time", "remark", "create_by", "create_at", "update_by", "update_at", "delete_at") VALUES (685, 13, 'M-192 ', NULL, 4, 'D025', NULL, NULL, NULL, NULL, '小P', 1, '2019-12-15 23:51:46.650157', NULL, NULL, NULL);
INSERT INTO "public"."model"("id", "model_series_id", "name", "pinyin", "dept_id", "code", "ws_time", "es_time", "amp_time", "mp_time", "remark", "create_by", "create_at", "update_by", "update_at", "delete_at") VALUES (686, 13, 'M-190G ', NULL, 4, 'D081', NULL, NULL, NULL, NULL, '小P', 1, '2019-12-15 23:51:46.650157', NULL, NULL, NULL);
INSERT INTO "public"."model"("id", "model_series_id", "name", "pinyin", "dept_id", "code", "ws_time", "es_time", "amp_time", "mp_time", "remark", "create_by", "create_at", "update_by", "update_at", "delete_at") VALUES (687, 13, 'M-192G', NULL, 4, 'D082', NULL, NULL, NULL, NULL, '小P', 1, '2019-12-15 23:51:46.650157', NULL, NULL, NULL);
INSERT INTO "public"."model"("id", "model_series_id", "name", "pinyin", "dept_id", "code", "ws_time", "es_time", "amp_time", "mp_time", "remark", "create_by", "create_at", "update_by", "update_at", "delete_at") VALUES (688, 13, 'M-T532AF', NULL, 4, 'D094', NULL, NULL, NULL, NULL, '小P', 1, '2019-12-15 23:51:46.650157', NULL, NULL, NULL);
INSERT INTO "public"."model"("id", "model_series_id", "name", "pinyin", "dept_id", "code", "ws_time", "es_time", "amp_time", "mp_time", "remark", "create_by", "create_at", "update_by", "update_at", "delete_at") VALUES (689, 13, 'M-T531AP ', NULL, 4, 'D095', NULL, NULL, NULL, NULL, '小P', 1, '2019-12-15 23:51:46.650157', NULL, NULL, NULL);
INSERT INTO "public"."model"("id", "model_series_id", "name", "pinyin", "dept_id", "code", "ws_time", "es_time", "amp_time", "mp_time", "remark", "create_by", "create_at", "update_by", "update_at", "delete_at") VALUES (690, 13, 'M-T532AP ', NULL, 4, 'D096', NULL, NULL, NULL, NULL, '小P', 1, '2019-12-15 23:51:46.650157', NULL, NULL, NULL);
INSERT INTO "public"."model"("id", "model_series_id", "name", "pinyin", "dept_id", "code", "ws_time", "es_time", "amp_time", "mp_time", "remark", "create_by", "create_at", "update_by", "update_at", "delete_at") VALUES (691, 13, 'M-T522AF ', NULL, 4, 'D100', NULL, NULL, NULL, NULL, '小P', 1, '2019-12-15 23:51:46.650157', NULL, NULL, NULL);
INSERT INTO "public"."model"("id", "model_series_id", "name", "pinyin", "dept_id", "code", "ws_time", "es_time", "amp_time", "mp_time", "remark", "create_by", "create_at", "update_by", "update_at", "delete_at") VALUES (705, 13, 'M-T521 ', NULL, 4, 'D323', NULL, NULL, NULL, NULL, '小P', 1, '2019-12-15 23:52:27.150734', NULL, NULL, NULL);
INSERT INTO "public"."model"("id", "model_series_id", "name", "pinyin", "dept_id", "code", "ws_time", "es_time", "amp_time", "mp_time", "remark", "create_by", "create_at", "update_by", "update_at", "delete_at") VALUES (706, 13, 'M-T523AP', NULL, 4, 'D351', NULL, NULL, NULL, NULL, '小P', 1, '2019-12-15 23:52:27.150734', NULL, NULL, NULL);
INSERT INTO "public"."model"("id", "model_series_id", "name", "pinyin", "dept_id", "code", "ws_time", "es_time", "amp_time", "mp_time", "remark", "create_by", "create_at", "update_by", "update_at", "delete_at") VALUES (707, 13, 'M-T482AF', NULL, 4, 'D353', NULL, NULL, NULL, NULL, '小P', 1, '2019-12-15 23:52:27.150734', NULL, NULL, NULL);
INSERT INTO "public"."model"("id", "model_series_id", "name", "pinyin", "dept_id", "code", "ws_time", "es_time", "amp_time", "mp_time", "remark", "create_by", "create_at", "update_by", "update_at", "delete_at") VALUES (708, 13, 'M-T532AF ', NULL, 4, 'D094', NULL, NULL, NULL, NULL, '小P', 1, '2019-12-15 23:52:27.150734', NULL, NULL, NULL);
INSERT INTO "public"."model"("id", "model_series_id", "name", "pinyin", "dept_id", "code", "ws_time", "es_time", "amp_time", "mp_time", "remark", "create_by", "create_at", "update_by", "update_at", "delete_at") VALUES (709, 13, 'M-T542HF', NULL, 4, 'D111', NULL, NULL, NULL, NULL, '小P', 1, '2019-12-15 23:52:45.714601', NULL, NULL, NULL);
INSERT INTO "public"."model"("id", "model_series_id", "name", "pinyin", "dept_id", "code", "ws_time", "es_time", "amp_time", "mp_time", "remark", "create_by", "create_at", "update_by", "update_at", "delete_at") VALUES (710, 13, 'M-T531IIAP', NULL, 4, 'D431', NULL, NULL, NULL, NULL, '小P', 1, '2019-12-15 23:52:45.714601', NULL, NULL, NULL);
INSERT INTO "public"."model"("id", "model_series_id", "name", "pinyin", "dept_id", "code", "ws_time", "es_time", "amp_time", "mp_time", "remark", "create_by", "create_at", "update_by", "update_at", "delete_at") VALUES (711, 13, 'M-T532IIAF ', NULL, 4, 'D401', NULL, NULL, NULL, NULL, '小P', 1, '2019-12-15 23:52:45.714601', NULL, NULL, NULL);
INSERT INTO "public"."model"("id", "model_series_id", "name", "pinyin", "dept_id", "code", "ws_time", "es_time", "amp_time", "mp_time", "remark", "create_by", "create_at", "update_by", "update_at", "delete_at") VALUES (712, 13, 'M-T532IIAP ', NULL, 4, 'D402', NULL, NULL, NULL, NULL, '小P', 1, '2019-12-15 23:52:45.714601', NULL, NULL, NULL);
INSERT INTO "public"."model"("id", "model_series_id", "name", "pinyin", "dept_id", "code", "ws_time", "es_time", "amp_time", "mp_time", "remark", "create_by", "create_at", "update_by", "update_at", "delete_at") VALUES (718, 13, 'M-T533IIAP ', NULL, 4, 'D404', NULL, NULL, NULL, NULL, '小P', 1, '2019-12-15 23:53:21.364599', NULL, NULL, NULL);
INSERT INTO "public"."model"("id", "model_series_id", "name", "pinyin", "dept_id", "code", "ws_time", "es_time", "amp_time", "mp_time", "remark", "create_by", "create_at", "update_by", "update_at", "delete_at") VALUES (719, 13, 'M-T533IIAF', NULL, 4, 'D403', NULL, NULL, NULL, NULL, '小P', 1, '2019-12-15 23:53:21.364599', NULL, NULL, NULL);
INSERT INTO "public"."model"("id", "model_series_id", "name", "pinyin", "dept_id", "code", "ws_time", "es_time", "amp_time", "mp_time", "remark", "create_by", "create_at", "update_by", "update_at", "delete_at") VALUES (720, 13, 'M-T542IIHF ', NULL, 4, 'D413', NULL, NULL, NULL, NULL, '小P', 1, '2019-12-15 23:53:21.364599', NULL, NULL, NULL);
INSERT INTO "public"."model"("id", "model_series_id", "name", "pinyin", "dept_id", "code", "ws_time", "es_time", "amp_time", "mp_time", "remark", "create_by", "create_at", "update_by", "update_at", "delete_at") VALUES (727, 13, 'M-T542IIAF', NULL, 4, 'D405', NULL, NULL, NULL, NULL, '小P', 1, '2019-12-15 23:54:22.555293', NULL, NULL, NULL);
INSERT INTO "public"."model"("id", "model_series_id", "name", "pinyin", "dept_id", "code", "ws_time", "es_time", "amp_time", "mp_time", "remark", "create_by", "create_at", "update_by", "update_at", "delete_at") VALUES (728, 13, 'M-T542IIHF', NULL, 4, 'D413', NULL, NULL, NULL, NULL, '小P', 1, '2019-12-15 23:55:04.636427', NULL, NULL, NULL);
INSERT INTO "public"."model"("id", "model_series_id", "name", "pinyin", "dept_id", "code", "ws_time", "es_time", "amp_time", "mp_time", "remark", "create_by", "create_at", "update_by", "update_at", "delete_at") VALUES (729, 13, 'M-T592IIHF', NULL, 4, 'D414', NULL, NULL, NULL, NULL, '小P', 1, '2019-12-15 23:55:52.776443', NULL, NULL, NULL);
INSERT INTO "public"."model"("id", "model_series_id", "name", "pinyin", "dept_id", "code", "ws_time", "es_time", "amp_time", "mp_time", "remark", "create_by", "create_at", "update_by", "update_at", "delete_at") VALUES (730, 13, 'M-T512IIAF', NULL, 4, 'D415', NULL, NULL, NULL, NULL, '小P', 1, '2019-12-15 23:55:52.776443', NULL, NULL, NULL);
INSERT INTO "public"."model"("id", "model_series_id", "name", "pinyin", "dept_id", "code", "ws_time", "es_time", "amp_time", "mp_time", "remark", "create_by", "create_at", "update_by", "update_at", "delete_at") VALUES (731, 13, 'M-T512IIAP', NULL, 4, 'D416', NULL, NULL, NULL, NULL, '小P', 1, '2019-12-15 23:55:52.776443', NULL, NULL, NULL);
INSERT INTO "public"."model"("id", "model_series_id", "name", "pinyin", "dept_id", "code", "ws_time", "es_time", "amp_time", "mp_time", "remark", "create_by", "create_at", "update_by", "update_at", "delete_at") VALUES (732, 13, 'M-T522IIAF', NULL, 4, 'D419', NULL, NULL, NULL, NULL, '小P', 1, '2019-12-15 23:55:52.776443', NULL, NULL, NULL);
INSERT INTO "public"."model"("id", "model_series_id", "name", "pinyin", "dept_id", "code", "ws_time", "es_time", "amp_time", "mp_time", "remark", "create_by", "create_at", "update_by", "update_at", "delete_at") VALUES (733, 13, 'M-T522IIAP', NULL, 4, 'D420', NULL, NULL, NULL, NULL, '小P', 1, '2019-12-15 23:55:52.776443', NULL, NULL, NULL);
INSERT INTO "public"."model"("id", "model_series_id", "name", "pinyin", "dept_id", "code", "ws_time", "es_time", "amp_time", "mp_time", "remark", "create_by", "create_at", "update_by", "update_at", "delete_at") VALUES (734, 14, 'TM-U295', NULL, 4, 'C163', NULL, NULL, NULL, NULL, '小P', 1, '2019-12-15 23:55:52.776443', NULL, NULL, NULL);
INSERT INTO "public"."model"("id", "model_series_id", "name", "pinyin", "dept_id", "code", "ws_time", "es_time", "amp_time", "mp_time", "remark", "create_by", "create_at", "update_by", "update_at", "delete_at") VALUES (735, 14, 'TM-U295P', NULL, 4, 'C178', NULL, NULL, NULL, NULL, '小P', 1, '2019-12-15 23:55:52.776443', NULL, NULL, NULL);
INSERT INTO "public"."model"("id", "model_series_id", "name", "pinyin", "dept_id", "code", "ws_time", "es_time", "amp_time", "mp_time", "remark", "create_by", "create_at", "update_by", "update_at", "delete_at") VALUES (736, 14, 'TM-T70-i', NULL, 4, 'C637', NULL, NULL, NULL, NULL, '小P', 1, '2019-12-15 23:55:52.776443', NULL, NULL, NULL);
INSERT INTO "public"."model"("id", "model_series_id", "name", "pinyin", "dept_id", "code", "ws_time", "es_time", "amp_time", "mp_time", "remark", "create_by", "create_at", "update_by", "update_at", "delete_at") VALUES (737, 14, 'TM-T70II', NULL, 4, 'CD38', NULL, NULL, NULL, NULL, '小P', 1, '2019-12-15 23:55:52.776443', NULL, NULL, NULL);
INSERT INTO "public"."model"("id", "model_series_id", "name", "pinyin", "dept_id", "code", "ws_time", "es_time", "amp_time", "mp_time", "remark", "create_by", "create_at", "update_by", "update_at", "delete_at") VALUES (738, 14, 'TM-T70II-DT', NULL, 4, 'CD51', NULL, NULL, NULL, NULL, '小P', 1, '2019-12-15 23:55:52.776443', NULL, NULL, NULL);
INSERT INTO "public"."model"("id", "model_series_id", "name", "pinyin", "dept_id", "code", "ws_time", "es_time", "amp_time", "mp_time", "remark", "create_by", "create_at", "update_by", "update_at", "delete_at") VALUES (739, 14, 'TM-T70II DT2', NULL, 4, 'CH61', NULL, NULL, NULL, NULL, '小P', 1, '2019-12-15 23:55:52.776443', NULL, NULL, NULL);
INSERT INTO "public"."model"("id", "model_series_id", "name", "pinyin", "dept_id", "code", "ws_time", "es_time", "amp_time", "mp_time", "remark", "create_by", "create_at", "update_by", "update_at", "delete_at") VALUES (740, 14, 'TM-T20', NULL, 4, 'CB10', NULL, NULL, NULL, NULL, '小P', 1, '2019-12-15 23:55:52.776443', NULL, NULL, NULL);
INSERT INTO "public"."model"("id", "model_series_id", "name", "pinyin", "dept_id", "code", "ws_time", "es_time", "amp_time", "mp_time", "remark", "create_by", "create_at", "update_by", "update_at", "delete_at") VALUES (741, 14, 'TM-T810F', NULL, 4, 'CB75', NULL, NULL, NULL, NULL, '小P', 1, '2019-12-15 23:55:52.776443', NULL, NULL, NULL);
INSERT INTO "public"."model"("id", "model_series_id", "name", "pinyin", "dept_id", "code", "ws_time", "es_time", "amp_time", "mp_time", "remark", "create_by", "create_at", "update_by", "update_at", "delete_at") VALUES (742, 14, 'TM-T900F', NULL, 4, 'CB76', NULL, NULL, NULL, NULL, '小P', 1, '2019-12-15 23:55:52.776443', NULL, NULL, NULL);
INSERT INTO "public"."model"("id", "model_series_id", "name", "pinyin", "dept_id", "code", "ws_time", "es_time", "amp_time", "mp_time", "remark", "create_by", "create_at", "update_by", "update_at", "delete_at") VALUES (743, 14, 'TM-T20II', NULL, 4, 'CD52', NULL, NULL, NULL, NULL, '小P', 1, '2019-12-15 23:55:52.776443', NULL, NULL, NULL);
INSERT INTO "public"."model"("id", "model_series_id", "name", "pinyin", "dept_id", "code", "ws_time", "es_time", "amp_time", "mp_time", "remark", "create_by", "create_at", "update_by", "update_at", "delete_at") VALUES (744, 14, 'TM-M10', NULL, 4, 'CE74', NULL, NULL, NULL, NULL, '小P', 1, '2019-12-15 23:55:52.776443', NULL, NULL, NULL);
INSERT INTO "public"."model"("id", "model_series_id", "name", "pinyin", "dept_id", "code", "ws_time", "es_time", "amp_time", "mp_time", "remark", "create_by", "create_at", "update_by", "update_at", "delete_at") VALUES (745, 14, 'TM-M30', NULL, 4, 'CE95', NULL, NULL, NULL, NULL, '小P', 1, '2019-12-15 23:55:52.776443', NULL, NULL, NULL);
INSERT INTO "public"."model"("id", "model_series_id", "name", "pinyin", "dept_id", "code", "ws_time", "es_time", "amp_time", "mp_time", "remark", "create_by", "create_at", "update_by", "update_at", "delete_at") VALUES (746, 14, 'TM-P20', NULL, 4, 'CE14', NULL, NULL, NULL, NULL, '小P', 1, '2019-12-15 23:55:52.776443', NULL, NULL, NULL);
INSERT INTO "public"."model"("id", "model_series_id", "name", "pinyin", "dept_id", "code", "ws_time", "es_time", "amp_time", "mp_time", "remark", "create_by", "create_at", "update_by", "update_at", "delete_at") VALUES (747, 14, 'TM-P60', NULL, 4, 'CC79', NULL, NULL, NULL, NULL, '小P', 1, '2019-12-15 23:55:52.776443', NULL, NULL, NULL);
INSERT INTO "public"."model"("id", "model_series_id", "name", "pinyin", "dept_id", "code", "ws_time", "es_time", "amp_time", "mp_time", "remark", "create_by", "create_at", "update_by", "update_at", "delete_at") VALUES (748, 14, 'TM-P80', NULL, 4, 'CD70', NULL, NULL, NULL, NULL, '小P', 1, '2019-12-15 23:55:52.776443', NULL, NULL, NULL);
INSERT INTO "public"."model"("id", "model_series_id", "name", "pinyin", "dept_id", "code", "ws_time", "es_time", "amp_time", "mp_time", "remark", "create_by", "create_at", "update_by", "update_at", "delete_at") VALUES (749, 14, 'TM-H5000', NULL, 4, 'C246', NULL, NULL, NULL, NULL, '小P', 1, '2019-12-15 23:55:52.776443', NULL, NULL, NULL);
INSERT INTO "public"."model"("id", "model_series_id", "name", "pinyin", "dept_id", "code", "ws_time", "es_time", "amp_time", "mp_time", "remark", "create_by", "create_at", "update_by", "update_at", "delete_at") VALUES (750, 14, 'TM-H5000IIP', NULL, 4, 'C249', NULL, NULL, NULL, NULL, '小P', 1, '2019-12-15 23:55:52.776443', NULL, NULL, NULL);
INSERT INTO "public"."model"("id", "model_series_id", "name", "pinyin", "dept_id", "code", "ws_time", "es_time", "amp_time", "mp_time", "remark", "create_by", "create_at", "update_by", "update_at", "delete_at") VALUES (751, 14, 'TM-U590', NULL, 4, 'C196', NULL, NULL, NULL, NULL, '小P', 1, '2019-12-15 23:55:52.776443', NULL, NULL, NULL);
INSERT INTO "public"."model"("id", "model_series_id", "name", "pinyin", "dept_id", "code", "ws_time", "es_time", "amp_time", "mp_time", "remark", "create_by", "create_at", "update_by", "update_at", "delete_at") VALUES (752, 14, 'TM-U590P', NULL, 4, 'C222', NULL, NULL, NULL, NULL, '小P', 1, '2019-12-15 23:55:52.776443', NULL, NULL, NULL);
INSERT INTO "public"."model"("id", "model_series_id", "name", "pinyin", "dept_id", "code", "ws_time", "es_time", "amp_time", "mp_time", "remark", "create_by", "create_at", "update_by", "update_at", "delete_at") VALUES (753, 14, 'TM-U950', NULL, 4, 'C151', NULL, NULL, NULL, NULL, '小P', 1, '2019-12-15 23:55:52.776443', NULL, NULL, NULL);
INSERT INTO "public"."model"("id", "model_series_id", "name", "pinyin", "dept_id", "code", "ws_time", "es_time", "amp_time", "mp_time", "remark", "create_by", "create_at", "update_by", "update_at", "delete_at") VALUES (754, 14, 'TM-U950P', NULL, 4, 'C176', NULL, NULL, NULL, NULL, '小P', 1, '2019-12-15 23:55:52.776443', NULL, NULL, NULL);
INSERT INTO "public"."model"("id", "model_series_id", "name", "pinyin", "dept_id", "code", "ws_time", "es_time", "amp_time", "mp_time", "remark", "create_by", "create_at", "update_by", "update_at", "delete_at") VALUES (755, 14, 'TM-T86L', NULL, 4, 'C532', NULL, NULL, NULL, NULL, '小P', 1, '2019-12-15 23:55:52.776443', NULL, NULL, NULL);
INSERT INTO "public"."model"("id", "model_series_id", "name", "pinyin", "dept_id", "code", "ws_time", "es_time", "amp_time", "mp_time", "remark", "create_by", "create_at", "update_by", "update_at", "delete_at") VALUES (756, 14, 'TM-T88IV', NULL, 4, 'C636', NULL, NULL, NULL, NULL, '小P', 1, '2019-12-15 23:55:52.776443', NULL, NULL, NULL);
INSERT INTO "public"."model"("id", "model_series_id", "name", "pinyin", "dept_id", "code", "ws_time", "es_time", "amp_time", "mp_time", "remark", "create_by", "create_at", "update_by", "update_at", "delete_at") VALUES (757, 14, 'TM-T88V', NULL, 4, 'CA85', NULL, NULL, NULL, NULL, '小P', 1, '2019-12-15 23:55:52.776443', NULL, NULL, NULL);
INSERT INTO "public"."model"("id", "model_series_id", "name", "pinyin", "dept_id", "code", "ws_time", "es_time", "amp_time", "mp_time", "remark", "create_by", "create_at", "update_by", "update_at", "delete_at") VALUES (758, 14, 'TM-T88V-DT', NULL, 4, 'CC74', NULL, NULL, NULL, NULL, '小P', 1, '2019-12-15 23:55:52.776443', NULL, NULL, NULL);
INSERT INTO "public"."model"("id", "model_series_id", "name", "pinyin", "dept_id", "code", "ws_time", "es_time", "amp_time", "mp_time", "remark", "create_by", "create_at", "update_by", "update_at", "delete_at") VALUES (759, 14, 'TM-T88VI-DT2', NULL, 4, 'CH64', NULL, NULL, NULL, NULL, '小P', 1, '2019-12-15 23:55:52.776443', NULL, NULL, NULL);
INSERT INTO "public"."model"("id", "model_series_id", "name", "pinyin", "dept_id", "code", "ws_time", "es_time", "amp_time", "mp_time", "remark", "create_by", "create_at", "update_by", "update_at", "delete_at") VALUES (760, 14, 'TM-T88VI', NULL, 4, 'CE94', NULL, NULL, NULL, NULL, '小P', 1, '2019-12-15 23:55:52.776443', NULL, NULL, NULL);
INSERT INTO "public"."model"("id", "model_series_id", "name", "pinyin", "dept_id", "code", "ws_time", "es_time", "amp_time", "mp_time", "remark", "create_by", "create_at", "update_by", "update_at", "delete_at") VALUES (761, 14, 'TM-U220A', NULL, 4, 'C513', NULL, NULL, NULL, NULL, '小P', 1, '2019-12-15 23:55:52.776443', NULL, NULL, NULL);
INSERT INTO "public"."model"("id", "model_series_id", "name", "pinyin", "dept_id", "code", "ws_time", "es_time", "amp_time", "mp_time", "remark", "create_by", "create_at", "update_by", "update_at", "delete_at") VALUES (762, 14, 'TM-U220B', NULL, 4, 'C514', NULL, NULL, NULL, NULL, '小P', 1, '2019-12-15 23:55:52.776443', NULL, NULL, NULL);
INSERT INTO "public"."model"("id", "model_series_id", "name", "pinyin", "dept_id", "code", "ws_time", "es_time", "amp_time", "mp_time", "remark", "create_by", "create_at", "update_by", "update_at", "delete_at") VALUES (763, 14, 'TM-U220D', NULL, 4, 'C515', NULL, NULL, NULL, NULL, '小P', 1, '2019-12-15 23:55:52.776443', NULL, NULL, NULL);
INSERT INTO "public"."model"("id", "model_series_id", "name", "pinyin", "dept_id", "code", "ws_time", "es_time", "amp_time", "mp_time", "remark", "create_by", "create_at", "update_by", "update_at", "delete_at") VALUES (764, 14, 'TM-U220PA', NULL, 4, 'C516', NULL, NULL, NULL, NULL, '小P', 1, '2019-12-15 23:55:52.776443', NULL, NULL, NULL);
INSERT INTO "public"."model"("id", "model_series_id", "name", "pinyin", "dept_id", "code", "ws_time", "es_time", "amp_time", "mp_time", "remark", "create_by", "create_at", "update_by", "update_at", "delete_at") VALUES (765, 14, 'TM-U220PB', NULL, 4, 'C517', NULL, NULL, NULL, NULL, '小P', 1, '2019-12-15 23:55:52.776443', NULL, NULL, NULL);
INSERT INTO "public"."model"("id", "model_series_id", "name", "pinyin", "dept_id", "code", "ws_time", "es_time", "amp_time", "mp_time", "remark", "create_by", "create_at", "update_by", "update_at", "delete_at") VALUES (766, 14, 'TM-U220PD', NULL, 4, 'C518', NULL, NULL, NULL, NULL, '小P', 1, '2019-12-15 23:55:52.776443', NULL, NULL, NULL);
INSERT INTO "public"."model"("id", "model_series_id", "name", "pinyin", "dept_id", "code", "ws_time", "es_time", "amp_time", "mp_time", "remark", "create_by", "create_at", "update_by", "update_at", "delete_at") VALUES (767, 14, 'TM-U288B', NULL, 4, 'CB65', NULL, NULL, NULL, NULL, '小P', 1, '2019-12-15 23:55:52.776443', NULL, NULL, NULL);
INSERT INTO "public"."model"("id", "model_series_id", "name", "pinyin", "dept_id", "code", "ws_time", "es_time", "amp_time", "mp_time", "remark", "create_by", "create_at", "update_by", "update_at", "delete_at") VALUES (768, 14, 'TM-U288D', NULL, 4, 'CB66', NULL, NULL, NULL, NULL, '小P', 1, '2019-12-15 23:55:52.776443', NULL, NULL, NULL);
INSERT INTO "public"."model"("id", "model_series_id", "name", "pinyin", "dept_id", "code", "ws_time", "es_time", "amp_time", "mp_time", "remark", "create_by", "create_at", "update_by", "update_at", "delete_at") VALUES (769, 14, 'TM-U330B', NULL, 4, 'CD85', NULL, NULL, NULL, NULL, '小P', 1, '2019-12-15 23:55:52.776443', NULL, NULL, NULL);
INSERT INTO "public"."model"("id", "model_series_id", "name", "pinyin", "dept_id", "code", "ws_time", "es_time", "amp_time", "mp_time", "remark", "create_by", "create_at", "update_by", "update_at", "delete_at") VALUES (770, 14, 'TM-H6000III', NULL, 4, 'C625', NULL, NULL, NULL, NULL, '小P', 1, '2019-12-15 23:55:52.776443', NULL, NULL, NULL);
INSERT INTO "public"."model"("id", "model_series_id", "name", "pinyin", "dept_id", "code", "ws_time", "es_time", "amp_time", "mp_time", "remark", "create_by", "create_at", "update_by", "update_at", "delete_at") VALUES (771, 14, 'TM-U675', NULL, 4, 'C283', NULL, NULL, NULL, NULL, '小P', 1, '2019-12-15 23:55:52.776443', NULL, NULL, NULL);
INSERT INTO "public"."model"("id", "model_series_id", "name", "pinyin", "dept_id", "code", "ws_time", "es_time", "amp_time", "mp_time", "remark", "create_by", "create_at", "update_by", "update_at", "delete_at") VALUES (772, 14, 'TM-U675P', NULL, 4, 'C289', NULL, NULL, NULL, NULL, '小P', 1, '2019-12-15 23:55:52.776443', NULL, NULL, NULL);
INSERT INTO "public"."model"("id", "model_series_id", "name", "pinyin", "dept_id", "code", "ws_time", "es_time", "amp_time", "mp_time", "remark", "create_by", "create_at", "update_by", "update_at", "delete_at") VALUES (773, 14, 'TM-H2000', NULL, 4, 'CB26', NULL, NULL, NULL, NULL, '小P', 1, '2019-12-15 23:55:52.776443', NULL, NULL, NULL);
INSERT INTO "public"."model"("id", "model_series_id", "name", "pinyin", "dept_id", "code", "ws_time", "es_time", "amp_time", "mp_time", "remark", "create_by", "create_at", "update_by", "update_at", "delete_at") VALUES (774, 14, 'TM-H6000IV-DT', NULL, 4, 'CD83', NULL, NULL, NULL, NULL, '小P', 1, '2019-12-15 23:55:52.776443', NULL, NULL, NULL);
INSERT INTO "public"."model"("id", "model_series_id", "name", "pinyin", "dept_id", "code", "ws_time", "es_time", "amp_time", "mp_time", "remark", "create_by", "create_at", "update_by", "update_at", "delete_at") VALUES (775, 14, 'TM-H6000IV', NULL, 4, 'CB25', NULL, NULL, NULL, NULL, '小P', 1, '2019-12-15 23:55:52.776443', NULL, NULL, NULL);
INSERT INTO "public"."model"("id", "model_series_id", "name", "pinyin", "dept_id", "code", "ws_time", "es_time", "amp_time", "mp_time", "remark", "create_by", "create_at", "update_by", "update_at", "delete_at") VALUES (776, 14, 'TM-H6000V', NULL, 4, 'CG62', NULL, NULL, NULL, NULL, '小P', 1, '2019-12-15 23:55:52.776443', NULL, NULL, NULL);
INSERT INTO "public"."model"("id", "model_series_id", "name", "pinyin", "dept_id", "code", "ws_time", "es_time", "amp_time", "mp_time", "remark", "create_by", "create_at", "update_by", "update_at", "delete_at") VALUES (777, 15, 'CTM-RX700', NULL, 4, 'C596', NULL, NULL, NULL, NULL, '小P', 1, '2019-12-15 23:55:52.776443', NULL, NULL, NULL);
INSERT INTO "public"."model"("id", "model_series_id", "name", "pinyin", "dept_id", "code", "ws_time", "es_time", "amp_time", "mp_time", "remark", "create_by", "create_at", "update_by", "update_at", "delete_at") VALUES (778, 15, 'GP-730', NULL, 4, 'CD75', NULL, NULL, NULL, NULL, '小P', 1, '2019-12-15 23:55:52.776443', NULL, NULL, NULL);
INSERT INTO "public"."model"("id", "model_series_id", "name", "pinyin", "dept_id", "code", "ws_time", "es_time", "amp_time", "mp_time", "remark", "create_by", "create_at", "update_by", "update_at", "delete_at") VALUES (779, 15, 'GP-C830', NULL, 4, 'CC68', NULL, NULL, NULL, NULL, '小P', 1, '2019-12-15 23:55:52.776443', NULL, NULL, NULL);
INSERT INTO "public"."model"("id", "model_series_id", "name", "pinyin", "dept_id", "code", "ws_time", "es_time", "amp_time", "mp_time", "remark", "create_by", "create_at", "update_by", "update_at", "delete_at") VALUES (780, 15, 'GP-M830', NULL, 4, 'CC69', NULL, NULL, NULL, NULL, '小P', 1, '2019-12-15 23:55:52.776443', NULL, NULL, NULL);
INSERT INTO "public"."model"("id", "model_series_id", "name", "pinyin", "dept_id", "code", "ws_time", "es_time", "amp_time", "mp_time", "remark", "create_by", "create_at", "update_by", "update_at", "delete_at") VALUES (781, 15, 'GP-1100', NULL, 4, 'CD26', NULL, NULL, NULL, NULL, '小P', 1, '2019-12-15 23:55:52.776443', NULL, NULL, NULL);
INSERT INTO "public"."model"("id", "model_series_id", "name", "pinyin", "dept_id", "code", "ws_time", "es_time", "amp_time", "mp_time", "remark", "create_by", "create_at", "update_by", "update_at", "delete_at") VALUES (782, 15, 'TM-C3400', NULL, 4, 'CA26', NULL, NULL, NULL, NULL, '小P', 1, '2019-12-15 23:55:52.776443', NULL, NULL, NULL);
INSERT INTO "public"."model"("id", "model_series_id", "name", "pinyin", "dept_id", "code", "ws_time", "es_time", "amp_time", "mp_time", "remark", "create_by", "create_at", "update_by", "update_at", "delete_at") VALUES (783, 15, 'TM-C3400-LT', NULL, 4, 'CC35', NULL, NULL, NULL, NULL, '小P', 1, '2019-12-15 23:55:52.776443', NULL, NULL, NULL);
INSERT INTO "public"."model"("id", "model_series_id", "name", "pinyin", "dept_id", "code", "ws_time", "es_time", "amp_time", "mp_time", "remark", "create_by", "create_at", "update_by", "update_at", "delete_at") VALUES (784, 15, 'TM-C3400BK', NULL, 4, 'CA26', NULL, NULL, NULL, NULL, '小P', 1, '2019-12-15 23:55:52.776443', NULL, NULL, NULL);
INSERT INTO "public"."model"("id", "model_series_id", "name", "pinyin", "dept_id", "code", "ws_time", "es_time", "amp_time", "mp_time", "remark", "create_by", "create_at", "update_by", "update_at", "delete_at") VALUES (785, 15, 'TM-C3500', NULL, 4, 'CD54', NULL, NULL, NULL, NULL, '小P', 1, '2019-12-15 23:55:52.776443', NULL, NULL, NULL);
INSERT INTO "public"."model"("id", "model_series_id", "name", "pinyin", "dept_id", "code", "ws_time", "es_time", "amp_time", "mp_time", "remark", "create_by", "create_at", "update_by", "update_at", "delete_at") VALUES (786, 15, 'TM-S1000', NULL, 4, 'A266', NULL, NULL, NULL, NULL, '小P', 1, '2019-12-15 23:55:52.776443', NULL, NULL, NULL);
INSERT INTO "public"."model"("id", "model_series_id", "name", "pinyin", "dept_id", "code", "ws_time", "es_time", "amp_time", "mp_time", "remark", "create_by", "create_at", "update_by", "update_at", "delete_at") VALUES (787, 15, 'TM-C7500', NULL, 4, 'CD84', NULL, NULL, NULL, NULL, '小P', 1, '2019-12-15 23:55:52.776443', NULL, NULL, NULL);
INSERT INTO "public"."model"("id", "model_series_id", "name", "pinyin", "dept_id", "code", "ws_time", "es_time", "amp_time", "mp_time", "remark", "create_by", "create_at", "update_by", "update_at", "delete_at") VALUES (788, 15, 'TM-L500', NULL, 4, 'CB49', NULL, NULL, NULL, NULL, '小P', 1, '2019-12-15 23:55:52.776443', NULL, NULL, NULL);
INSERT INTO "public"."model"("id", "model_series_id", "name", "pinyin", "dept_id", "code", "ws_time", "es_time", "amp_time", "mp_time", "remark", "create_by", "create_at", "update_by", "update_at", "delete_at") VALUES (789, 15, 'TM-S2000', NULL, 4, 'A268', NULL, NULL, NULL, NULL, '小P', 1, '2019-12-15 23:55:52.776443', NULL, NULL, NULL);
INSERT INTO "public"."model"("id", "model_series_id", "name", "pinyin", "dept_id", "code", "ws_time", "es_time", "amp_time", "mp_time", "remark", "create_by", "create_at", "update_by", "update_at", "delete_at") VALUES (790, 15, 'TMS2000II', NULL, 4, 'CG60', NULL, NULL, NULL, NULL, '小P', 1, '2019-12-15 23:55:52.776443', NULL, NULL, NULL);
INSERT INTO "public"."model"("id", "model_series_id", "name", "pinyin", "dept_id", "code", "ws_time", "es_time", "amp_time", "mp_time", "remark", "create_by", "create_at", "update_by", "update_at", "delete_at") VALUES (791, 15, 'TMS9000', NULL, 4, 'A267', NULL, NULL, NULL, NULL, '小P', 1, '2019-12-15 23:55:52.776443', NULL, NULL, NULL);
INSERT INTO "public"."model"("id", "model_series_id", "name", "pinyin", "dept_id", "code", "ws_time", "es_time", "amp_time", "mp_time", "remark", "create_by", "create_at", "update_by", "update_at", "delete_at") VALUES (792, 15, 'TMS9000II', NULL, 4, 'CG59', NULL, NULL, NULL, NULL, '小P', 1, '2019-12-15 23:55:52.776443', NULL, NULL, NULL);
INSERT INTO "public"."model"("id", "model_series_id", "name", "pinyin", "dept_id", "code", "ws_time", "es_time", "amp_time", "mp_time", "remark", "create_by", "create_at", "update_by", "update_at", "delete_at") VALUES (793, 15, 'TM-C700', NULL, 4, 'CA91', NULL, NULL, NULL, NULL, '小P', 1, '2019-12-15 23:55:52.776443', NULL, NULL, NULL);
INSERT INTO "public"."model"("id", "model_series_id", "name", "pinyin", "dept_id", "code", "ws_time", "es_time", "amp_time", "mp_time", "remark", "create_by", "create_at", "update_by", "update_at", "delete_at") VALUES (794, 15, 'TM-C800', NULL, 4, 'CF90', NULL, NULL, NULL, NULL, '小P', 1, '2019-12-15 23:55:52.776443', NULL, NULL, NULL);
INSERT INTO "public"."model"("id", "model_series_id", "name", "pinyin", "dept_id", "code", "ws_time", "es_time", "amp_time", "mp_time", "remark", "create_by", "create_at", "update_by", "update_at", "delete_at") VALUES (795, 15, 'PP-100N', NULL, 4, 'CA31', NULL, NULL, NULL, NULL, '小P', 1, '2019-12-15 23:55:52.776443', NULL, NULL, NULL);
INSERT INTO "public"."model"("id", "model_series_id", "name", "pinyin", "dept_id", "code", "ws_time", "es_time", "amp_time", "mp_time", "remark", "create_by", "create_at", "update_by", "update_at", "delete_at") VALUES (796, 15, 'PP-100AP', NULL, 4, 'CA93', NULL, NULL, NULL, NULL, '小P', 1, '2019-12-15 23:55:52.776443', NULL, NULL, NULL);
INSERT INTO "public"."model"("id", "model_series_id", "name", "pinyin", "dept_id", "code", "ws_time", "es_time", "amp_time", "mp_time", "remark", "create_by", "create_at", "update_by", "update_at", "delete_at") VALUES (797, 15, 'PP-50', NULL, 4, 'CB72', NULL, NULL, NULL, NULL, '小P', 1, '2019-12-15 23:55:52.776443', NULL, NULL, NULL);
INSERT INTO "public"."model"("id", "model_series_id", "name", "pinyin", "dept_id", "code", "ws_time", "es_time", "amp_time", "mp_time", "remark", "create_by", "create_at", "update_by", "update_at", "delete_at") VALUES (798, 15, 'PP-100II', NULL, 4, 'CD37', NULL, NULL, NULL, NULL, '小P', 1, '2019-12-15 23:55:52.776443', NULL, NULL, NULL);
INSERT INTO "public"."model"("id", "model_series_id", "name", "pinyin", "dept_id", "code", "ws_time", "es_time", "amp_time", "mp_time", "remark", "create_by", "create_at", "update_by", "update_at", "delete_at") VALUES (799, 15, 'PP-100III', NULL, 4, 'CH40', NULL, NULL, NULL, NULL, '小P', 1, '2019-12-15 23:55:52.776443', NULL, NULL, NULL);
INSERT INTO "public"."model"("id", "model_series_id", "name", "pinyin", "dept_id", "code", "ws_time", "es_time", "amp_time", "mp_time", "remark", "create_by", "create_at", "update_by", "update_at", "delete_at") VALUES (800, 15, 'PP-50II', NULL, 4, 'CH41', NULL, NULL, NULL, NULL, '小P', 1, '2019-12-15 23:55:52.776443', NULL, NULL, NULL);
INSERT INTO "public"."model"("id", "model_series_id", "name", "pinyin", "dept_id", "code", "ws_time", "es_time", "amp_time", "mp_time", "remark", "create_by", "create_at", "update_by", "update_at", "delete_at") VALUES (801, 15, 'TM-L90', NULL, 4, 'C412', NULL, NULL, NULL, NULL, '小P', 1, '2019-12-15 23:55:52.776443', NULL, NULL, NULL);
INSERT INTO "public"."model"("id", "model_series_id", "name", "pinyin", "dept_id", "code", "ws_time", "es_time", "amp_time", "mp_time", "remark", "create_by", "create_at", "update_by", "update_at", "delete_at") VALUES (802, 15, 'TM-L90P', NULL, 4, 'C414', NULL, NULL, NULL, NULL, '小P', 1, '2019-12-15 23:55:52.776443', NULL, NULL, NULL);
INSERT INTO "public"."model"("id", "model_series_id", "name", "pinyin", "dept_id", "code", "ws_time", "es_time", "amp_time", "mp_time", "remark", "create_by", "create_at", "update_by", "update_at", "delete_at") VALUES (803, 15, 'TM-T90', NULL, 4, 'C390', NULL, NULL, NULL, NULL, '小P', 1, '2019-12-15 23:55:52.776443', NULL, NULL, NULL);
INSERT INTO "public"."model"("id", "model_series_id", "name", "pinyin", "dept_id", "code", "ws_time", "es_time", "amp_time", "mp_time", "remark", "create_by", "create_at", "update_by", "update_at", "delete_at") VALUES (804, 15, 'TM-T90II', NULL, 4, 'CD39', NULL, NULL, NULL, NULL, '小P', 1, '2019-12-15 23:55:52.776443', NULL, NULL, NULL);
INSERT INTO "public"."model"("id", "model_series_id", "name", "pinyin", "dept_id", "code", "ws_time", "es_time", "amp_time", "mp_time", "remark", "create_by", "create_at", "update_by", "update_at", "delete_at") VALUES (813, 16, '机种1', NULL, 5, 'H919,H921', NULL, '2019-07-05', NULL, '2019-11-29', '', 1, '2019-12-16 00:01:26.067239', NULL, NULL, NULL);
INSERT INTO "public"."model"("id", "model_series_id", "name", "pinyin", "dept_id", "code", "ws_time", "es_time", "amp_time", "mp_time", "remark", "create_by", "create_at", "update_by", "update_at", "delete_at") VALUES (814, 16, '机种2', NULL, 5, 'H922,H956', NULL, '2019-07-05', NULL, '2019-11-29', '', 1, '2019-12-16 00:01:39.770459', NULL, NULL, NULL);
INSERT INTO "public"."model"("id", "model_series_id", "name", "pinyin", "dept_id", "code", "ws_time", "es_time", "amp_time", "mp_time", "remark", "create_by", "create_at", "update_by", "update_at", "delete_at") VALUES (815, 17, 'DUCT PUMP,UNIT,4,CH74', NULL, 6, '1816975-**', NULL, NULL, NULL, NULL, NULL, NULL, '2019-12-16 00:06:59.024882', NULL, NULL, NULL);
select setval('model_id_seq',816);

INSERT INTO "public"."model_series"("id", "name", "pinyin", "remark", "create_by", "create_at", "update_by", "update_at", "delete_at") VALUES (1, 'BSH-AD', 'BSH-AD', NULL, 1, '2019-12-16 00:37:50.423605', NULL, NULL, NULL);
INSERT INTO "public"."model_series"("id", "name", "pinyin", "remark", "create_by", "create_at", "update_by", "update_at", "delete_at") VALUES (2, 'BSH', 'BSH', NULL, 1, '2019-12-16 00:37:54.945717', NULL, NULL, NULL);
INSERT INTO "public"."model_series"("id", "name", "pinyin", "remark", "create_by", "create_at", "update_by", "update_at", "delete_at") VALUES (3, 'LL', 'LL', NULL, 1, '2019-12-16 00:37:59.577792', NULL, NULL, NULL);
INSERT INTO "public"."model_series"("id", "name", "pinyin", "remark", "create_by", "create_at", "update_by", "update_at", "delete_at") VALUES (4, 'Gaga', 'Gaga', NULL, 1, '2019-12-16 00:38:08.11449', NULL, NULL, NULL);
INSERT INTO "public"."model_series"("id", "name", "pinyin", "remark", "create_by", "create_at", "update_by", "update_at", "delete_at") VALUES (5, 'LFP', 'LFP', NULL, 1, '2019-12-16 00:38:12.437534', NULL, NULL, NULL);
INSERT INTO "public"."model_series"("id", "name", "pinyin", "remark", "create_by", "create_at", "update_by", "update_at", "delete_at") VALUES (6, 'Fusion', 'Fusion', NULL, 1, '2019-12-16 00:38:16.297647', NULL, NULL, NULL);
INSERT INTO "public"."model_series"("id", "name", "pinyin", "remark", "create_by", "create_at", "update_by", "update_at", "delete_at") VALUES (7, 'Raptor', 'Raptor', NULL, 1, '2019-12-16 00:38:21.031962', NULL, NULL, NULL);
INSERT INTO "public"."model_series"("id", "name", "pinyin", "remark", "create_by", "create_at", "update_by", "update_at", "delete_at") VALUES (8, 'Varius', 'Varius', NULL, 1, '2019-12-16 00:38:26.028559', NULL, NULL, NULL);
INSERT INTO "public"."model_series"("id", "name", "pinyin", "remark", "create_by", "create_at", "update_by", "update_at", "delete_at") VALUES (9, 'Mosso', 'Mosso', NULL, 1, '2019-12-16 00:38:30.002403', NULL, NULL, NULL);
INSERT INTO "public"."model_series"("id", "name", "pinyin", "remark", "create_by", "create_at", "update_by", "update_at", "delete_at") VALUES (10, 'Opera', 'Opera', NULL, 1, '2019-12-16 00:38:34.094783', NULL, NULL, NULL);
INSERT INTO "public"."model_series"("id", "name", "pinyin", "remark", "create_by", "create_at", "update_by", "update_at", "delete_at") VALUES (11, 'RS', 'RS', NULL, 1, '2019-12-16 00:38:38.099589', NULL, NULL, NULL);
INSERT INTO "public"."model_series"("id", "name", "pinyin", "remark", "create_by", "create_at", "update_by", "update_at", "delete_at") VALUES (12, 'SIDM', 'SIDM', NULL, 1, '2019-12-16 00:38:42.235437', NULL, NULL, NULL);
INSERT INTO "public"."model_series"("id", "name", "pinyin", "remark", "create_by", "create_at", "update_by", "update_at", "delete_at") VALUES (13, 'MPM', 'MPM', NULL, 1, '2019-12-16 00:38:47.079773', NULL, NULL, NULL);
INSERT INTO "public"."model_series"("id", "name", "pinyin", "remark", "create_by", "create_at", "update_by", "update_at", "delete_at") VALUES (14, 'TM-R', 'TM-R', NULL, 1, '2019-12-16 00:38:51.240997', NULL, NULL, NULL);
INSERT INTO "public"."model_series"("id", "name", "pinyin", "remark", "create_by", "create_at", "update_by", "update_at", "delete_at") VALUES (15, 'TM-NR', 'TM-NR', NULL, 1, '2019-12-16 00:38:54.903655', NULL, NULL, NULL);
INSERT INTO "public"."model_series"("id", "name", "pinyin", "remark", "create_by", "create_at", "update_by", "update_at", "delete_at") VALUES (16, 'Latvia', 'Latvia', NULL, 1, '2019-12-16 00:38:59.051497', NULL, NULL, NULL);
INSERT INTO "public"."model_series"("id", "name", "pinyin", "remark", "create_by", "create_at", "update_by", "update_at", "delete_at") VALUES (17, 'MOSSO', 'MOSSO', NULL, 1, '2019-12-16 00:39:03.077822', NULL, NULL, NULL);
select setval('model_series_id_seq',18);

INSERT INTO "public"."workstation"("id", "name", "pinyin", "remark", "workstation_type_id", "create_by", "create_at", "update_by", "update_at", "delete_at") VALUES (1, 'S1', NULL, '以Varius76-4 ES1阶段数据为参考', 0, 1, '2019-12-16 00:55:23.447992', NULL, NULL, NULL);
INSERT INTO "public"."workstation"("id", "name", "pinyin", "remark", "workstation_type_id", "create_by", "create_at", "update_by", "update_at", "delete_at") VALUES (2, 'S2', NULL, '', 0, 1, '2019-12-16 00:55:23.447992', NULL, NULL, NULL);
INSERT INTO "public"."workstation"("id", "name", "pinyin", "remark", "workstation_type_id", "create_by", "create_at", "update_by", "update_at", "delete_at") VALUES (3, 'S3', NULL, '', 0, 1, '2019-12-16 00:55:23.447992', NULL, NULL, NULL);
INSERT INTO "public"."workstation"("id", "name", "pinyin", "remark", "workstation_type_id", "create_by", "create_at", "update_by", "update_at", "delete_at") VALUES (4, 'S4', NULL, '', 0, 1, '2019-12-16 00:55:23.447992', NULL, NULL, NULL);
INSERT INTO "public"."workstation"("id", "name", "pinyin", "remark", "workstation_type_id", "create_by", "create_at", "update_by", "update_at", "delete_at") VALUES (5, 'S5', NULL, '', 0, 1, '2019-12-16 00:55:23.447992', NULL, NULL, NULL);
INSERT INTO "public"."workstation"("id", "name", "pinyin", "remark", "workstation_type_id", "create_by", "create_at", "update_by", "update_at", "delete_at") VALUES (6, 'Roll&Reel', NULL, '', 0, 1, '2019-12-16 00:55:23.447992', NULL, NULL, NULL);
INSERT INTO "public"."workstation"("id", "name", "pinyin", "remark", "workstation_type_id", "create_by", "create_at", "update_by", "update_at", "delete_at") VALUES (7, 'M0', NULL, '', 0, 1, '2019-12-16 00:55:23.447992', NULL, NULL, NULL);
INSERT INTO "public"."workstation"("id", "name", "pinyin", "remark", "workstation_type_id", "create_by", "create_at", "update_by", "update_at", "delete_at") VALUES (8, 'M1', NULL, '', 0, 1, '2019-12-16 00:55:23.447992', NULL, NULL, NULL);
INSERT INTO "public"."workstation"("id", "name", "pinyin", "remark", "workstation_type_id", "create_by", "create_at", "update_by", "update_at", "delete_at") VALUES (9, 'M2', NULL, '', 0, 1, '2019-12-16 00:55:23.447992', NULL, NULL, NULL);
INSERT INTO "public"."workstation"("id", "name", "pinyin", "remark", "workstation_type_id", "create_by", "create_at", "update_by", "update_at", "delete_at") VALUES (10, 'M3', NULL, '', 0, 1, '2019-12-16 00:55:23.447992', NULL, NULL, NULL);
INSERT INTO "public"."workstation"("id", "name", "pinyin", "remark", "workstation_type_id", "create_by", "create_at", "update_by", "update_at", "delete_at") VALUES (11, 'M4', NULL, '', 0, 1, '2019-12-16 00:55:23.447992', NULL, NULL, NULL);
INSERT INTO "public"."workstation"("id", "name", "pinyin", "remark", "workstation_type_id", "create_by", "create_at", "update_by", "update_at", "delete_at") VALUES (12, '内观', NULL, '', 0, 1, '2019-12-16 00:55:23.447992', NULL, NULL, NULL);
INSERT INTO "public"."workstation"("id", "name", "pinyin", "remark", "workstation_type_id", "create_by", "create_at", "update_by", "update_at", "delete_at") VALUES (13, '外装1', NULL, '', 0, 1, '2019-12-16 00:55:23.447992', NULL, NULL, NULL);
INSERT INTO "public"."workstation"("id", "name", "pinyin", "remark", "workstation_type_id", "create_by", "create_at", "update_by", "update_at", "delete_at") VALUES (14, '漏电', NULL, '', 0, 1, '2019-12-16 00:55:23.447992', NULL, NULL, NULL);
INSERT INTO "public"."workstation"("id", "name", "pinyin", "remark", "workstation_type_id", "create_by", "create_at", "update_by", "update_at", "delete_at") VALUES (15, '漏气', NULL, '', 0, 1, '2019-12-16 00:55:23.447992', NULL, NULL, NULL);
INSERT INTO "public"."workstation"("id", "name", "pinyin", "remark", "workstation_type_id", "create_by", "create_at", "update_by", "update_at", "delete_at") VALUES (16, '印字', NULL, '', 0, 1, '2019-12-16 00:55:23.447992', NULL, NULL, NULL);
INSERT INTO "public"."workstation"("id", "name", "pinyin", "remark", "workstation_type_id", "create_by", "create_at", "update_by", "update_at", "delete_at") VALUES (17, '洗净', NULL, '', 0, 1, '2019-12-16 00:55:23.447992', NULL, NULL, NULL);
INSERT INTO "public"."workstation"("id", "name", "pinyin", "remark", "workstation_type_id", "create_by", "create_at", "update_by", "update_at", "delete_at") VALUES (18, '外装2', NULL, '', 0, 1, '2019-12-16 00:55:23.447992', NULL, NULL, NULL);
INSERT INTO "public"."workstation"("id", "name", "pinyin", "remark", "workstation_type_id", "create_by", "create_at", "update_by", "update_at", "delete_at") VALUES (19, '安检&出荷', NULL, '', 0, 1, '2019-12-16 00:55:23.447992', NULL, NULL, NULL);
INSERT INTO "public"."workstation"("id", "name", "pinyin", "remark", "workstation_type_id", "create_by", "create_at", "update_by", "update_at", "delete_at") VALUES (20, '外观', NULL, '', 0, 1, '2019-12-16 00:55:23.447992', NULL, NULL, NULL);
INSERT INTO "public"."workstation"("id", "name", "pinyin", "remark", "workstation_type_id", "create_by", "create_at", "update_by", "update_at", "delete_at") VALUES (21, '本体捆包', NULL, '', 0, 1, '2019-12-16 00:55:23.447992', NULL, NULL, NULL);
INSERT INTO "public"."workstation"("id", "name", "pinyin", "remark", "workstation_type_id", "create_by", "create_at", "update_by", "update_at", "delete_at") VALUES (22, 'Option 捆包', NULL, '', 0, 1, '2019-12-16 00:55:23.447992', NULL, NULL, NULL);
INSERT INTO "public"."workstation"("id", "name", "pinyin", "remark", "workstation_type_id", "create_by", "create_at", "update_by", "update_at", "delete_at") VALUES (23, '反射镜A,B组合', NULL, '', 0, 1, '2019-12-16 00:55:23.447992', NULL, NULL, NULL);
INSERT INTO "public"."workstation"("id", "name", "pinyin", "remark", "workstation_type_id", "create_by", "create_at", "update_by", "update_at", "delete_at") VALUES (24, 'N偏光板R+G+B', NULL, '', 0, 1, '2019-12-16 00:55:23.447992', NULL, NULL, NULL);
INSERT INTO "public"."workstation"("id", "name", "pinyin", "remark", "workstation_type_id", "create_by", "create_at", "update_by", "update_at", "delete_at") VALUES (25, 'LDP 组合', NULL, '', 0, 1, '2019-12-16 00:55:23.447992', NULL, NULL, NULL);
INSERT INTO "public"."workstation"("id", "name", "pinyin", "remark", "workstation_type_id", "create_by", "create_at", "update_by", "update_at", "delete_at") VALUES (26, '上光通道组合', NULL, '', 0, 1, '2019-12-16 00:55:23.447992', NULL, NULL, NULL);
INSERT INTO "public"."workstation"("id", "name", "pinyin", "remark", "workstation_type_id", "create_by", "create_at", "update_by", "update_at", "delete_at") VALUES (27, '光通道组合', NULL, '', 0, 1, '2019-12-16 00:55:23.447992', NULL, NULL, NULL);
INSERT INTO "public"."workstation"("id", "name", "pinyin", "remark", "workstation_type_id", "create_by", "create_at", "update_by", "update_at", "delete_at") VALUES (28, '下壳组合（分方向）', NULL, '', 0, 1, '2019-12-16 00:55:23.447992', NULL, NULL, NULL);
INSERT INTO "public"."workstation"("id", "name", "pinyin", "remark", "workstation_type_id", "create_by", "create_at", "update_by", "update_at", "delete_at") VALUES (29, 'LDDR 组合', NULL, '', 0, 1, '2019-12-16 00:55:23.447992', NULL, NULL, NULL);
INSERT INTO "public"."workstation"("id", "name", "pinyin", "remark", "workstation_type_id", "create_by", "create_at", "update_by", "update_at", "delete_at") VALUES (30, 'LD消音器组合 ', NULL, '', 0, 1, '2019-12-16 00:55:23.447992', NULL, NULL, NULL);
INSERT INTO "public"."workstation"("id", "name", "pinyin", "remark", "workstation_type_id", "create_by", "create_at", "update_by", "update_at", "delete_at") VALUES (31, '排気通道组合', NULL, '', 0, 1, '2019-12-16 00:55:23.447992', NULL, NULL, NULL);
INSERT INTO "public"."workstation"("id", "name", "pinyin", "remark", "workstation_type_id", "create_by", "create_at", "update_by", "update_at", "delete_at") VALUES (32, '吸気通道组合 ', NULL, '', 0, 1, '2019-12-16 00:55:23.447992', NULL, NULL, NULL);
INSERT INTO "public"."workstation"("id", "name", "pinyin", "remark", "workstation_type_id", "create_by", "create_at", "update_by", "update_at", "delete_at") VALUES (33, 'LV 通道组合', NULL, '', 0, 1, '2019-12-16 00:55:23.447992', NULL, NULL, NULL);
INSERT INTO "public"."workstation"("id", "name", "pinyin", "remark", "workstation_type_id", "create_by", "create_at", "update_by", "update_at", "delete_at") VALUES (34, 'LLC 电源组合', NULL, '', 0, 1, '2019-12-16 00:55:23.447992', NULL, NULL, NULL);
INSERT INTO "public"."workstation"("id", "name", "pinyin", "remark", "workstation_type_id", "create_by", "create_at", "update_by", "update_at", "delete_at") VALUES (35, '電源组合', NULL, '', 0, 1, '2019-12-16 00:55:23.447992', NULL, NULL, NULL);
INSERT INTO "public"."workstation"("id", "name", "pinyin", "remark", "workstation_type_id", "create_by", "create_at", "update_by", "update_at", "delete_at") VALUES (36, 'LD通道组合', NULL, '', 0, 1, '2019-12-16 00:55:23.447992', NULL, NULL, NULL);
INSERT INTO "public"."workstation"("id", "name", "pinyin", "remark", "workstation_type_id", "create_by", "create_at", "update_by", "update_at", "delete_at") VALUES (37, 'EX1 & DR 基板组合 （H922/H956专用)', NULL, '', 0, 1, '2019-12-16 00:55:23.447992', NULL, NULL, NULL);
INSERT INTO "public"."workstation"("id", "name", "pinyin", "remark", "workstation_type_id", "create_by", "create_at", "update_by", "update_at", "delete_at") VALUES (38, '扬声器支架组合', NULL, '', 0, 1, '2019-12-16 00:55:23.447992', NULL, NULL, NULL);
INSERT INTO "public"."workstation"("id", "name", "pinyin", "remark", "workstation_type_id", "create_by", "create_at", "update_by", "update_at", "delete_at") VALUES (39, 'IRR 支架组合', NULL, '', 0, 1, '2019-12-16 00:55:23.447992', NULL, NULL, NULL);
INSERT INTO "public"."workstation"("id", "name", "pinyin", "remark", "workstation_type_id", "create_by", "create_at", "update_by", "update_at", "delete_at") VALUES (40, '前壳组合（分方向)', NULL, '', 0, 1, '2019-12-16 00:55:23.447992', NULL, NULL, NULL);
INSERT INTO "public"."workstation"("id", "name", "pinyin", "remark", "workstation_type_id", "create_by", "create_at", "update_by", "update_at", "delete_at") VALUES (41, '上壳组合 （H919/H921）', NULL, '', 0, 1, '2019-12-16 00:55:23.447992', NULL, NULL, NULL);
INSERT INTO "public"."workstation"("id", "name", "pinyin", "remark", "workstation_type_id", "create_by", "create_at", "update_by", "update_at", "delete_at") VALUES (42, '上壳组合 （H922/H956）', NULL, '', 0, 1, '2019-12-16 00:55:23.447992', NULL, NULL, NULL);
INSERT INTO "public"."workstation"("id", "name", "pinyin", "remark", "workstation_type_id", "create_by", "create_at", "update_by", "update_at", "delete_at") VALUES (43, '空气过滤网组合', NULL, '', 0, 1, '2019-12-16 00:55:23.447992', NULL, NULL, NULL);
INSERT INTO "public"."workstation"("id", "name", "pinyin", "remark", "workstation_type_id", "create_by", "create_at", "update_by", "update_at", "delete_at") VALUES (44, '前盖组合 ', NULL, '', 0, 1, '2019-12-16 00:55:23.447992', NULL, NULL, NULL);
INSERT INTO "public"."workstation"("id", "name", "pinyin", "remark", "workstation_type_id", "create_by", "create_at", "update_by", "update_at", "delete_at") VALUES (45, '笔盒组合（H919专用）', NULL, '', 0, 1, '2019-12-16 00:55:23.447992', NULL, NULL, NULL);
INSERT INTO "public"."workstation"("id", "name", "pinyin", "remark", "workstation_type_id", "create_by", "create_at", "update_by", "update_at", "delete_at") VALUES (46, '光引擎组合', NULL, '', 0, 1, '2019-12-16 00:55:23.447992', NULL, NULL, NULL);
INSERT INTO "public"."workstation"("id", "name", "pinyin", "remark", "workstation_type_id", "create_by", "create_at", "update_by", "update_at", "delete_at") VALUES (47, '光轴，对比度调整（分方向)', NULL, '', 0, 1, '2019-12-16 00:55:23.447992', NULL, NULL, NULL);
INSERT INTO "public"."workstation"("id", "name", "pinyin", "remark", "workstation_type_id", "create_by", "create_at", "update_by", "update_at", "delete_at") VALUES (48, '光轴调整（H922/H956)', NULL, '', 0, 1, '2019-12-16 00:55:23.447992', NULL, NULL, NULL);
INSERT INTO "public"."workstation"("id", "name", "pinyin", "remark", "workstation_type_id", "create_by", "create_at", "update_by", "update_at", "delete_at") VALUES (49, '本体组立1（分方向）', NULL, '', 0, 1, '2019-12-16 00:55:23.447992', NULL, NULL, NULL);
INSERT INTO "public"."workstation"("id", "name", "pinyin", "remark", "workstation_type_id", "create_by", "create_at", "update_by", "update_at", "delete_at") VALUES (50, '本体组立2（分方向)', NULL, '', 0, 1, '2019-12-16 00:55:23.447992', NULL, NULL, NULL);
INSERT INTO "public"."workstation"("id", "name", "pinyin", "remark", "workstation_type_id", "create_by", "create_at", "update_by", "update_at", "delete_at") VALUES (51, '送料（B19拉物流人员，B18拉直接人员）', NULL, '', 0, 1, '2019-12-16 00:55:23.447992', NULL, NULL, NULL);
INSERT INTO "public"."workstation"("id", "name", "pinyin", "remark", "workstation_type_id", "create_by", "create_at", "update_by", "update_at", "delete_at") VALUES (52, '安全测试&电力测试&耐久工程', NULL, '', 0, 1, '2019-12-16 00:55:23.447992', NULL, NULL, NULL);
INSERT INTO "public"."workstation"("id", "name", "pinyin", "remark", "workstation_type_id", "create_by", "create_at", "update_by", "update_at", "delete_at") VALUES (53, '画质调整（3台）', NULL, '', 0, 1, '2019-12-16 00:55:23.447992', NULL, NULL, NULL);
INSERT INTO "public"."workstation"("id", "name", "pinyin", "remark", "workstation_type_id", "create_by", "create_at", "update_by", "update_at", "delete_at") VALUES (54, 'ITR调整：2台（H919,H921专用）', NULL, '', 0, 1, '2019-12-16 00:55:23.447992', NULL, NULL, NULL);
INSERT INTO "public"."workstation"("id", "name", "pinyin", "remark", "workstation_type_id", "create_by", "create_at", "update_by", "update_at", "delete_at") VALUES (55, 'ITR检查 & WFD检查（H919,H921专用）', NULL, '', 0, 1, '2019-12-16 00:55:23.447992', NULL, NULL, NULL);
INSERT INTO "public"."workstation"("id", "name", "pinyin", "remark", "workstation_type_id", "create_by", "create_at", "update_by", "update_at", "delete_at") VALUES (56, '光学测试', NULL, '', 0, 1, '2019-12-16 00:55:23.447992', NULL, NULL, NULL);
INSERT INTO "public"."workstation"("id", "name", "pinyin", "remark", "workstation_type_id", "create_by", "create_at", "update_by", "update_at", "delete_at") VALUES (57, '最终外观，标签貼付', NULL, '', 0, 1, '2019-12-16 00:55:23.447992', NULL, NULL, NULL);
INSERT INTO "public"."workstation"("id", "name", "pinyin", "remark", "workstation_type_id", "create_by", "create_at", "update_by", "update_at", "delete_at") VALUES (58, '附属品十套管理清点', NULL, '', 0, 1, '2019-12-16 00:55:23.447992', NULL, NULL, NULL);
INSERT INTO "public"."workstation"("id", "name", "pinyin", "remark", "workstation_type_id", "create_by", "create_at", "update_by", "update_at", "delete_at") VALUES (59, '制品捆包', NULL, '', 0, 1, '2019-12-16 00:55:23.447992', NULL, NULL, NULL);
INSERT INTO "public"."workstation"("id", "name", "pinyin", "remark", "workstation_type_id", "create_by", "create_at", "update_by", "update_at", "delete_at") VALUES (60, '制品堆码+出机单+扫描', NULL, '', 0, 1, '2019-12-16 00:55:23.447992', NULL, NULL, NULL);
INSERT INTO "public"."workstation"("id", "name", "pinyin", "remark", "workstation_type_id", "create_by", "create_at", "update_by", "update_at", "delete_at") VALUES (61, 'Label印刷', NULL, '', 0, 1, '2019-12-16 00:55:23.447992', NULL, NULL, NULL);
INSERT INTO "public"."workstation"("id", "name", "pinyin", "remark", "workstation_type_id", "create_by", "create_at", "update_by", "update_at", "delete_at") VALUES (62, 'Mosso/DUCT PUMP UNIT 4 CH74', NULL, NULL, 0, 1, '2019-12-16 00:55:23.447992', NULL, NULL, NULL);
select setval('workstation_id_seq',62);

INSERT INTO "public"."part"("id", "name", "pinyin", "common", "remark", "create_by", "create_at", "update_by", "update_at", "delete_at") VALUES (93, 'Ink eject assy  esl', NULL, 'f', '', 1, '2019-12-16 01:02:57.307167', NULL, NULL, NULL);
INSERT INTO "public"."part"("id", "name", "pinyin", "common", "remark", "create_by", "create_at", "update_by", "update_at", "delete_at") VALUES (97, 'C.c.s-tite screw,4x8,f/zn-3c', NULL, 't', '', 1, '2019-12-16 01:03:39.904484', NULL, NULL, NULL);
INSERT INTO "public"."part"("id", "name", "pinyin", "common", "remark", "create_by", "create_at", "update_by", "update_at", "delete_at") VALUES (98, 'One touch bushing,nb-15', NULL, 'f', '', 1, '2019-12-16 01:03:39.904484', NULL, NULL, NULL);
INSERT INTO "public"."part"("id", "name", "pinyin", "common", "remark", "create_by", "create_at", "update_by", "update_at", "delete_at") VALUES (106, 'Edge saddle,wes-1117', NULL, 't', '', 1, '2019-12-16 01:09:32.224371', NULL, NULL, NULL);
INSERT INTO "public"."part"("id", "name", "pinyin", "common", "remark", "create_by", "create_at", "update_by", "update_at", "delete_at") VALUES (107, 'Wire saddle,lws-1316z', NULL, 't', '', 1, '2019-12-16 01:09:32.224371', NULL, NULL, NULL);
INSERT INTO "public"."part"("id", "name", "pinyin", "common", "remark", "create_by", "create_at", "update_by", "update_at", "delete_at") VALUES (108, 'Square bush,sb-2718', NULL, 't', '', 1, '2019-12-16 01:09:32.224371', NULL, NULL, NULL);
INSERT INTO "public"."part"("id", "name", "pinyin", "common", "remark", "create_by", "create_at", "update_by", "update_at", "delete_at") VALUES (109, 'Frame,cover,side,right', NULL, 'f', '', 1, '2019-12-16 01:09:32.224371', NULL, NULL, NULL);
INSERT INTO "public"."part"("id", "name", "pinyin", "common", "remark", "create_by", "create_at", "update_by", "update_at", "delete_at") VALUES (110, 'Locking wire saddle lws-2218z', NULL, 'f', '', 1, '2019-12-16 01:09:32.224371', NULL, NULL, NULL);
INSERT INTO "public"."part"("id", "name", "pinyin", "common", "remark", "create_by", "create_at", "update_by", "update_at", "delete_at") VALUES (111, 'Ffc clamp,fc-45', NULL, 'f', '', 1, '2019-12-16 01:09:32.224371', NULL, NULL, NULL);
INSERT INTO "public"."part"("id", "name", "pinyin", "common", "remark", "create_by", "create_at", "update_by", "update_at", "delete_at") VALUES (112, 'Frame side cover right assy esl', NULL, 'f', '', 1, '2019-12-16 01:09:32.224371', NULL, NULL, NULL);
INSERT INTO "public"."part"("id", "name", "pinyin", "common", "remark", "create_by", "create_at", "update_by", "update_at", "delete_at") VALUES (113, 'C.b.screw,3x6,f/zn-3c', NULL, 't', '', 1, '2019-12-16 01:09:32.224371', NULL, NULL, NULL);
INSERT INTO "public"."part"("id", "name", "pinyin", "common", "remark", "create_by", "create_at", "update_by", "update_at", "delete_at") VALUES (114, 'Mounting plate,breaker', NULL, 'f', '', 1, '2019-12-16 01:09:32.224371', NULL, NULL, NULL);
INSERT INTO "public"."part"("id", "name", "pinyin", "common", "remark", "create_by", "create_at", "update_by", "update_at", "delete_at") VALUES (115, 'Mounting plate,breaker;b', NULL, 'f', '', 1, '2019-12-16 01:09:32.224371', NULL, NULL, NULL);
INSERT INTO "public"."part"("id", "name", "pinyin", "common", "remark", "create_by", "create_at", "update_by", "update_at", "delete_at") VALUES (116, 'C.p.screw,4x40,f/zn-3c', NULL, 'f', '', 1, '2019-12-16 01:09:32.224371', NULL, NULL, NULL);
INSERT INTO "public"."part"("id", "name", "pinyin", "common", "remark", "create_by", "create_at", "update_by", "update_at", "delete_at") VALUES (117, 'Leak breaker', NULL, 'f', '', 1, '2019-12-16 01:09:32.224371', NULL, NULL, NULL);
INSERT INTO "public"."part"("id", "name", "pinyin", "common", "remark", "create_by", "create_at", "update_by", "update_at", "delete_at") VALUES (118, 'Frame breaker assy esl', NULL, 'f', '', 1, '2019-12-16 01:09:32.224371', NULL, NULL, NULL);
INSERT INTO "public"."part"("id", "name", "pinyin", "common", "remark", "create_by", "create_at", "update_by", "update_at", "delete_at") VALUES (119, 'Wire saddle,lws-1316z', NULL, 't', '', 1, '2019-12-16 01:09:32.224371', NULL, NULL, NULL);
INSERT INTO "public"."part"("id", "name", "pinyin", "common", "remark", "create_by", "create_at", "update_by", "update_at", "delete_at") VALUES (120, 'Square bush,sb-2718', NULL, 't', '', 1, '2019-12-16 01:09:32.224371', NULL, NULL, NULL);
INSERT INTO "public"."part"("id", "name", "pinyin", "common", "remark", "create_by", "create_at", "update_by", "update_at", "delete_at") VALUES (121, 'Square bush', NULL, 'f', '', 1, '2019-12-16 01:09:32.224371', NULL, NULL, NULL);
INSERT INTO "public"."part"("id", "name", "pinyin", "common", "remark", "create_by", "create_at", "update_by", "update_at", "delete_at") VALUES (122, 'Frame,cover,side,left', NULL, 'f', '', 1, '2019-12-16 01:09:32.224371', NULL, NULL, NULL);
INSERT INTO "public"."part"("id", "name", "pinyin", "common", "remark", "create_by", "create_at", "update_by", "update_at", "delete_at") VALUES (123, 'Frame side cover left assy esl', NULL, 'f', '', 1, '2019-12-16 01:09:32.224371', NULL, NULL, NULL);
INSERT INTO "public"."part"("id", "name", "pinyin", "common", "remark", "create_by", "create_at", "update_by", "update_at", "delete_at") VALUES (124, 'H.s.c.bolt.(s)screw,6x12,f/zb-3c', NULL, 'f', '', 1, '2019-12-16 01:09:32.224371', NULL, NULL, NULL);
INSERT INTO "public"."part"("id", "name", "pinyin", "common", "remark", "create_by", "create_at", "update_by", "update_at", "delete_at") VALUES (125, 'Shaft,fasten,afterheater', NULL, 'f', '', 1, '2019-12-16 01:09:32.224371', NULL, NULL, NULL);
INSERT INTO "public"."part"("id", "name", "pinyin", "common", "remark", "create_by", "create_at", "update_by", "update_at", "delete_at") VALUES (126, 'Frame,fasten,heater,sub', NULL, 'f', '', 1, '2019-12-16 01:09:32.224371', NULL, NULL, NULL);
INSERT INTO "public"."part"("id", "name", "pinyin", "common", "remark", "create_by", "create_at", "update_by", "update_at", "delete_at") VALUES (127, 'Frame fasten heater sub assy esl', NULL, 'f', '', 1, '2019-12-16 01:09:32.224371', NULL, NULL, NULL);
INSERT INTO "public"."part"("id", "name", "pinyin", "common", "remark", "create_by", "create_at", "update_by", "update_at", "delete_at") VALUES (128, 'Plate assy.,after,side,right', NULL, 'f', '', 1, '2019-12-16 01:09:32.224371', NULL, NULL, NULL);
INSERT INTO "public"."part"("id", "name", "pinyin", "common", "remark", "create_by", "create_at", "update_by", "update_at", "delete_at") VALUES (129, 'C.c.s-tite screw,4x8,f/zn-3c', NULL, 't', '', 1, '2019-12-16 01:09:32.224371', NULL, NULL, NULL);
INSERT INTO "public"."part"("id", "name", "pinyin", "common", "remark", "create_by", "create_at", "update_by", "update_at", "delete_at") VALUES (130, 'H.n.-1,10,f/zn-3c', NULL, 'f', '', 1, '2019-12-16 01:09:32.224371', NULL, NULL, NULL);
INSERT INTO "public"."part"("id", "name", "pinyin", "common", "remark", "create_by", "create_at", "update_by", "update_at", "delete_at") VALUES (131, 'Shaft,fasten,flame,side', NULL, 'f', '', 1, '2019-12-16 01:09:32.224371', NULL, NULL, NULL);
INSERT INTO "public"."part"("id", "name", "pinyin", "common", "remark", "create_by", "create_at", "update_by", "update_at", "delete_at") VALUES (132, 'Plate afterheater side assy esl', NULL, 'f', '', 1, '2019-12-16 01:09:32.224371', NULL, NULL, NULL);
INSERT INTO "public"."part"("id", "name", "pinyin", "common", "remark", "create_by", "create_at", "update_by", "update_at", "delete_at") VALUES (133, 'Square nut 5.5,3x2.3', NULL, 'f', '', 1, '2019-12-16 01:09:32.224371', NULL, NULL, NULL);
INSERT INTO "public"."part"("id", "name", "pinyin", "common", "remark", "create_by", "create_at", "update_by", "update_at", "delete_at") VALUES (134, 'C.c.p-tite screw,3x8,f/zn-3c', NULL, 't', '', 1, '2019-12-16 01:09:32.224371', NULL, NULL, NULL);
INSERT INTO "public"."part"("id", "name", "pinyin", "common", "remark", "create_by", "create_at", "update_by", "update_at", "delete_at") VALUES (135, 'C.c.screw,3x8,f/zn-3c', NULL, 't', '', 1, '2019-12-16 01:09:32.224371', NULL, NULL, NULL);
INSERT INTO "public"."part"("id", "name", "pinyin", "common", "remark", "create_by", "create_at", "update_by", "update_at", "delete_at") VALUES (136, 'C.p.(s-p2)screw,3x8,f/zn-3c', NULL, 'f', '', 1, '2019-12-16 01:09:32.224371', NULL, NULL, NULL);
INSERT INTO "public"."part"("id", "name", "pinyin", "common", "remark", "create_by", "create_at", "update_by", "update_at", "delete_at") VALUES (137, 'C.c.s-tite screw,3x8,f/zn-3c', NULL, 't', '', 1, '2019-12-16 01:09:32.224371', NULL, NULL, NULL);
INSERT INTO "public"."part"("id", "name", "pinyin", "common", "remark", "create_by", "create_at", "update_by", "update_at", "delete_at") VALUES (138, 'Cut washer,4.1x0.5x6.5', NULL, 'f', '', 1, '2019-12-16 01:09:32.224371', NULL, NULL, NULL);
INSERT INTO "public"."part"("id", "name", "pinyin", "common", "remark", "create_by", "create_at", "update_by", "update_at", "delete_at") VALUES (139, 'Holder,bearing,centor support', NULL, 'f', '', 1, '2019-12-16 01:09:32.224371', NULL, NULL, NULL);
INSERT INTO "public"."part"("id", "name", "pinyin", "common", "remark", "create_by", "create_at", "update_by", "update_at", "delete_at") VALUES (140, 'Mounting plate,centor support', NULL, 'f', '', 1, '2019-12-16 01:09:32.224371', NULL, NULL, NULL);
INSERT INTO "public"."part"("id", "name", "pinyin", "common", "remark", "create_by", "create_at", "update_by", "update_at", "delete_at") VALUES (141, 'Mounting plate,centor support;b', NULL, 'f', '', 1, '2019-12-16 01:09:32.224371', NULL, NULL, NULL);
INSERT INTO "public"."part"("id", "name", "pinyin", "common", "remark", "create_by", "create_at", "update_by", "update_at", "delete_at") VALUES (142, 'Mounting plate,centor support;c', NULL, 'f', '', 1, '2019-12-16 01:09:32.224371', NULL, NULL, NULL);
INSERT INTO "public"."part"("id", "name", "pinyin", "common", "remark", "create_by", "create_at", "update_by", "update_at", "delete_at") VALUES (143, 'Mounting plate,centor support;d', NULL, 'f', '', 1, '2019-12-16 01:09:32.224371', NULL, NULL, NULL);
INSERT INTO "public"."part"("id", "name", "pinyin", "common", "remark", "create_by", "create_at", "update_by", "update_at", "delete_at") VALUES (144, 'Shaft,adjust,centor support', NULL, 'f', '', 1, '2019-12-16 01:09:32.224371', NULL, NULL, NULL);
INSERT INTO "public"."part"("id", "name", "pinyin", "common", "remark", "create_by", "create_at", "update_by", "update_at", "delete_at") VALUES (145, 'Bushing,cam,pf', NULL, 'f', '', 1, '2019-12-16 01:09:32.224371', NULL, NULL, NULL);
INSERT INTO "public"."part"("id", "name", "pinyin", "common", "remark", "create_by", "create_at", "update_by", "update_at", "delete_at") VALUES (146, 'Mounting plate,holder,pf', NULL, 'f', '', 1, '2019-12-16 01:09:32.224371', NULL, NULL, NULL);
INSERT INTO "public"."part"("id", "name", "pinyin", "common", "remark", "create_by", "create_at", "update_by", "update_at", "delete_at") VALUES (147, 'Holder,bearing,pf', NULL, 'f', '', 1, '2019-12-16 01:09:32.224371', NULL, NULL, NULL);
INSERT INTO "public"."part"("id", "name", "pinyin", "common", "remark", "create_by", "create_at", "update_by", "update_at", "delete_at") VALUES (148, 'Shaft,bearing,pf', NULL, 'f', '', 1, '2019-12-16 01:09:32.224371', NULL, NULL, NULL);
INSERT INTO "public"."part"("id", "name", "pinyin", "common", "remark", "create_by", "create_at", "update_by", "update_at", "delete_at") VALUES (149, 'Spacer,holder,pf', NULL, 'f', '', 1, '2019-12-16 01:09:32.224371', NULL, NULL, NULL);
INSERT INTO "public"."part"("id", "name", "pinyin", "common", "remark", "create_by", "create_at", "update_by", "update_at", "delete_at") VALUES (150, 'Ball bearing,shaft,pf', NULL, 'f', '', 1, '2019-12-16 01:09:32.224371', NULL, NULL, NULL);
INSERT INTO "public"."part"("id", "name", "pinyin", "common", "remark", "create_by", "create_at", "update_by", "update_at", "delete_at") VALUES (151, 'Polyslider,ll-5208-10', NULL, 'f', '', 1, '2019-12-16 01:09:32.224371', NULL, NULL, NULL);
INSERT INTO "public"."part"("id", "name", "pinyin", "common", "remark", "create_by", "create_at", "update_by", "update_at", "delete_at") VALUES (152, 'Frame adjust pf assy esl', NULL, 'f', '', 1, '2019-12-16 01:09:32.224371', NULL, NULL, NULL);
INSERT INTO "public"."part"("id", "name", "pinyin", "common", "remark", "create_by", "create_at", "update_by", "update_at", "delete_at") VALUES (153, 'H.s.c.bolt,4x16,f/zn-3c', NULL, 't', '', 1, '2019-12-16 01:09:32.224371', NULL, NULL, NULL);
INSERT INTO "public"."part"("id", "name", "pinyin", "common", "remark", "create_by", "create_at", "update_by", "update_at", "delete_at") VALUES (154, 'Struct,right', NULL, 'f', '', 1, '2019-12-16 01:09:32.224371', NULL, NULL, NULL);
INSERT INTO "public"."part"("id", "name", "pinyin", "common", "remark", "create_by", "create_at", "update_by", "update_at", "delete_at") VALUES (155, 'Shaft,struct', NULL, 't', '', 1, '2019-12-16 01:09:32.224371', NULL, NULL, NULL);
INSERT INTO "public"."part"("id", "name", "pinyin", "common", "remark", "create_by", "create_at", "update_by", "update_at", "delete_at") VALUES (156, 'Struct right assy', NULL, 'f', '', 1, '2019-12-16 01:09:32.224371', NULL, NULL, NULL);
INSERT INTO "public"."part"("id", "name", "pinyin", "common", "remark", "create_by", "create_at", "update_by", "update_at", "delete_at") VALUES (157, 'H.s.c.bolt,4x16,f/zn-3c', NULL, 't', '', 1, '2019-12-16 01:09:32.224371', NULL, NULL, NULL);
INSERT INTO "public"."part"("id", "name", "pinyin", "common", "remark", "create_by", "create_at", "update_by", "update_at", "delete_at") VALUES (70, 'E-ring,4,f/uc-3c', NULL, 't', '以Varius76-4 ES1阶段S1工位数据为参考', 1, '2019-12-16 01:02:07.24992', NULL, NULL, NULL);
INSERT INTO "public"."part"("id", "name", "pinyin", "common", "remark", "create_by", "create_at", "update_by", "update_at", "delete_at") VALUES (71, 'E-ring,2.3,f/uc-3c', NULL, 'f', '', 1, '2019-12-16 01:02:07.24992', NULL, NULL, NULL);
INSERT INTO "public"."part"("id", "name", "pinyin", "common", "remark", "create_by", "create_at", "update_by", "update_at", "delete_at") VALUES (72, 'C.b.s-tite(p2)screw,3x8,f/zb-3c', NULL, 'f', '', 1, '2019-12-16 01:02:07.24992', NULL, NULL, NULL);
INSERT INTO "public"."part"("id", "name", "pinyin", "common", "remark", "create_by", "create_at", "update_by", "update_at", "delete_at") VALUES (73, 'Edge saddle,wes-1210', NULL, 't', '', 1, '2019-12-16 01:02:07.24992', NULL, NULL, NULL);
INSERT INTO "public"."part"("id", "name", "pinyin", "common", "remark", "create_by", "create_at", "update_by", "update_at", "delete_at") VALUES (74, 'Edge saddle,wes-1117', NULL, 't', '', 1, '2019-12-16 01:02:07.24992', NULL, NULL, NULL);
INSERT INTO "public"."part"("id", "name", "pinyin", "common", "remark", "create_by", "create_at", "update_by", "update_at", "delete_at") VALUES (75, 'Shaft,holder ink eject tunk', NULL, 'f', '', 1, '2019-12-16 01:02:07.24992', NULL, NULL, NULL);
INSERT INTO "public"."part"("id", "name", "pinyin", "common", "remark", "create_by", "create_at", "update_by", "update_at", "delete_at") VALUES (76, 'Guide,tube,ink eject', NULL, 'f', '', 1, '2019-12-16 01:02:07.24992', NULL, NULL, NULL);
INSERT INTO "public"."part"("id", "name", "pinyin", "common", "remark", "create_by", "create_at", "update_by", "update_at", "delete_at") VALUES (77, 'Frame,ink eject,drive', NULL, 'f', '', 1, '2019-12-16 01:02:07.24992', NULL, NULL, NULL);
INSERT INTO "public"."part"("id", "name", "pinyin", "common", "remark", "create_by", "create_at", "update_by", "update_at", "delete_at") VALUES (78, 'Shaft,ink eject', NULL, 'f', '', 1, '2019-12-16 01:02:07.24992', NULL, NULL, NULL);
INSERT INTO "public"."part"("id", "name", "pinyin", "common", "remark", "create_by", "create_at", "update_by", "update_at", "delete_at") VALUES (79, 'Plate spring,ink eject', NULL, 'f', '', 1, '2019-12-16 01:02:07.24992', NULL, NULL, NULL);
INSERT INTO "public"."part"("id", "name", "pinyin", "common", "remark", "create_by", "create_at", "update_by", "update_at", "delete_at") VALUES (80, 'Frame,base,ink eject', NULL, 'f', '', 1, '2019-12-16 01:02:07.24992', NULL, NULL, NULL);
INSERT INTO "public"."part"("id", "name", "pinyin", "common", "remark", "create_by", "create_at", "update_by", "update_at", "delete_at") VALUES (81, 'Frame,sensor,ink eject', NULL, 'f', '', 1, '2019-12-16 01:02:07.24992', NULL, NULL, NULL);
INSERT INTO "public"."part"("id", "name", "pinyin", "common", "remark", "create_by", "create_at", "update_by", "update_at", "delete_at") VALUES (82, 'Mounting plate,shaft,ink eject', NULL, 'f', '', 1, '2019-12-16 01:02:07.24992', NULL, NULL, NULL);
INSERT INTO "public"."part"("id", "name", "pinyin", "common", "remark", "create_by", "create_at", "update_by", "update_at", "delete_at") VALUES (83, 'Frame,ink eject,driven,sub', NULL, 'f', '', 1, '2019-12-16 01:02:07.24992', NULL, NULL, NULL);
INSERT INTO "public"."part"("id", "name", "pinyin", "common", "remark", "create_by", "create_at", "update_by", "update_at", "delete_at") VALUES (84, 'Mounting plate,ink eject,left', NULL, 'f', '', 1, '2019-12-16 01:02:07.24992', NULL, NULL, NULL);
INSERT INTO "public"."part"("id", "name", "pinyin", "common", "remark", "create_by", "create_at", "update_by", "update_at", "delete_at") VALUES (85, 'Frame,ink eject,upper', NULL, 'f', '', 1, '2019-12-16 01:02:07.24992', NULL, NULL, NULL);
INSERT INTO "public"."part"("id", "name", "pinyin", "common", "remark", "create_by", "create_at", "update_by", "update_at", "delete_at") VALUES (86, 'C.b.s-tite(sp2) screw,4x10 f/zb-3c', NULL, 'f', '', 1, '2019-12-16 01:02:07.24992', NULL, NULL, NULL);
INSERT INTO "public"."part"("id", "name", "pinyin", "common", "remark", "create_by", "create_at", "update_by", "update_at", "delete_at") VALUES (87, 'Leaf sensor,p599', NULL, 'f', '', 1, '2019-12-16 01:02:07.24992', NULL, NULL, NULL);
INSERT INTO "public"."part"("id", "name", "pinyin", "common", "remark", "create_by", "create_at", "update_by", "update_at", "delete_at") VALUES (88, 'Harness,ink eject', NULL, 'f', '', 1, '2019-12-16 01:02:07.24992', NULL, NULL, NULL);
INSERT INTO "public"."part"("id", "name", "pinyin", "common", "remark", "create_by", "create_at", "update_by", "update_at", "delete_at") VALUES (158, 'Struct,left', NULL, 'f', '', 1, '2019-12-16 01:09:32.224371', NULL, NULL, NULL);
INSERT INTO "public"."part"("id", "name", "pinyin", "common", "remark", "create_by", "create_at", "update_by", "update_at", "delete_at") VALUES (159, 'Shaft,struct', NULL, 't', '', 1, '2019-12-16 01:09:32.224371', NULL, NULL, NULL);
INSERT INTO "public"."part"("id", "name", "pinyin", "common", "remark", "create_by", "create_at", "update_by", "update_at", "delete_at") VALUES (160, 'Struct left assy esl', NULL, 'f', '', 1, '2019-12-16 01:09:32.224371', NULL, NULL, NULL);
INSERT INTO "public"."part"("id", "name", "pinyin", "common", "remark", "create_by", "create_at", "update_by", "update_at", "delete_at") VALUES (161, 'Plate,motor,pf', NULL, 'f', '', 1, '2019-12-16 01:09:32.224371', NULL, NULL, NULL);
INSERT INTO "public"."part"("id", "name", "pinyin", "common", "remark", "create_by", "create_at", "update_by", "update_at", "delete_at") VALUES (162, 'C.c.screw,3x30,f/zn-3c', NULL, 't', '', 1, '2019-12-16 01:09:32.224371', NULL, NULL, NULL);
INSERT INTO "public"."part"("id", "name", "pinyin", "common", "remark", "create_by", "create_at", "update_by", "update_at", "delete_at") VALUES (163, 'C.c.s-tite screw,3x8,f/zn-3c', NULL, 't', '', 1, '2019-12-16 01:09:32.224371', NULL, NULL, NULL);
INSERT INTO "public"."part"("id", "name", "pinyin", "common", "remark", "create_by", "create_at", "update_by", "update_at", "delete_at") VALUES (164, 'Fan,cooling,06025ss-24q-al-de', NULL, 't', '', 1, '2019-12-16 01:09:32.224371', NULL, NULL, NULL);
INSERT INTO "public"."part"("id", "name", "pinyin", "common", "remark", "create_by", "create_at", "update_by", "update_at", "delete_at") VALUES (165, 'Plate pf motor assy esl', NULL, 'f', '', 1, '2019-12-16 01:09:32.224371', NULL, NULL, NULL);
INSERT INTO "public"."part"("id", "name", "pinyin", "common", "remark", "create_by", "create_at", "update_by", "update_at", "delete_at") VALUES (166, 'C.c.screw,3x30,f/zn-3c', NULL, 't', '', 1, '2019-12-16 01:09:32.224371', NULL, NULL, NULL);
INSERT INTO "public"."part"("id", "name", "pinyin", "common", "remark", "create_by", "create_at", "update_by", "update_at", "delete_at") VALUES (167, 'C.c.screw,3x8,f/zn-3c', NULL, 't', '', 1, '2019-12-16 01:09:32.224371', NULL, NULL, NULL);
INSERT INTO "public"."part"("id", "name", "pinyin", "common", "remark", "create_by", "create_at", "update_by", "update_at", "delete_at") VALUES (168, 'C.c.screw,4x8,f/zn-3c', NULL, 'f', '', 1, '2019-12-16 01:09:32.224371', NULL, NULL, NULL);
INSERT INTO "public"."part"("id", "name", "pinyin", "common", "remark", "create_by", "create_at", "update_by", "update_at", "delete_at") VALUES (169, 'C.c.s-tite screw,4x8,f/zn-3c', NULL, 't', '', 1, '2019-12-16 01:09:32.224371', NULL, NULL, NULL);
INSERT INTO "public"."part"("id", "name", "pinyin", "common", "remark", "create_by", "create_at", "update_by", "update_at", "delete_at") VALUES (170, 'Cover,motor,cutter', NULL, 'f', '', 1, '2019-12-16 01:09:32.224371', NULL, NULL, NULL);
INSERT INTO "public"."part"("id", "name", "pinyin", "common", "remark", "create_by", "create_at", "update_by", "update_at", "delete_at") VALUES (171, 'Edge saddle,wes-1117', NULL, 't', '', 1, '2019-12-16 01:09:32.224371', NULL, NULL, NULL);
INSERT INTO "public"."part"("id", "name", "pinyin", "common", "remark", "create_by", "create_at", "update_by", "update_at", "delete_at") VALUES (172, 'Edge saddle,wes-0507', NULL, 'f', '', 1, '2019-12-16 01:09:32.224371', NULL, NULL, NULL);
INSERT INTO "public"."part"("id", "name", "pinyin", "common", "remark", "create_by", "create_at", "update_by", "update_at", "delete_at") VALUES (173, 'Wire saddle,lws-1316z', NULL, 't', '', 1, '2019-12-16 01:09:32.224371', NULL, NULL, NULL);
INSERT INTO "public"."part"("id", "name", "pinyin", "common", "remark", "create_by", "create_at", "update_by", "update_at", "delete_at") VALUES (174, 'Spacer,motor,apg', NULL, 'f', '', 1, '2019-12-16 01:09:32.224371', NULL, NULL, NULL);
INSERT INTO "public"."part"("id", "name", "pinyin", "common", "remark", "create_by", "create_at", "update_by", "update_at", "delete_at") VALUES (175, 'Shaft assy.,drive,cr', NULL, 'f', '', 1, '2019-12-16 01:09:32.224371', NULL, NULL, NULL);
INSERT INTO "public"."part"("id", "name", "pinyin", "common", "remark", "create_by", "create_at", "update_by", "update_at", "delete_at") VALUES (176, 'Holder,motor,cr', NULL, 'f', '', 1, '2019-12-16 01:09:32.224371', NULL, NULL, NULL);
INSERT INTO "public"."part"("id", "name", "pinyin", "common", "remark", "create_by", "create_at", "update_by", "update_at", "delete_at") VALUES (177, 'Holder,drive', NULL, 'f', '', 1, '2019-12-16 01:09:32.224371', NULL, NULL, NULL);
INSERT INTO "public"."part"("id", "name", "pinyin", "common", "remark", "create_by", "create_at", "update_by", "update_at", "delete_at") VALUES (178, 'Holder,drive;b', NULL, 'f', '', 1, '2019-12-16 01:09:32.224371', NULL, NULL, NULL);
INSERT INTO "public"."part"("id", "name", "pinyin", "common", "remark", "create_by", "create_at", "update_by", "update_at", "delete_at") VALUES (179, 'Frame assy.,drive', NULL, 'f', '', 1, '2019-12-16 01:09:32.224371', NULL, NULL, NULL);
INSERT INTO "public"."part"("id", "name", "pinyin", "common", "remark", "create_by", "create_at", "update_by", "update_at", "delete_at") VALUES (180, 'Mounting plate,frame,drive', NULL, 'f', '', 1, '2019-12-16 01:09:32.224371', NULL, NULL, NULL);
INSERT INTO "public"."part"("id", "name", "pinyin", "common", "remark", "create_by", "create_at", "update_by", "update_at", "delete_at") VALUES (181, 'Fixing plate,bearing,driven', NULL, 't', '', 1, '2019-12-16 01:09:32.224371', NULL, NULL, NULL);
INSERT INTO "public"."part"("id", "name", "pinyin", "common", "remark", "create_by", "create_at", "update_by", "update_at", "delete_at") VALUES (182, 'Adjusting plate,motor,cr', NULL, 'f', '', 1, '2019-12-16 01:09:32.224371', NULL, NULL, NULL);
INSERT INTO "public"."part"("id", "name", "pinyin", "common", "remark", "create_by", "create_at", "update_by", "update_at", "delete_at") VALUES (183, 'Compression spring,0.58', NULL, 'f', '', 1, '2019-12-16 01:09:32.224371', NULL, NULL, NULL);
INSERT INTO "public"."part"("id", "name", "pinyin", "common", "remark", "create_by", "create_at", "update_by", "update_at", "delete_at") VALUES (184, 'Combination gear,36,27,apg', NULL, 'f', '', 1, '2019-12-16 01:09:32.224371', NULL, NULL, NULL);
INSERT INTO "public"."part"("id", "name", "pinyin", "common", "remark", "create_by", "create_at", "update_by", "update_at", "delete_at") VALUES (185, 'Belt,motor,cr', NULL, 'f', '', 1, '2019-12-16 01:09:32.224371', NULL, NULL, NULL);
INSERT INTO "public"."part"("id", "name", "pinyin", "common", "remark", "create_by", "create_at", "update_by", "update_at", "delete_at") VALUES (186, 'C.b.(s-p2)screw,4x10,f/zn-3c', NULL, 't', '', 1, '2019-12-16 01:09:32.224371', NULL, NULL, NULL);
INSERT INTO "public"."part"("id", "name", "pinyin", "common", "remark", "create_by", "create_at", "update_by", "update_at", "delete_at") VALUES (187, 'C.c.screw,4x25,f/zn-3c', NULL, 't', '', 1, '2019-12-16 01:09:32.224371', NULL, NULL, NULL);
INSERT INTO "public"."part"("id", "name", "pinyin", "common", "remark", "create_by", "create_at", "update_by", "update_at", "delete_at") VALUES (188, 'C.b.screw,4x10,f/zn-3c', NULL, 'f', '', 1, '2019-12-16 01:09:32.224371', NULL, NULL, NULL);
INSERT INTO "public"."part"("id", "name", "pinyin", "common", "remark", "create_by", "create_at", "update_by", "update_at", "delete_at") VALUES (189, 'Motor assy.,rewind', NULL, 'f', '', 1, '2019-12-16 01:09:32.224371', NULL, NULL, NULL);
INSERT INTO "public"."part"("id", "name", "pinyin", "common", "remark", "create_by", "create_at", "update_by", "update_at", "delete_at") VALUES (190, 'Harness,motor,apg', NULL, 'f', '', 1, '2019-12-16 01:09:32.224371', NULL, NULL, NULL);
INSERT INTO "public"."part"("id", "name", "pinyin", "common", "remark", "create_by", "create_at", "update_by", "update_at", "delete_at") VALUES (191, 'Motor assy,cr', NULL, 'f', '', 1, '2019-12-16 01:09:32.224371', NULL, NULL, NULL);
INSERT INTO "public"."part"("id", "name", "pinyin", "common", "remark", "create_by", "create_at", "update_by", "update_at", "delete_at") VALUES (192, 'Fan,cooling,06025ss-24q-al-de', NULL, 't', '', 1, '2019-12-16 01:09:32.224371', NULL, NULL, NULL);
INSERT INTO "public"."part"("id", "name", "pinyin", "common", "remark", "create_by", "create_at", "update_by", "update_at", "delete_at") VALUES (193, 'Motor cr driven assy esl', NULL, 'f', '', 1, '2019-12-16 01:09:32.224371', NULL, NULL, NULL);
INSERT INTO "public"."part"("id", "name", "pinyin", "common", "remark", "create_by", "create_at", "update_by", "update_at", "delete_at") VALUES (194, 'C.b.s-tite screw,4x10,f/zn-3c', NULL, 'f', '', 1, '2019-12-16 01:09:32.224371', NULL, NULL, NULL);
INSERT INTO "public"."part"("id", "name", "pinyin", "common", "remark", "create_by", "create_at", "update_by", "update_at", "delete_at") VALUES (195, 'C.c.s-tite screw,4x8,f/zn-3c', NULL, 't', '', 1, '2019-12-16 01:09:32.224371', NULL, NULL, NULL);
INSERT INTO "public"."part"("id", "name", "pinyin", "common", "remark", "create_by", "create_at", "update_by", "update_at", "delete_at") VALUES (196, 'Harness clamp:lws-0511z/s', NULL, 't', '', 1, '2019-12-16 01:09:32.224371', NULL, NULL, NULL);
INSERT INTO "public"."part"("id", "name", "pinyin", "common", "remark", "create_by", "create_at", "update_by", "update_at", "delete_at") VALUES (197, 'Shaft assy.,driven,cr', NULL, 'f', '', 1, '2019-12-16 01:09:32.224371', NULL, NULL, NULL);
INSERT INTO "public"."part"("id", "name", "pinyin", "common", "remark", "create_by", "create_at", "update_by", "update_at", "delete_at") VALUES (198, 'Holder assy,driven', NULL, 'f', '', 1, '2019-12-16 01:09:32.224371', NULL, NULL, NULL);
INSERT INTO "public"."part"("id", "name", "pinyin", "common", "remark", "create_by", "create_at", "update_by", "update_at", "delete_at") VALUES (199, 'Fixing plate,bearing,driven', NULL, 't', '', 1, '2019-12-16 01:09:32.224371', NULL, NULL, NULL);
INSERT INTO "public"."part"("id", "name", "pinyin", "common", "remark", "create_by", "create_at", "update_by", "update_at", "delete_at") VALUES (200, 'Frame,driven;b', NULL, 'f', '', 1, '2019-12-16 01:09:32.224371', NULL, NULL, NULL);
INSERT INTO "public"."part"("id", "name", "pinyin", "common", "remark", "create_by", "create_at", "update_by", "update_at", "delete_at") VALUES (201, 'Frame,driven;c', NULL, 'f', '', 1, '2019-12-16 01:09:32.224371', NULL, NULL, NULL);
INSERT INTO "public"."part"("id", "name", "pinyin", "common", "remark", "create_by", "create_at", "update_by", "update_at", "delete_at") VALUES (202, 'Mounting plate,frame,driven', NULL, 'f', '', 1, '2019-12-16 01:09:32.224371', NULL, NULL, NULL);
INSERT INTO "public"."part"("id", "name", "pinyin", "common", "remark", "create_by", "create_at", "update_by", "update_at", "delete_at") VALUES (203, 'Frame assy,driven', NULL, 'f', '', 1, '2019-12-16 01:09:32.224371', NULL, NULL, NULL);
INSERT INTO "public"."part"("id", "name", "pinyin", "common", "remark", "create_by", "create_at", "update_by", "update_at", "delete_at") VALUES (204, 'C.b.(s-p2)screw,4x10,f/zn-3c', NULL, 't', '', 1, '2019-12-16 01:09:32.224371', NULL, NULL, NULL);
INSERT INTO "public"."part"("id", "name", "pinyin", "common", "remark", "create_by", "create_at", "update_by", "update_at", "delete_at") VALUES (205, 'C.c.screw,4x25,f/zn-3c', NULL, 't', '', 1, '2019-12-16 01:09:32.224371', NULL, NULL, NULL);
INSERT INTO "public"."part"("id", "name", "pinyin", "common", "remark", "create_by", "create_at", "update_by", "update_at", "delete_at") VALUES (206, 'H.s.c.bolt(p4),6x40,f/zn-3c', NULL, 'f', '', 1, '2019-12-16 01:09:32.224371', NULL, NULL, NULL);
INSERT INTO "public"."part"("id", "name", "pinyin", "common", "remark", "create_by", "create_at", "update_by", "update_at", "delete_at") VALUES (207, 'Pulley driven assy esl', NULL, 'f', '', 1, '2019-12-16 01:09:32.224371', NULL, NULL, NULL);
INSERT INTO "public"."part"("id", "name", "pinyin", "common", "remark", "create_by", "create_at", "update_by", "update_at", "delete_at") VALUES (208, 'E-ring,4,f/uc-3c', NULL, 't', '', 1, '2019-12-16 01:09:32.224371', NULL, NULL, NULL);
INSERT INTO "public"."part"("id", "name", "pinyin", "common", "remark", "create_by", "create_at", "update_by", "update_at", "delete_at") VALUES (209, 'E-ring,3,f/uc-3c', NULL, 'f', '', 1, '2019-12-16 01:09:32.224371', NULL, NULL, NULL);
INSERT INTO "public"."part"("id", "name", "pinyin", "common", "remark", "create_by", "create_at", "update_by", "update_at", "delete_at") VALUES (210, 'C.b.p-tite screw,3x10,f/zb-3c', NULL, 'f', '', 1, '2019-12-16 01:09:32.224371', NULL, NULL, NULL);
INSERT INTO "public"."part"("id", "name", "pinyin", "common", "remark", "create_by", "create_at", "update_by", "update_at", "delete_at") VALUES (211, 'C.b.p-tite screw,2x8,f/zn-3c', NULL, 'f', '', 1, '2019-12-16 01:09:32.224371', NULL, NULL, NULL);
INSERT INTO "public"."part"("id", "name", "pinyin", "common", "remark", "create_by", "create_at", "update_by", "update_at", "delete_at") VALUES (212, 'C.b.screw,4x5,f/zn-3c', NULL, 'f', '', 1, '2019-12-16 01:09:32.224371', NULL, NULL, NULL);
INSERT INTO "public"."part"("id", "name", "pinyin", "common", "remark", "create_by", "create_at", "update_by", "update_at", "delete_at") VALUES (213, 'C.c.screw,3x8,f/zn-3c', NULL, 't', '', 1, '2019-12-16 01:09:32.224371', NULL, NULL, NULL);
INSERT INTO "public"."part"("id", "name", "pinyin", "common", "remark", "create_by", "create_at", "update_by", "update_at", "delete_at") VALUES (214, 'C.f.screw,3x6,f/zn-3c', NULL, 'f', '', 1, '2019-12-16 01:09:32.224371', NULL, NULL, NULL);
INSERT INTO "public"."part"("id", "name", "pinyin", "common", "remark", "create_by", "create_at", "update_by", "update_at", "delete_at") VALUES (215, 'C.b.screw,4x8,f/zn-3c', NULL, 't', '', 1, '2019-12-16 01:09:32.224371', NULL, NULL, NULL);
INSERT INTO "public"."part"("id", "name", "pinyin", "common", "remark", "create_by", "create_at", "update_by", "update_at", "delete_at") VALUES (216, 'H.s.c.bolt,3x6,f/ni', NULL, 'f', '', 1, '2019-12-16 01:09:32.224371', NULL, NULL, NULL);
INSERT INTO "public"."part"("id", "name", "pinyin", "common", "remark", "create_by", "create_at", "update_by", "update_at", "delete_at") VALUES (217, 'Board assy.,encoder,cr', NULL, 'f', '', 1, '2019-12-16 01:09:32.224371', NULL, NULL, NULL);
INSERT INTO "public"."part"("id", "name", "pinyin", "common", "remark", "create_by", "create_at", "update_by", "update_at", "delete_at") VALUES (218, 'Wire saddle,lws-1316z', NULL, 't', '', 1, '2019-12-16 01:09:32.224371', NULL, NULL, NULL);
INSERT INTO "public"."part"("id", "name", "pinyin", "common", "remark", "create_by", "create_at", "update_by", "update_at", "delete_at") VALUES (219, 'H.s.c.bolt,8x12,f/zn-3c', NULL, 'f', '', 1, '2019-12-16 01:09:32.224371', NULL, NULL, NULL);
INSERT INTO "public"."part"("id", "name", "pinyin", "common", "remark", "create_by", "create_at", "update_by", "update_at", "delete_at") VALUES (220, 'Mounting plate,bearing,apg', NULL, 'f', '', 1, '2019-12-16 01:09:32.224371', NULL, NULL, NULL);
INSERT INTO "public"."part"("id", "name", "pinyin", "common", "remark", "create_by", "create_at", "update_by", "update_at", "delete_at") VALUES (221, 'Flag,cr', NULL, 'f', '', 1, '2019-12-16 01:09:32.224371', NULL, NULL, NULL);
INSERT INTO "public"."part"("id", "name", "pinyin", "common", "remark", "create_by", "create_at", "update_by", "update_at", "delete_at") VALUES (222, 'Cam,apg', NULL, 'f', '', 1, '2019-12-16 01:09:32.224371', NULL, NULL, NULL);
INSERT INTO "public"."part"("id", "name", "pinyin", "common", "remark", "create_by", "create_at", "update_by", "update_at", "delete_at") VALUES (223, 'Stopper,bearing,apg', NULL, 'f', '', 1, '2019-12-16 01:09:32.224371', NULL, NULL, NULL);
INSERT INTO "public"."part"("id", "name", "pinyin", "common", "remark", "create_by", "create_at", "update_by", "update_at", "delete_at") VALUES (224, 'Mounting plate,sensor,apg', NULL, 'f', '', 1, '2019-12-16 01:09:32.224371', NULL, NULL, NULL);
INSERT INTO "public"."part"("id", "name", "pinyin", "common", "remark", "create_by", "create_at", "update_by", "update_at", "delete_at") VALUES (225, 'Flag,apg', NULL, 'f', '', 1, '2019-12-16 01:09:32.224371', NULL, NULL, NULL);
INSERT INTO "public"."part"("id", "name", "pinyin", "common", "remark", "create_by", "create_at", "update_by", "update_at", "delete_at") VALUES (226, 'Holder,encoder,cr', NULL, 'f', '', 1, '2019-12-16 01:09:32.224371', NULL, NULL, NULL);
INSERT INTO "public"."part"("id", "name", "pinyin", "common", "remark", "create_by", "create_at", "update_by", "update_at", "delete_at") VALUES (227, 'Guide,cam,apg', NULL, 'f', '', 1, '2019-12-16 01:09:32.224371', NULL, NULL, NULL);
INSERT INTO "public"."part"("id", "name", "pinyin", "common", "remark", "create_by", "create_at", "update_by", "update_at", "delete_at") VALUES (228, 'Mounting plate,shaft,apg', NULL, 'f', '', 1, '2019-12-16 01:09:32.224371', NULL, NULL, NULL);
INSERT INTO "public"."part"("id", "name", "pinyin", "common", "remark", "create_by", "create_at", "update_by", "update_at", "delete_at") VALUES (229, 'Mounting plate,p.c.b.,cr;b', NULL, 'f', '', 1, '2019-12-16 01:09:32.224371', NULL, NULL, NULL);
INSERT INTO "public"."part"("id", "name", "pinyin", "common", "remark", "create_by", "create_at", "update_by", "update_at", "delete_at") VALUES (230, 'Stopper,cr,main', NULL, 'f', '', 1, '2019-12-16 01:09:32.224371', NULL, NULL, NULL);
INSERT INTO "public"."part"("id", "name", "pinyin", "common", "remark", "create_by", "create_at", "update_by", "update_at", "delete_at") VALUES (231, 'Mounting plate,filter,cr', NULL, 'f', '', 1, '2019-12-16 01:09:32.224371', NULL, NULL, NULL);
INSERT INTO "public"."part"("id", "name", "pinyin", "common", "remark", "create_by", "create_at", "update_by", "update_at", "delete_at") VALUES (232, 'Carriage assy.,main', NULL, 'f', '', 1, '2019-12-16 01:09:32.224371', NULL, NULL, NULL);
INSERT INTO "public"."part"("id", "name", "pinyin", "common", "remark", "create_by", "create_at", "update_by", "update_at", "delete_at") VALUES (233, 'Spur gear,12,apg', NULL, 'f', '', 1, '2019-12-16 01:09:32.224371', NULL, NULL, NULL);
INSERT INTO "public"."part"("id", "name", "pinyin", "common", "remark", "create_by", "create_at", "update_by", "update_at", "delete_at") VALUES (234, 'Shaft,cam,apg', NULL, 'f', '', 1, '2019-12-16 01:09:32.224371', NULL, NULL, NULL);
INSERT INTO "public"."part"("id", "name", "pinyin", "common", "remark", "create_by", "create_at", "update_by", "update_at", "delete_at") VALUES (235, 'Shaft,bearing,apg', NULL, 'f', '', 1, '2019-12-16 01:09:32.224371', NULL, NULL, NULL);
INSERT INTO "public"."part"("id", "name", "pinyin", "common", "remark", "create_by", "create_at", "update_by", "update_at", "delete_at") VALUES (236, 'Cam,cr', NULL, 't', '', 1, '2019-12-16 01:09:32.224371', NULL, NULL, NULL);
INSERT INTO "public"."part"("id", "name", "pinyin", "common", "remark", "create_by", "create_at", "update_by", "update_at", "delete_at") VALUES (237, 'Spacer assy.,guide,cr', NULL, 'f', '', 1, '2019-12-16 01:09:32.224371', NULL, NULL, NULL);
INSERT INTO "public"."part"("id", "name", "pinyin", "common", "remark", "create_by", "create_at", "update_by", "update_at", "delete_at") VALUES (238, 'Lm guide,2mmg7wmuus+118ls', NULL, 'f', '', 1, '2019-12-16 01:09:32.224371', NULL, NULL, NULL);
INSERT INTO "public"."part"("id", "name", "pinyin", "common", "remark", "create_by", "create_at", "update_by", "update_at", "delete_at") VALUES (239, 'Brass spacer,bsb-310e', NULL, 'f', '', 1, '2019-12-16 01:09:32.224371', NULL, NULL, NULL);
INSERT INTO "public"."part"("id", "name", "pinyin", "common", "remark", "create_by", "create_at", "update_by", "update_at", "delete_at") VALUES (240, 'C-ring(s),17,f/zn-3c', NULL, 'f', '', 1, '2019-12-16 01:09:32.224371', NULL, NULL, NULL);
INSERT INTO "public"."part"("id", "name", "pinyin", "common", "remark", "create_by", "create_at", "update_by", "update_at", "delete_at") VALUES (241, 'Polyslider,ll-6209-05', NULL, 't', '', 1, '2019-12-16 01:09:32.224371', NULL, NULL, NULL);
INSERT INTO "public"."part"("id", "name", "pinyin", "common", "remark", "create_by", "create_at", "update_by", "update_at", "delete_at") VALUES (242, 'Parallel pins,1615101-20100', NULL, 'f', '', 1, '2019-12-16 01:09:32.224371', NULL, NULL, NULL);
INSERT INTO "public"."part"("id", "name", "pinyin", "common", "remark", "create_by", "create_at", "update_by", "update_at", "delete_at") VALUES (243, 'Round nut', NULL, 'f', '', 1, '2019-12-16 01:09:32.224371', NULL, NULL, NULL);
INSERT INTO "public"."part"("id", "name", "pinyin", "common", "remark", "create_by", "create_at", "update_by", "update_at", "delete_at") VALUES (244, 'S,e,l,h,m,screw,w,cross', NULL, 'f', '', 1, '2019-12-16 01:09:32.224371', NULL, NULL, NULL);
INSERT INTO "public"."part"("id", "name", "pinyin", "common", "remark", "create_by", "create_at", "update_by", "update_at", "delete_at") VALUES (245, 'P.w.,3.8,f/zn-3c', NULL, 'f', '', 1, '2019-12-16 01:09:32.224371', NULL, NULL, NULL);
INSERT INTO "public"."part"("id", "name", "pinyin", "common", "remark", "create_by", "create_at", "update_by", "update_at", "delete_at") VALUES (246, 'Ball bearing', NULL, 'f', '', 1, '2019-12-16 01:09:32.224371', NULL, NULL, NULL);
INSERT INTO "public"."part"("id", "name", "pinyin", "common", "remark", "create_by", "create_at", "update_by", "update_at", "delete_at") VALUES (247, 'Ball bearing f684zz ns7l', NULL, 'f', '', 1, '2019-12-16 01:09:32.224371', NULL, NULL, NULL);
INSERT INTO "public"."part"("id", "name", "pinyin", "common", "remark", "create_by", "create_at", "update_by", "update_at", "delete_at") VALUES (248, 'Ball bearing 6903jrxzz 5k', NULL, 'f', '', 1, '2019-12-16 01:09:32.224371', NULL, NULL, NULL);
INSERT INTO "public"."part"("id", "name", "pinyin", "common", "remark", "create_by", "create_at", "update_by", "update_at", "delete_at") VALUES (249, 'C.b.screw(p2),4x8,f/zn-3c', NULL, 'f', '', 1, '2019-12-16 01:09:32.224371', NULL, NULL, NULL);
INSERT INTO "public"."part"("id", "name", "pinyin", "common", "remark", "create_by", "create_at", "update_by", "update_at", "delete_at") VALUES (250, 'C.b.(s-p2)screw,4x10,f/zn-3c', NULL, 't', '', 1, '2019-12-16 01:09:32.224371', NULL, NULL, NULL);
INSERT INTO "public"."part"("id", "name", "pinyin", "common", "remark", "create_by", "create_at", "update_by", "update_at", "delete_at") VALUES (251, 'Photo interrupter', NULL, 'f', '', 1, '2019-12-16 01:09:32.224371', NULL, NULL, NULL);
INSERT INTO "public"."part"("id", "name", "pinyin", "common", "remark", "create_by", "create_at", "update_by", "update_at", "delete_at") VALUES (252, 'Ffc,encoder,cr', NULL, 'f', '', 1, '2019-12-16 01:09:32.224371', NULL, NULL, NULL);
INSERT INTO "public"."part"("id", "name", "pinyin", "common", "remark", "create_by", "create_at", "update_by", "update_at", "delete_at") VALUES (253, 'Harness,detect,apg', NULL, 'f', '', 1, '2019-12-16 01:09:32.224371', NULL, NULL, NULL);
INSERT INTO "public"."part"("id", "name", "pinyin", "common", "remark", "create_by", "create_at", "update_by", "update_at", "delete_at") VALUES (254, 'Main cr assy esl', NULL, 'f', '', 1, '2019-12-16 01:09:32.224371', NULL, NULL, NULL);
INSERT INTO "public"."part"("id", "name", "pinyin", "common", "remark", "create_by", "create_at", "update_by", "update_at", "delete_at") VALUES (255, 'C.b.p-tite screw,2x4,f/zn-3c', NULL, 'f', '', 1, '2019-12-16 01:09:32.224371', NULL, NULL, NULL);
INSERT INTO "public"."part"("id", "name", "pinyin", "common", "remark", "create_by", "create_at", "update_by", "update_at", "delete_at") VALUES (256, 'C.b.screw,3x6,f/zn-3c', NULL, 't', '', 1, '2019-12-16 01:09:32.224371', NULL, NULL, NULL);
INSERT INTO "public"."part"("id", "name", "pinyin", "common", "remark", "create_by", "create_at", "update_by", "update_at", "delete_at") VALUES (257, 'C.c.screw,3x8,f/zn-3c', NULL, 't', '', 1, '2019-12-16 01:09:32.224371', NULL, NULL, NULL);
INSERT INTO "public"."part"("id", "name", "pinyin", "common", "remark", "create_by", "create_at", "update_by", "update_at", "delete_at") VALUES (258, 'C.b.screw,4x8,f/zn-3c', NULL, 't', '', 1, '2019-12-16 01:09:32.224371', NULL, NULL, NULL);
INSERT INTO "public"."part"("id", "name", "pinyin", "common", "remark", "create_by", "create_at", "update_by", "update_at", "delete_at") VALUES (259, 'Harness clamp:lws-0511z/s', NULL, 't', '', 1, '2019-12-16 01:09:32.224371', NULL, NULL, NULL);
INSERT INTO "public"."part"("id", "name", "pinyin", "common", "remark", "create_by", "create_at", "update_by", "update_at", "delete_at") VALUES (260, 'One touch bush,nb-11', NULL, 'f', '', 1, '2019-12-16 01:09:32.224371', NULL, NULL, NULL);
INSERT INTO "public"."part"("id", "name", "pinyin", "common", "remark", "create_by", "create_at", "update_by", "update_at", "delete_at") VALUES (261, 'Mounting plate,holder head', NULL, 'f', '', 1, '2019-12-16 01:09:32.224371', NULL, NULL, NULL);
INSERT INTO "public"."part"("id", "name", "pinyin", "common", "remark", "create_by", "create_at", "update_by", "update_at", "delete_at") VALUES (262, 'Extension spring,47.59', NULL, 'f', '', 1, '2019-12-16 01:09:32.224371', NULL, NULL, NULL);
INSERT INTO "public"."part"("id", "name", "pinyin", "common", "remark", "create_by", "create_at", "update_by", "update_at", "delete_at") VALUES (263, 'Extension spring,31.44', NULL, 'f', '', 1, '2019-12-16 01:09:32.224371', NULL, NULL, NULL);
INSERT INTO "public"."part"("id", "name", "pinyin", "common", "remark", "create_by", "create_at", "update_by", "update_at", "delete_at") VALUES (264, 'Holder,pw', NULL, 'f', '', 1, '2019-12-16 01:09:32.224371', NULL, NULL, NULL);
INSERT INTO "public"."part"("id", "name", "pinyin", "common", "remark", "create_by", "create_at", "update_by", "update_at", "delete_at") VALUES (265, 'Mounting plate,shutter,cr', NULL, 'f', '', 1, '2019-12-16 01:09:32.224371', NULL, NULL, NULL);
INSERT INTO "public"."part"("id", "name", "pinyin", "common", "remark", "create_by", "create_at", "update_by", "update_at", "delete_at") VALUES (266, 'Strengthen plate,cr,sub', NULL, 'f', '', 1, '2019-12-16 01:09:32.224371', NULL, NULL, NULL);
INSERT INTO "public"."part"("id", "name", "pinyin", "common", "remark", "create_by", "create_at", "update_by", "update_at", "delete_at") VALUES (267, 'Groundingplate,head', NULL, 'f', '', 1, '2019-12-16 01:09:32.224371', NULL, NULL, NULL);
INSERT INTO "public"."part"("id", "name", "pinyin", "common", "remark", "create_by", "create_at", "update_by", "update_at", "delete_at") VALUES (268, 'Carriage assy.,sub', NULL, 'f', '', 1, '2019-12-16 01:09:32.224371', NULL, NULL, NULL);
INSERT INTO "public"."part"("id", "name", "pinyin", "common", "remark", "create_by", "create_at", "update_by", "update_at", "delete_at") VALUES (269, 'Holder head assy.,cr', NULL, 'f', '', 1, '2019-12-16 01:09:32.224371', NULL, NULL, NULL);
INSERT INTO "public"."part"("id", "name", "pinyin", "common", "remark", "create_by", "create_at", "update_by", "update_at", "delete_at") VALUES (270, 'Dummy,head,cr', NULL, 'f', '', 1, '2019-12-16 01:09:32.224371', NULL, NULL, NULL);
INSERT INTO "public"."part"("id", "name", "pinyin", "common", "remark", "create_by", "create_at", "update_by", "update_at", "delete_at") VALUES (271, 'Plate,cover,cr,home', NULL, 'f', '', 1, '2019-12-16 01:09:32.224371', NULL, NULL, NULL);
INSERT INTO "public"."part"("id", "name", "pinyin", "common", "remark", "create_by", "create_at", "update_by", "update_at", "delete_at") VALUES (272, 'Plate,cover,cr,full', NULL, 'f', '', 1, '2019-12-16 01:09:32.224371', NULL, NULL, NULL);
INSERT INTO "public"."part"("id", "name", "pinyin", "common", "remark", "create_by", "create_at", "update_by", "update_at", "delete_at") VALUES (273, 'Shutter,camera,cr', NULL, 'f', '', 1, '2019-12-16 01:09:32.224371', NULL, NULL, NULL);
INSERT INTO "public"."part"("id", "name", "pinyin", "common", "remark", "create_by", "create_at", "update_by", "update_at", "delete_at") VALUES (274, 'Clump,pw,cr', NULL, 'f', '', 1, '2019-12-16 01:09:32.224371', NULL, NULL, NULL);
INSERT INTO "public"."part"("id", "name", "pinyin", "common", "remark", "create_by", "create_at", "update_by", "update_at", "delete_at") VALUES (275, 'Compression spring,9.58', NULL, 'f', '', 1, '2019-12-16 01:09:32.224371', NULL, NULL, NULL);
INSERT INTO "public"."part"("id", "name", "pinyin", "common", "remark", "create_by", "create_at", "update_by", "update_at", "delete_at") VALUES (276, 'Cam,cr', NULL, 't', '', 1, '2019-12-16 01:09:32.224371', NULL, NULL, NULL);
INSERT INTO "public"."part"("id", "name", "pinyin", "common", "remark", "create_by", "create_at", "update_by", "update_at", "delete_at") VALUES (277, 'Polyslider,ll-6209-05', NULL, 't', '', 1, '2019-12-16 01:09:32.224371', NULL, NULL, NULL);
INSERT INTO "public"."part"("id", "name", "pinyin", "common", "remark", "create_by", "create_at", "update_by", "update_at", "delete_at") VALUES (278, 'One touch bushing,nb-29', NULL, 'f', '', 1, '2019-12-16 01:09:32.224371', NULL, NULL, NULL);
INSERT INTO "public"."part"("id", "name", "pinyin", "common", "remark", "create_by", "create_at", "update_by", "update_at", "delete_at") VALUES (279, 'Label,shutter,cr', NULL, 'f', '', 1, '2019-12-16 01:09:32.224371', NULL, NULL, NULL);
INSERT INTO "public"."part"("id", "name", "pinyin", "common", "remark", "create_by", "create_at", "update_by", "update_at", "delete_at") VALUES (280, 'Double-sided adhesive tape,cpadsensor,cr', NULL, 'f', '', 1, '2019-12-16 01:09:32.224371', NULL, NULL, NULL);
INSERT INTO "public"."part"("id", "name", "pinyin", "common", "remark", "create_by", "create_at", "update_by", "update_at", "delete_at") VALUES (281, 'C.b.(s-p2)screw,4x10,f/zn-3c', NULL, 't', '', 1, '2019-12-16 01:09:32.224371', NULL, NULL, NULL);
INSERT INTO "public"."part"("id", "name", "pinyin", "common", "remark", "create_by", "create_at", "update_by", "update_at", "delete_at") VALUES (282, 'Board assy.,detector,pw', NULL, 'f', '', 1, '2019-12-16 01:09:32.224371', NULL, NULL, NULL);
INSERT INTO "public"."part"("id", "name", "pinyin", "common", "remark", "create_by", "create_at", "update_by", "update_at", "delete_at") VALUES (283, 'Ffc,pw,cr', NULL, 'f', '', 1, '2019-12-16 01:09:32.224371', NULL, NULL, NULL);
INSERT INTO "public"."part"("id", "name", "pinyin", "common", "remark", "create_by", "create_at", "update_by", "update_at", "delete_at") VALUES (284, 'Ffc,cpad,sensor,home', NULL, 'f', '', 1, '2019-12-16 01:09:32.224371', NULL, NULL, NULL);
INSERT INTO "public"."part"("id", "name", "pinyin", "common", "remark", "create_by", "create_at", "update_by", "update_at", "delete_at") VALUES (285, 'Ffc,cpad,sensor,full', NULL, 'f', '', 1, '2019-12-16 01:09:32.224371', NULL, NULL, NULL);
INSERT INTO "public"."part"("id", "name", "pinyin", "common", "remark", "create_by", "create_at", "update_by", "update_at", "delete_at") VALUES (286, 'Harness,grounding,cr', NULL, 'f', '', 1, '2019-12-16 01:09:32.224371', NULL, NULL, NULL);
INSERT INTO "public"."part"("id", "name", "pinyin", "common", "remark", "create_by", "create_at", "update_by", "update_at", "delete_at") VALUES (287, 'P.c.b.,relay,cpadsensor', NULL, 'f', '', 1, '2019-12-16 01:09:32.224371', NULL, NULL, NULL);
INSERT INTO "public"."part"("id", "name", "pinyin", "common", "remark", "create_by", "create_at", "update_by", "update_at", "delete_at") VALUES (288, 'Piezo film sensor,fmlussc008', NULL, 'f', '', 1, '2019-12-16 01:09:32.224371', NULL, NULL, NULL);
INSERT INTO "public"."part"("id", "name", "pinyin", "common", "remark", "create_by", "create_at", "update_by", "update_at", "delete_at") VALUES (289, 'Sub cr assy esl', NULL, 'f', '', 1, '2019-12-16 01:09:32.224371', NULL, NULL, NULL);
INSERT INTO "public"."part"("id", "name", "pinyin", "common", "remark", "create_by", "create_at", "update_by", "update_at", "delete_at") VALUES (290, 'C.c.screw,3x6,f/zn-3c', NULL, 'f', '', 1, '2019-12-16 01:09:32.224371', NULL, NULL, NULL);
INSERT INTO "public"."part"("id", "name", "pinyin", "common", "remark", "create_by", "create_at", "update_by", "update_at", "delete_at") VALUES (291, 'Shaft,roller,driven', NULL, 'f', '', 1, '2019-12-16 01:09:32.224371', NULL, NULL, NULL);
INSERT INTO "public"."part"("id", "name", "pinyin", "common", "remark", "create_by", "create_at", "update_by", "update_at", "delete_at") VALUES (292, 'Shaft,adjust plate,spring', NULL, 'f', '', 1, '2019-12-16 01:09:32.224371', NULL, NULL, NULL);
INSERT INTO "public"."part"("id", "name", "pinyin", "common", "remark", "create_by", "create_at", "update_by", "update_at", "delete_at") VALUES (293, 'Adjust plate,spring', NULL, 'f', '', 1, '2019-12-16 01:09:32.224371', NULL, NULL, NULL);
INSERT INTO "public"."part"("id", "name", "pinyin", "common", "remark", "create_by", "create_at", "update_by", "update_at", "delete_at") VALUES (294, 'Fasten plate,roller,driven', NULL, 'f', '', 1, '2019-12-16 01:09:32.224371', NULL, NULL, NULL);
INSERT INTO "public"."part"("id", "name", "pinyin", "common", "remark", "create_by", "create_at", "update_by", "update_at", "delete_at") VALUES (295, 'Cut washer,2.5x0.25x5.0', NULL, 'f', '', 1, '2019-12-16 01:09:32.224371', NULL, NULL, NULL);
INSERT INTO "public"."part"("id", "name", "pinyin", "common", "remark", "create_by", "create_at", "update_by", "update_at", "delete_at") VALUES (296, 'Holder,paper guide,upper', NULL, 'f', '', 1, '2019-12-16 01:09:32.224371', NULL, NULL, NULL);
INSERT INTO "public"."part"("id", "name", "pinyin", "common", "remark", "create_by", "create_at", "update_by", "update_at", "delete_at") VALUES (297, 'Roller,driven', NULL, 'f', '', 1, '2019-12-16 01:09:32.224371', NULL, NULL, NULL);
INSERT INTO "public"."part"("id", "name", "pinyin", "common", "remark", "create_by", "create_at", "update_by", "update_at", "delete_at") VALUES (298, 'Holder,pf,driven', NULL, 'f', '', 1, '2019-12-16 01:09:32.224371', NULL, NULL, NULL);
INSERT INTO "public"."part"("id", "name", "pinyin", "common", "remark", "create_by", "create_at", "update_by", "update_at", "delete_at") VALUES (299, 'Plate,adjust,pf', NULL, 'f', '', 1, '2019-12-16 01:09:32.224371', NULL, NULL, NULL);
INSERT INTO "public"."part"("id", "name", "pinyin", "common", "remark", "create_by", "create_at", "update_by", "update_at", "delete_at") VALUES (300, 'Pf driven assy esl', NULL, 'f', '', 1, '2019-12-16 01:09:32.224371', NULL, NULL, NULL);
INSERT INTO "public"."part"("id", "name", "pinyin", "common", "remark", "create_by", "create_at", "update_by", "update_at", "delete_at") VALUES (301, 'Bushing,shaft,paper guide,upper,b', NULL, 't', '', 1, '2019-12-16 01:09:32.224371', NULL, NULL, NULL);
INSERT INTO "public"."part"("id", "name", "pinyin", "common", "remark", "create_by", "create_at", "update_by", "update_at", "delete_at") VALUES (302, 'Shaft,driven,release,pf', NULL, 'f', '', 1, '2019-12-16 01:09:32.224371', NULL, NULL, NULL);
INSERT INTO "public"."part"("id", "name", "pinyin", "common", "remark", "create_by", "create_at", "update_by", "update_at", "delete_at") VALUES (303, 'Cam,release,pf', NULL, 'f', '', 1, '2019-12-16 01:09:32.224371', NULL, NULL, NULL);
INSERT INTO "public"."part"("id", "name", "pinyin", "common", "remark", "create_by", "create_at", "update_by", "update_at", "delete_at") VALUES (304, 'Cam release assy esl', NULL, 'f', '', 1, '2019-12-16 01:09:32.224371', NULL, NULL, NULL);
INSERT INTO "public"."part"("id", "name", "pinyin", "common", "remark", "create_by", "create_at", "update_by", "update_at", "delete_at") VALUES (305, 'Bushing,shaft,paper guide,upper,b', NULL, 't', '', 1, '2019-12-16 01:09:32.224371', NULL, NULL, NULL);
INSERT INTO "public"."part"("id", "name", "pinyin", "common", "remark", "create_by", "create_at", "update_by", "update_at", "delete_at") VALUES (306, 'Cam,adjust,pf', NULL, 'f', '', 1, '2019-12-16 01:09:32.224371', NULL, NULL, NULL);
INSERT INTO "public"."part"("id", "name", "pinyin", "common", "remark", "create_by", "create_at", "update_by", "update_at", "delete_at") VALUES (307, 'Shaft,driven,adjust,pf', NULL, 'f', '', 1, '2019-12-16 01:09:32.224371', NULL, NULL, NULL);
INSERT INTO "public"."part"("id", "name", "pinyin", "common", "remark", "create_by", "create_at", "update_by", "update_at", "delete_at") VALUES (308, 'Cam adjust assy esl', NULL, 'f', '', 1, '2019-12-16 01:09:32.224371', NULL, NULL, NULL);
INSERT INTO "public"."part"("id", "name", "pinyin", "common", "remark", "create_by", "create_at", "update_by", "update_at", "delete_at") VALUES (309, 'C.b.screw,3x6,f/zn-3c', NULL, 't', '', 1, '2019-12-16 01:09:32.224371', NULL, NULL, NULL);
INSERT INTO "public"."part"("id", "name", "pinyin", "common", "remark", "create_by", "create_at", "update_by", "update_at", "delete_at") VALUES (310, 'C.b.screw,3x8,f/zn-3c', NULL, 'f', '', 1, '2019-12-16 01:09:32.224371', NULL, NULL, NULL);
INSERT INTO "public"."part"("id", "name", "pinyin", "common", "remark", "create_by", "create_at", "update_by", "update_at", "delete_at") VALUES (311, 'C.c.p-tite screw,3x8,f/zn-3c', NULL, 't', '', 1, '2019-12-16 01:09:32.224371', NULL, NULL, NULL);
INSERT INTO "public"."part"("id", "name", "pinyin", "common", "remark", "create_by", "create_at", "update_by", "update_at", "delete_at") VALUES (312, 'C.c.s-tite screw,3x8,f/zn-3c', NULL, 't', '', 1, '2019-12-16 01:09:32.224371', NULL, NULL, NULL);
INSERT INTO "public"."part"("id", "name", "pinyin", "common", "remark", "create_by", "create_at", "update_by", "update_at", "delete_at") VALUES (313, 'Wire saddle,lws-1316z', NULL, 't', '', 1, '2019-12-16 01:09:32.224371', NULL, NULL, NULL);
INSERT INTO "public"."part"("id", "name", "pinyin", "common", "remark", "create_by", "create_at", "update_by", "update_at", "delete_at") VALUES (314, 'Holder,boardassy.,ie', NULL, 'f', '', 1, '2019-12-16 01:09:32.224371', NULL, NULL, NULL);
INSERT INTO "public"."part"("id", "name", "pinyin", "common", "remark", "create_by", "create_at", "update_by", "update_at", "delete_at") VALUES (315, 'Holder,filter,cr', NULL, 'f', '', 1, '2019-12-16 01:09:32.224371', NULL, NULL, NULL);
INSERT INTO "public"."part"("id", "name", "pinyin", "common", "remark", "create_by", "create_at", "update_by", "update_at", "delete_at") VALUES (316, 'Flame assy.,leak', NULL, 'f', '', 1, '2019-12-16 01:09:32.224371', NULL, NULL, NULL);
INSERT INTO "public"."part"("id", "name", "pinyin", "common", "remark", "create_by", "create_at", "update_by", "update_at", "delete_at") VALUES (317, 'Holder,filter', NULL, 'f', '', 1, '2019-12-16 01:09:32.224371', NULL, NULL, NULL);
INSERT INTO "public"."part"("id", "name", "pinyin", "common", "remark", "create_by", "create_at", "update_by", "update_at", "delete_at") VALUES (318, 'Clamp,tube', NULL, 'f', '', 1, '2019-12-16 01:09:32.224371', NULL, NULL, NULL);
INSERT INTO "public"."part"("id", "name", "pinyin", "common", "remark", "create_by", "create_at", "update_by", "update_at", "delete_at") VALUES (319, 'Clamp,tube;b', NULL, 'f', '', 1, '2019-12-16 01:09:32.224371', NULL, NULL, NULL);
INSERT INTO "public"."part"("id", "name", "pinyin", "common", "remark", "create_by", "create_at", "update_by", "update_at", "delete_at") VALUES (320, 'Clamp,tube,c', NULL, 'f', '', 1, '2019-12-16 01:09:32.224371', NULL, NULL, NULL);
INSERT INTO "public"."part"("id", "name", "pinyin", "common", "remark", "create_by", "create_at", "update_by", "update_at", "delete_at") VALUES (321, 'Guide plate,tube', NULL, 'f', '', 1, '2019-12-16 01:09:32.224371', NULL, NULL, NULL);
INSERT INTO "public"."part"("id", "name", "pinyin", "common", "remark", "create_by", "create_at", "update_by", "update_at", "delete_at") VALUES (322, 'Holder,guide plate,tube', NULL, 'f', '', 1, '2019-12-16 01:09:32.224371', NULL, NULL, NULL);
INSERT INTO "public"."part"("id", "name", "pinyin", "common", "remark", "create_by", "create_at", "update_by", "update_at", "delete_at") VALUES (323, 'Holder,tube', NULL, 'f', '', 1, '2019-12-16 01:09:32.224371', NULL, NULL, NULL);
INSERT INTO "public"."part"("id", "name", "pinyin", "common", "remark", "create_by", "create_at", "update_by", "update_at", "delete_at") VALUES (324, 'Holder,fix plate,tube', NULL, 'f', '', 1, '2019-12-16 01:09:32.224371', NULL, NULL, NULL);
INSERT INTO "public"."part"("id", "name", "pinyin", "common", "remark", "create_by", "create_at", "update_by", "update_at", "delete_at") VALUES (325, 'Grounding plate,holder,tube;b', NULL, 'f', '', 1, '2019-12-16 01:09:32.224371', NULL, NULL, NULL);
INSERT INTO "public"."part"("id", "name", "pinyin", "common", "remark", "create_by", "create_at", "update_by", "update_at", "delete_at") VALUES (326, 'Sheet,guide plate,tube', NULL, 'f', '', 1, '2019-12-16 01:09:32.224371', NULL, NULL, NULL);
INSERT INTO "public"."part"("id", "name", "pinyin", "common", "remark", "create_by", "create_at", "update_by", "update_at", "delete_at") VALUES (327, 'Supply tube assy.,esl', NULL, 'f', '', 1, '2019-12-16 01:09:32.224371', NULL, NULL, NULL);
INSERT INTO "public"."part"("id", "name", "pinyin", "common", "remark", "create_by", "create_at", "update_by", "update_at", "delete_at") VALUES (328, 'Porous pad,filter', NULL, 'f', '', 1, '2019-12-16 01:09:32.224371', NULL, NULL, NULL);
INSERT INTO "public"."part"("id", "name", "pinyin", "common", "remark", "create_by", "create_at", "update_by", "update_at", "delete_at") VALUES (329, 'Board assy.,sns', NULL, 'f', '', 1, '2019-12-16 01:09:32.224371', NULL, NULL, NULL);
INSERT INTO "public"."part"("id", "name", "pinyin", "common", "remark", "create_by", "create_at", "update_by", "update_at", "delete_at") VALUES (330, 'Harness,leak sensor,cr;b', NULL, 'f', '', 1, '2019-12-16 01:09:32.224371', NULL, NULL, NULL);
INSERT INTO "public"."part"("id", "name", "pinyin", "common", "remark", "create_by", "create_at", "update_by", "update_at", "delete_at") VALUES (331, 'Harness, sub-c, ffc40', NULL, 'f', '', 1, '2019-12-16 01:09:32.224371', NULL, NULL, NULL);
INSERT INTO "public"."part"("id", "name", "pinyin", "common", "remark", "create_by", "create_at", "update_by", "update_at", "delete_at") VALUES (332, 'Harness, power, sub-h', NULL, 'f', '', 1, '2019-12-16 01:09:32.224371', NULL, NULL, NULL);
INSERT INTO "public"."part"("id", "name", "pinyin", "common", "remark", "create_by", "create_at", "update_by", "update_at", "delete_at") VALUES (333, 'Mm duplex sc-sc armored patch cord', NULL, 'f', '', 1, '2019-12-16 01:09:32.224371', NULL, NULL, NULL);
INSERT INTO "public"."part"("id", "name", "pinyin", "common", "remark", "create_by", "create_at", "update_by", "update_at", "delete_at") VALUES (334, 'Tube assy esl', NULL, 'f', '', 1, '2019-12-16 01:09:32.224371', NULL, NULL, NULL);
INSERT INTO "public"."part"("id", "name", "pinyin", "common", "remark", "create_by", "create_at", "update_by", "update_at", "delete_at") VALUES (335, 'C.b.s-tite screw,3x6,f/zn-3c', NULL, 't', '', 1, '2019-12-16 01:09:32.224371', NULL, NULL, NULL);
INSERT INTO "public"."part"("id", "name", "pinyin", "common", "remark", "create_by", "create_at", "update_by", "update_at", "delete_at") VALUES (336, 'C.c.s-tite r.screw,3x6,f/zn-3c', NULL, 't', '', 1, '2019-12-16 01:09:32.224371', NULL, NULL, NULL);
INSERT INTO "public"."part"("id", "name", "pinyin", "common", "remark", "create_by", "create_at", "update_by", "update_at", "delete_at") VALUES (337, 'Mounting plate,p.c.b.,led', NULL, 't', '', 1, '2019-12-16 01:09:32.224371', NULL, NULL, NULL);
INSERT INTO "public"."part"("id", "name", "pinyin", "common", "remark", "create_by", "create_at", "update_by", "update_at", "delete_at") VALUES (338, 'Cover,p.c.b.,led', NULL, 't', '', 1, '2019-12-16 01:09:32.224371', NULL, NULL, NULL);
INSERT INTO "public"."part"("id", "name", "pinyin", "common", "remark", "create_by", "create_at", "update_by", "update_at", "delete_at") VALUES (339, 'Frame,support,upper,left', NULL, 'f', '', 1, '2019-12-16 01:09:32.224371', NULL, NULL, NULL);
INSERT INTO "public"."part"("id", "name", "pinyin", "common", "remark", "create_by", "create_at", "update_by", "update_at", "delete_at") VALUES (340, 'Board assy.,sub,ce46 sub-r', NULL, 't', '', 1, '2019-12-16 01:09:32.224371', NULL, NULL, NULL);
INSERT INTO "public"."part"("id", "name", "pinyin", "common", "remark", "create_by", "create_at", "update_by", "update_at", "delete_at") VALUES (341, 'Frame support left top assy esl', NULL, 'f', '', 1, '2019-12-16 01:09:32.224371', NULL, NULL, NULL);
INSERT INTO "public"."part"("id", "name", "pinyin", "common", "remark", "create_by", "create_at", "update_by", "update_at", "delete_at") VALUES (342, 'C.b.s-tite screw,3x6,f/zn-3c', NULL, 't', '', 1, '2019-12-16 01:09:32.224371', NULL, NULL, NULL);
INSERT INTO "public"."part"("id", "name", "pinyin", "common", "remark", "create_by", "create_at", "update_by", "update_at", "delete_at") VALUES (343, 'C.b.screw,3x6,f/zn-3c', NULL, 't', '', 1, '2019-12-16 01:09:32.224371', NULL, NULL, NULL);
INSERT INTO "public"."part"("id", "name", "pinyin", "common", "remark", "create_by", "create_at", "update_by", "update_at", "delete_at") VALUES (344, 'C.c.s-tite r.screw,3x6,f/zn-3c', NULL, 't', '', 1, '2019-12-16 01:09:32.224371', NULL, NULL, NULL);
INSERT INTO "public"."part"("id", "name", "pinyin", "common", "remark", "create_by", "create_at", "update_by", "update_at", "delete_at") VALUES (345, 'C.c.s-tite screw,4x8,f/zn-3c', NULL, 't', '', 1, '2019-12-16 01:09:32.224371', NULL, NULL, NULL);
INSERT INTO "public"."part"("id", "name", "pinyin", "common", "remark", "create_by", "create_at", "update_by", "update_at", "delete_at") VALUES (346, 'Harness clamp:lws-0511z/s', NULL, 't', '', 1, '2019-12-16 01:09:32.224371', NULL, NULL, NULL);
INSERT INTO "public"."part"("id", "name", "pinyin", "common", "remark", "create_by", "create_at", "update_by", "update_at", "delete_at") VALUES (347, 'Mounting plate,p.c.b.,led', NULL, 't', '', 1, '2019-12-16 01:09:32.224371', NULL, NULL, NULL);
INSERT INTO "public"."part"("id", "name", "pinyin", "common", "remark", "create_by", "create_at", "update_by", "update_at", "delete_at") VALUES (348, 'Cover,p.c.b.,led', NULL, 't', '', 1, '2019-12-16 01:09:32.224371', NULL, NULL, NULL);
INSERT INTO "public"."part"("id", "name", "pinyin", "common", "remark", "create_by", "create_at", "update_by", "update_at", "delete_at") VALUES (349, 'Frame,cover,upper', NULL, 'f', '', 1, '2019-12-16 01:09:32.224371', NULL, NULL, NULL);
INSERT INTO "public"."part"("id", "name", "pinyin", "common", "remark", "create_by", "create_at", "update_by", "update_at", "delete_at") VALUES (350, 'Board assy.,sub,ce46 sub-c', NULL, 'f', '', 1, '2019-12-16 01:09:32.224371', NULL, NULL, NULL);
INSERT INTO "public"."part"("id", "name", "pinyin", "common", "remark", "create_by", "create_at", "update_by", "update_at", "delete_at") VALUES (351, 'Board assy.,sub,ce46 sub-r', NULL, 't', '', 1, '2019-12-16 01:09:32.224371', NULL, NULL, NULL);
INSERT INTO "public"."part"("id", "name", "pinyin", "common", "remark", "create_by", "create_at", "update_by", "update_at", "delete_at") VALUES (352, 'Harness, relay, sub-r 2', NULL, 'f', '', 1, '2019-12-16 01:09:32.224371', NULL, NULL, NULL);
INSERT INTO "public"."part"("id", "name", "pinyin", "common", "remark", "create_by", "create_at", "update_by", "update_at", "delete_at") VALUES (353, 'Harness, relay, sub-r', NULL, 'f', '', 1, '2019-12-16 01:09:32.224371', NULL, NULL, NULL);
INSERT INTO "public"."part"("id", "name", "pinyin", "common", "remark", "create_by", "create_at", "update_by", "update_at", "delete_at") VALUES (354, 'Frame cover top assy esl', NULL, 'f', '', 1, '2019-12-16 01:09:32.224371', NULL, NULL, NULL);
INSERT INTO "public"."part"("id", "name", "pinyin", "common", "remark", "create_by", "create_at", "update_by", "update_at", "delete_at") VALUES (355, 'Base,paper guide,lower', NULL, 'f', '', 1, '2019-12-16 01:09:32.224371', NULL, NULL, NULL);
INSERT INTO "public"."part"("id", "name", "pinyin", "common", "remark", "create_by", "create_at", "update_by", "update_at", "delete_at") VALUES (356, 'C.c.s-tite screw,3x8,f/zn-3c', NULL, 't', '', 1, '2019-12-16 01:09:32.224371', NULL, NULL, NULL);
INSERT INTO "public"."part"("id", "name", "pinyin", "common", "remark", "create_by", "create_at", "update_by", "update_at", "delete_at") VALUES (357, 'H.s.c.bolt,5x40,f/zn-3c', NULL, 'f', '', 1, '2019-12-16 01:09:32.224371', NULL, NULL, NULL);
INSERT INTO "public"."part"("id", "name", "pinyin", "common", "remark", "create_by", "create_at", "update_by", "update_at", "delete_at") VALUES (358, 'Cover,base,paper guide,rear', NULL, 'f', '', 1, '2019-12-16 01:09:32.224371', NULL, NULL, NULL);
INSERT INTO "public"."part"("id", "name", "pinyin", "common", "remark", "create_by", "create_at", "update_by", "update_at", "delete_at") VALUES (359, 'Frame,duct,fan', NULL, 'f', '', 1, '2019-12-16 01:09:32.224371', NULL, NULL, NULL);
INSERT INTO "public"."part"("id", "name", "pinyin", "common", "remark", "create_by", "create_at", "update_by", "update_at", "delete_at") VALUES (360, 'Plate,paper guide,adjust', NULL, 'f', '', 1, '2019-12-16 01:09:32.224371', NULL, NULL, NULL);
INSERT INTO "public"."part"("id", "name", "pinyin", "common", "remark", "create_by", "create_at", "update_by", "update_at", "delete_at") VALUES (361, 'Spacer,paper guide,adjust', NULL, 'f', '', 1, '2019-12-16 01:09:32.224371', NULL, NULL, NULL);
INSERT INTO "public"."part"("id", "name", "pinyin", "common", "remark", "create_by", "create_at", "update_by", "update_at", "delete_at") VALUES (362, 'Seal,paper guide', NULL, 'f', '', 1, '2019-12-16 01:09:32.224371', NULL, NULL, NULL);
INSERT INTO "public"."part"("id", "name", "pinyin", "common", "remark", "create_by", "create_at", "update_by", "update_at", "delete_at") VALUES (363, 'Seal,paper guide;b', NULL, 'f', '', 1, '2019-12-16 01:09:32.224371', NULL, NULL, NULL);
INSERT INTO "public"."part"("id", "name", "pinyin", "common", "remark", "create_by", "create_at", "update_by", "update_at", "delete_at") VALUES (364, 'Plate,paper guide,positioning', NULL, 'f', '', 1, '2019-12-16 01:09:32.224371', NULL, NULL, NULL);
INSERT INTO "public"."part"("id", "name", "pinyin", "common", "remark", "create_by", "create_at", "update_by", "update_at", "delete_at") VALUES (365, 'Coil spring,swm12x30', NULL, 'f', '', 1, '2019-12-16 01:09:32.224371', NULL, NULL, NULL);
INSERT INTO "public"."part"("id", "name", "pinyin", "common", "remark", "create_by", "create_at", "update_by", "update_at", "delete_at") VALUES (366, 'Wing.bolt.-2,4x40,f,zn-3c', NULL, 'f', '', 1, '2019-12-16 01:09:32.224371', NULL, NULL, NULL);
INSERT INTO "public"."part"("id", "name", "pinyin", "common", "remark", "create_by", "create_at", "update_by", "update_at", "delete_at") VALUES (367, 'Fan assy.,absorption', NULL, 'f', '', 1, '2019-12-16 01:09:32.224371', NULL, NULL, NULL);
INSERT INTO "public"."part"("id", "name", "pinyin", "common", "remark", "create_by", "create_at", "update_by", "update_at", "delete_at") VALUES (368, 'Frame base paperguide front assy esl', NULL, 'f', '', 1, '2019-12-16 01:09:32.224371', NULL, NULL, NULL);
INSERT INTO "public"."part"("id", "name", "pinyin", "common", "remark", "create_by", "create_at", "update_by", "update_at", "delete_at") VALUES (369, 'Coupling,pf', NULL, 'f', '', 1, '2019-12-16 01:09:32.224371', NULL, NULL, NULL);
INSERT INTO "public"."part"("id", "name", "pinyin", "common", "remark", "create_by", "create_at", "update_by", "update_at", "delete_at") VALUES (370, 'Key,pf', NULL, 'f', '', 1, '2019-12-16 01:09:32.224371', NULL, NULL, NULL);
INSERT INTO "public"."part"("id", "name", "pinyin", "common", "remark", "create_by", "create_at", "update_by", "update_at", "delete_at") VALUES (371, '防拆标签', NULL, 't', '', 1, '2019-12-16 01:09:32.224371', NULL, NULL, NULL);
INSERT INTO "public"."part"("id", "name", "pinyin", "common", "remark", "create_by", "create_at", "update_by", "update_at", "delete_at") VALUES (372, '号码牌', NULL, 't', '', 1, '2019-12-16 01:09:32.224371', NULL, NULL, NULL);
INSERT INTO "public"."part"("id", "name", "pinyin", "common", "remark", "create_by", "create_at", "update_by", "update_at", "delete_at") VALUES (373, '镜头保护盖', NULL, 't', '', 1, '2019-12-16 01:09:32.224371', NULL, NULL, NULL);
INSERT INTO "public"."part"("id", "name", "pinyin", "common", "remark", "create_by", "create_at", "update_by", "update_at", "delete_at") VALUES (374, '服务标签', NULL, 't', '', 1, '2019-12-16 01:09:32.224371', NULL, NULL, NULL);
INSERT INTO "public"."part"("id", "name", "pinyin", "common", "remark", "create_by", "create_at", "update_by", "update_at", "delete_at") VALUES (375, '镜头标签', NULL, 't', '', 1, '2019-12-16 01:09:32.224371', NULL, NULL, NULL);
INSERT INTO "public"."part"("id", "name", "pinyin", "common", "remark", "create_by", "create_at", "update_by", "update_at", "delete_at") VALUES (376, '激光注意标签', NULL, 't', '', 1, '2019-12-16 01:09:32.224371', NULL, NULL, NULL);
INSERT INTO "public"."part"("id", "name", "pinyin", "common", "remark", "create_by", "create_at", "update_by", "update_at", "delete_at") VALUES (377, '激光开口标签', NULL, 't', '', 1, '2019-12-16 01:09:32.224371', NULL, NULL, NULL);
INSERT INTO "public"."part"("id", "name", "pinyin", "common", "remark", "create_by", "create_at", "update_by", "update_at", "delete_at") VALUES (378, '电线盖', NULL, 't', '', 1, '2019-12-16 01:09:32.224371', NULL, NULL, NULL);
INSERT INTO "public"."part"("id", "name", "pinyin", "common", "remark", "create_by", "create_at", "update_by", "update_at", "delete_at") VALUES (379, '3LCD', NULL, 't', '', 1, '2019-12-16 01:09:32.224371', NULL, NULL, NULL);
INSERT INTO "public"."part"("id", "name", "pinyin", "common", "remark", "create_by", "create_at", "update_by", "update_at", "delete_at") VALUES (380, '电源线', NULL, 't', '', 1, '2019-12-16 01:09:32.224371', NULL, NULL, NULL);
INSERT INTO "public"."part"("id", "name", "pinyin", "common", "remark", "create_by", "create_at", "update_by", "update_at", "delete_at") VALUES (381, '电脑线', NULL, 't', '', 1, '2019-12-16 01:09:32.224371', NULL, NULL, NULL);
INSERT INTO "public"."part"("id", "name", "pinyin", "common", "remark", "create_by", "create_at", "update_by", "update_at", "delete_at") VALUES (382, '电池', NULL, 't', '', 1, '2019-12-16 01:09:32.224371', NULL, NULL, NULL);
INSERT INTO "public"."part"("id", "name", "pinyin", "common", "remark", "create_by", "create_at", "update_by", "update_at", "delete_at") VALUES (383, '遥控器', NULL, 't', '', 1, '2019-12-16 01:09:32.224371', NULL, NULL, NULL);
INSERT INTO "public"."part"("id", "name", "pinyin", "common", "remark", "create_by", "create_at", "update_by", "update_at", "delete_at") VALUES (384, '说明书', NULL, 't', '', 1, '2019-12-16 01:09:32.224371', NULL, NULL, NULL);
INSERT INTO "public"."part"("id", "name", "pinyin", "common", "remark", "create_by", "create_at", "update_by", "update_at", "delete_at") VALUES (385, '包机袋子', NULL, 't', '', 1, '2019-12-16 01:09:32.224371', NULL, NULL, NULL);
INSERT INTO "public"."part"("id", "name", "pinyin", "common", "remark", "create_by", "create_at", "update_by", "update_at", "delete_at") VALUES (386, '附属品胶袋子', NULL, 't', '', 1, '2019-12-16 01:09:32.224371', NULL, NULL, NULL);
INSERT INTO "public"."part"("id", "name", "pinyin", "common", "remark", "create_by", "create_at", "update_by", "update_at", "delete_at") VALUES (387, '保护环', NULL, 't', '', 1, '2019-12-16 01:09:32.224371', NULL, NULL, NULL);
INSERT INTO "public"."part"("id", "name", "pinyin", "common", "remark", "create_by", "create_at", "update_by", "update_at", "delete_at") VALUES (388, '天吊落下注意卡', NULL, 't', '', 1, '2019-12-16 01:09:32.224371', NULL, NULL, NULL);
INSERT INTO "public"."part"("id", "name", "pinyin", "common", "remark", "create_by", "create_at", "update_by", "update_at", "delete_at") VALUES (389, '油烟警告标签', NULL, 't', '', 1, '2019-12-16 01:09:32.224371', NULL, NULL, NULL);
INSERT INTO "public"."part"("id", "name", "pinyin", "common", "remark", "create_by", "create_at", "update_by", "update_at", "delete_at") VALUES (390, '商品号标签', NULL, 't', '', 1, '2019-12-16 01:09:32.224371', NULL, NULL, NULL);
INSERT INTO "public"."part"("id", "name", "pinyin", "common", "remark", "create_by", "create_at", "update_by", "update_at", "delete_at") VALUES (391, 'MRP标签', NULL, 't', '', 1, '2019-12-16 01:09:32.224371', NULL, NULL, NULL);
INSERT INTO "public"."part"("id", "name", "pinyin", "common", "remark", "create_by", "create_at", "update_by", "update_at", "delete_at") VALUES (392, '系列号标签', NULL, 't', '', 1, '2019-12-16 01:09:32.224371', NULL, NULL, NULL);
INSERT INTO "public"."part"("id", "name", "pinyin", "common", "remark", "create_by", "create_at", "update_by", "update_at", "delete_at") VALUES (393, 'S/N标签', NULL, 't', '', 1, '2019-12-16 01:09:32.224371', NULL, NULL, NULL);
INSERT INTO "public"."part"("id", "name", "pinyin", "common", "remark", "create_by", "create_at", "update_by", "update_at", "delete_at") VALUES (394, '节能标签', NULL, 't', '', 1, '2019-12-16 01:09:32.224371', NULL, NULL, NULL);
INSERT INTO "public"."part"("id", "name", "pinyin", "common", "remark", "create_by", "create_at", "update_by", "update_at", "delete_at") VALUES (395, '落下警告标签', NULL, 't', '', 1, '2019-12-16 01:09:32.224371', NULL, NULL, NULL);
INSERT INTO "public"."part"("id", "name", "pinyin", "common", "remark", "create_by", "create_at", "update_by", "update_at", "delete_at") VALUES (396, '3LCD标签', NULL, 't', '', 1, '2019-12-16 01:09:32.224371', NULL, NULL, NULL);
INSERT INTO "public"."part"("id", "name", "pinyin", "common", "remark", "create_by", "create_at", "update_by", "update_at", "delete_at") VALUES (397, '警告标签A', NULL, 't', '', 1, '2019-12-16 01:09:32.224371', NULL, NULL, NULL);
INSERT INTO "public"."part"("id", "name", "pinyin", "common", "remark", "create_by", "create_at", "update_by", "update_at", "delete_at") VALUES (398, '警告标签B', NULL, 't', '', 1, '2019-12-16 01:09:32.224371', NULL, NULL, NULL);
INSERT INTO "public"."part"("id", "name", "pinyin", "common", "remark", "create_by", "create_at", "update_by", "update_at", "delete_at") VALUES (399, '警告标签C', NULL, 't', '', 1, '2019-12-16 01:09:32.224371', NULL, NULL, NULL);
INSERT INTO "public"."part"("id", "name", "pinyin", "common", "remark", "create_by", "create_at", "update_by", "update_at", "delete_at") VALUES (400, '警告标签D', NULL, 't', '', 1, '2019-12-16 01:09:32.224371', NULL, NULL, NULL);
INSERT INTO "public"."part"("id", "name", "pinyin", "common", "remark", "create_by", "create_at", "update_by", "update_at", "delete_at") VALUES (401, '警告标签E', NULL, 't', '', 1, '2019-12-16 01:09:32.224371', NULL, NULL, NULL);
INSERT INTO "public"."part"("id", "name", "pinyin", "common", "remark", "create_by", "create_at", "update_by", "update_at", "delete_at") VALUES (402, '大定格标签', NULL, 't', '', 1, '2019-12-16 01:09:32.224371', NULL, NULL, NULL);
INSERT INTO "public"."part"("id", "name", "pinyin", "common", "remark", "create_by", "create_at", "update_by", "update_at", "delete_at") VALUES (403, '小定格标签', NULL, 't', '', 1, '2019-12-16 01:09:32.224371', NULL, NULL, NULL);
INSERT INTO "public"."part"("id", "name", "pinyin", "common", "remark", "create_by", "create_at", "update_by", "update_at", "delete_at") VALUES (404, '后撑脚', NULL, 't', '', 1, '2019-12-16 01:09:32.224371', NULL, NULL, NULL);
INSERT INTO "public"."part"("id", "name", "pinyin", "common", "remark", "create_by", "create_at", "update_by", "update_at", "delete_at") VALUES (405, '下壳', NULL, 't', '', 1, '2019-12-16 01:09:32.224371', NULL, NULL, NULL);
INSERT INTO "public"."part"("id", "name", "pinyin", "common", "remark", "create_by", "create_at", "update_by", "update_at", "delete_at") VALUES (406, '前撑脚', NULL, 't', '', 1, '2019-12-16 01:09:32.224371', NULL, NULL, NULL);
INSERT INTO "public"."part"("id", "name", "pinyin", "common", "remark", "create_by", "create_at", "update_by", "update_at", "delete_at") VALUES (407, '撑脚垫', NULL, 't', '', 1, '2019-12-16 01:09:32.224371', NULL, NULL, NULL);
INSERT INTO "public"."part"("id", "name", "pinyin", "common", "remark", "create_by", "create_at", "update_by", "update_at", "delete_at") VALUES (408, '大垫圈', NULL, 't', '', 1, '2019-12-16 01:09:32.224371', NULL, NULL, NULL);
INSERT INTO "public"."part"("id", "name", "pinyin", "common", "remark", "create_by", "create_at", "update_by", "update_at", "delete_at") VALUES (409, '小垫圈', NULL, 't', '', 1, '2019-12-16 01:09:32.224371', NULL, NULL, NULL);
INSERT INTO "public"."part"("id", "name", "pinyin", "common", "remark", "create_by", "create_at", "update_by", "update_at", "delete_at") VALUES (410, '吸气海绵A（下）', NULL, 't', '', 1, '2019-12-16 01:09:32.224371', NULL, NULL, NULL);
INSERT INTO "public"."part"("id", "name", "pinyin", "common", "remark", "create_by", "create_at", "update_by", "update_at", "delete_at") VALUES (411, '吸气海绵B（上）', NULL, 't', '', 1, '2019-12-16 01:09:32.224371', NULL, NULL, NULL);
INSERT INTO "public"."part"("id", "name", "pinyin", "common", "remark", "create_by", "create_at", "update_by", "update_at", "delete_at") VALUES (412, '吸气海绵C（右）', NULL, 't', '', 1, '2019-12-16 01:09:32.224371', NULL, NULL, NULL);
INSERT INTO "public"."part"("id", "name", "pinyin", "common", "remark", "create_by", "create_at", "update_by", "update_at", "delete_at") VALUES (413, '吸气海绵D（中）', NULL, 't', '', 1, '2019-12-16 01:09:32.224371', NULL, NULL, NULL);
INSERT INTO "public"."part"("id", "name", "pinyin", "common", "remark", "create_by", "create_at", "update_by", "update_at", "delete_at") VALUES (414, '吸气海绵E（左）', NULL, 't', '', 1, '2019-12-16 01:09:32.224371', NULL, NULL, NULL);
INSERT INTO "public"."part"("id", "name", "pinyin", "common", "remark", "create_by", "create_at", "update_by", "update_at", "delete_at") VALUES (415, '螺母', NULL, 't', '', 1, '2019-12-16 01:09:32.224371', NULL, NULL, NULL);
INSERT INTO "public"."part"("id", "name", "pinyin", "common", "remark", "create_by", "create_at", "update_by", "update_at", "delete_at") VALUES (416, '下壳前屏蔽板;A', NULL, 't', '', 1, '2019-12-16 01:09:32.224371', NULL, NULL, NULL);
INSERT INTO "public"."part"("id", "name", "pinyin", "common", "remark", "create_by", "create_at", "update_by", "update_at", "delete_at") VALUES (417, '下壳前屏蔽板;B', NULL, 't', '', 1, '2019-12-16 01:09:32.224371', NULL, NULL, NULL);
INSERT INTO "public"."part"("id", "name", "pinyin", "common", "remark", "create_by", "create_at", "update_by", "update_at", "delete_at") VALUES (418, '下壳后屏蔽板', NULL, 't', '', 1, '2019-12-16 01:09:32.224371', NULL, NULL, NULL);
INSERT INTO "public"."part"("id", "name", "pinyin", "common", "remark", "create_by", "create_at", "update_by", "update_at", "delete_at") VALUES (419, '安全杆', NULL, 't', '', 1, '2019-12-16 01:09:32.224371', NULL, NULL, NULL);
INSERT INTO "public"."part"("id", "name", "pinyin", "common", "remark", "create_by", "create_at", "update_by", "update_at", "delete_at") VALUES (420, '电源插口连接线', NULL, 't', '', 1, '2019-12-16 01:09:32.224371', NULL, NULL, NULL);
INSERT INTO "public"."part"("id", "name", "pinyin", "common", "remark", "create_by", "create_at", "update_by", "update_at", "delete_at") VALUES (421, '过滤基板支架', NULL, 't', '', 1, '2019-12-16 01:09:32.224371', NULL, NULL, NULL);
INSERT INTO "public"."part"("id", "name", "pinyin", "common", "remark", "create_by", "create_at", "update_by", "update_at", "delete_at") VALUES (422, '3*12螺丝', NULL, 't', '', 1, '2019-12-16 01:09:32.224371', NULL, NULL, NULL);
INSERT INTO "public"."part"("id", "name", "pinyin", "common", "remark", "create_by", "create_at", "update_by", "update_at", "delete_at") VALUES (423, 'M3螺母', NULL, 't', '', 1, '2019-12-16 01:09:32.224371', NULL, NULL, NULL);
INSERT INTO "public"."part"("id", "name", "pinyin", "common", "remark", "create_by", "create_at", "update_by", "update_at", "delete_at") VALUES (424, '下过滤基板垫片', NULL, 't', '', 1, '2019-12-16 01:09:32.224371', NULL, NULL, NULL);
INSERT INTO "public"."part"("id", "name", "pinyin", "common", "remark", "create_by", "create_at", "update_by", "update_at", "delete_at") VALUES (425, 'PS胶纸', NULL, 't', '', 1, '2019-12-16 01:09:32.224371', NULL, NULL, NULL);
INSERT INTO "public"."part"("id", "name", "pinyin", "common", "remark", "create_by", "create_at", "update_by", "update_at", "delete_at") VALUES (426, '4*6花边螺丝', NULL, 't', '', 1, '2019-12-16 01:09:32.224371', NULL, NULL, NULL);
INSERT INTO "public"."part"("id", "name", "pinyin", "common", "remark", "create_by", "create_at", "update_by", "update_at", "delete_at") VALUES (427, '过滤绝缘盖板', NULL, 't', '', 1, '2019-12-16 01:09:32.224371', NULL, NULL, NULL);
INSERT INTO "public"."part"("id", "name", "pinyin", "common", "remark", "create_by", "create_at", "update_by", "update_at", "delete_at") VALUES (428, '过滤器基板', NULL, 't', '', 1, '2019-12-16 01:09:32.224371', NULL, NULL, NULL);
INSERT INTO "public"."part"("id", "name", "pinyin", "common", "remark", "create_by", "create_at", "update_by", "update_at", "delete_at") VALUES (429, '3*6螺丝', NULL, 't', '', 1, '2019-12-16 01:09:32.224371', NULL, NULL, NULL);
INSERT INTO "public"."part"("id", "name", "pinyin", "common", "remark", "create_by", "create_at", "update_by", "update_at", "delete_at") VALUES (430, 'AC连接线', NULL, 't', '', 1, '2019-12-16 01:09:32.224371', NULL, NULL, NULL);
INSERT INTO "public"."part"("id", "name", "pinyin", "common", "remark", "create_by", "create_at", "update_by", "update_at", "delete_at") VALUES (431, '连接线固定胶纸', NULL, 't', '', 1, '2019-12-16 01:09:32.224371', NULL, NULL, NULL);
INSERT INTO "public"."part"("id", "name", "pinyin", "common", "remark", "create_by", "create_at", "update_by", "update_at", "delete_at") VALUES (432, '排气风扇', NULL, 't', '', 1, '2019-12-16 01:09:32.224371', NULL, NULL, NULL);
INSERT INTO "public"."part"("id", "name", "pinyin", "common", "remark", "create_by", "create_at", "update_by", "update_at", "delete_at") VALUES (433, '排气风扇垫片', NULL, 't', '', 1, '2019-12-16 01:09:32.224371', NULL, NULL, NULL);
INSERT INTO "public"."part"("id", "name", "pinyin", "common", "remark", "create_by", "create_at", "update_by", "update_at", "delete_at") VALUES (434, '排气海绵', NULL, 't', '', 1, '2019-12-16 01:09:32.224371', NULL, NULL, NULL);
INSERT INTO "public"."part"("id", "name", "pinyin", "common", "remark", "create_by", "create_at", "update_by", "update_at", "delete_at") VALUES (435, '排气风扇通道', NULL, 't', '', 1, '2019-12-16 01:09:32.224371', NULL, NULL, NULL);
INSERT INTO "public"."part"("id", "name", "pinyin", "common", "remark", "create_by", "create_at", "update_by", "update_at", "delete_at") VALUES (436, '3*35螺丝', NULL, 't', '', 1, '2019-12-16 01:09:32.224371', NULL, NULL, NULL);
INSERT INTO "public"."part"("id", "name", "pinyin", "common", "remark", "create_by", "create_at", "update_by", "update_at", "delete_at") VALUES (437, '中继连接线 M4P120', NULL, 't', '', 1, '2019-12-16 01:09:32.224371', NULL, NULL, NULL);
INSERT INTO "public"."part"("id", "name", "pinyin", "common", "remark", "create_by", "create_at", "update_by", "update_at", "delete_at") VALUES (438, 'LDDR垫片', NULL, 't', '', 1, '2019-12-16 01:09:32.224371', NULL, NULL, NULL);
INSERT INTO "public"."part"("id", "name", "pinyin", "common", "remark", "create_by", "create_at", "update_by", "update_at", "delete_at") VALUES (439, 'LDDR基板', NULL, 't', '', 1, '2019-12-16 01:09:32.224371', NULL, NULL, NULL);
INSERT INTO "public"."part"("id", "name", "pinyin", "common", "remark", "create_by", "create_at", "update_by", "update_at", "delete_at") VALUES (440, '3*8螺丝', NULL, 't', '', 1, '2019-12-16 01:09:32.224371', NULL, NULL, NULL);
INSERT INTO "public"."part"("id", "name", "pinyin", "common", "remark", "create_by", "create_at", "update_by", "update_at", "delete_at") VALUES (441, 'LDDR-LLC连接线', NULL, 't', '', 1, '2019-12-16 01:09:32.224371', NULL, NULL, NULL);
INSERT INTO "public"."part"("id", "name", "pinyin", "common", "remark", "create_by", "create_at", "update_by", "update_at", "delete_at") VALUES (442, 'LDDR-MA连接线', NULL, 't', '', 1, '2019-12-16 01:09:32.224371', NULL, NULL, NULL);
INSERT INTO "public"."part"("id", "name", "pinyin", "common", "remark", "create_by", "create_at", "update_by", "update_at", "delete_at") VALUES (443, 'LD风扇', NULL, 't', '', 1, '2019-12-16 01:09:32.224371', NULL, NULL, NULL);
INSERT INTO "public"."part"("id", "name", "pinyin", "common", "remark", "create_by", "create_at", "update_by", "update_at", "delete_at") VALUES (444, 'LD风扇海绵', NULL, 't', '', 1, '2019-12-16 01:09:32.224371', NULL, NULL, NULL);
INSERT INTO "public"."part"("id", "name", "pinyin", "common", "remark", "create_by", "create_at", "update_by", "update_at", "delete_at") VALUES (445, 'LD风扇通道；上', NULL, 't', '', 1, '2019-12-16 01:09:32.224371', NULL, NULL, NULL);
INSERT INTO "public"."part"("id", "name", "pinyin", "common", "remark", "create_by", "create_at", "update_by", "update_at", "delete_at") VALUES (446, 'LD风扇通道海绵', NULL, 't', '', 1, '2019-12-16 01:09:32.224371', NULL, NULL, NULL);
INSERT INTO "public"."part"("id", "name", "pinyin", "common", "remark", "create_by", "create_at", "update_by", "update_at", "delete_at") VALUES (447, 'HS通道海绵A', NULL, 't', '', 1, '2019-12-16 01:09:32.224371', NULL, NULL, NULL);
INSERT INTO "public"."part"("id", "name", "pinyin", "common", "remark", "create_by", "create_at", "update_by", "update_at", "delete_at") VALUES (448, '海绵', NULL, 't', '', 1, '2019-12-16 01:09:32.224371', NULL, NULL, NULL);
INSERT INTO "public"."part"("id", "name", "pinyin", "common", "remark", "create_by", "create_at", "update_by", "update_at", "delete_at") VALUES (449, 'LV热敏电阻', NULL, 't', '', 1, '2019-12-16 01:09:32.224371', NULL, NULL, NULL);
INSERT INTO "public"."part"("id", "name", "pinyin", "common", "remark", "create_by", "create_at", "update_by", "update_at", "delete_at") VALUES (450, '连接线固定胶纸', NULL, 't', '', 1, '2019-12-16 01:09:32.224371', NULL, NULL, NULL);
INSERT INTO "public"."part"("id", "name", "pinyin", "common", "remark", "create_by", "create_at", "update_by", "update_at", "delete_at") VALUES (451, 'HS通道海绵B', NULL, 't', '', 1, '2019-12-16 01:09:32.224371', NULL, NULL, NULL);
INSERT INTO "public"."part"("id", "name", "pinyin", "common", "remark", "create_by", "create_at", "update_by", "update_at", "delete_at") VALUES (452, 'WRF支架', NULL, 't', '', 1, '2019-12-16 01:09:32.224371', NULL, NULL, NULL);
INSERT INTO "public"."part"("id", "name", "pinyin", "common", "remark", "create_by", "create_at", "update_by", "update_at", "delete_at") VALUES (453, 'P3模块', NULL, 't', '', 1, '2019-12-16 01:09:32.224371', NULL, NULL, NULL);
INSERT INTO "public"."part"("id", "name", "pinyin", "common", "remark", "create_by", "create_at", "update_by", "update_at", "delete_at") VALUES (454, '2*6螺丝', NULL, 't', '', 1, '2019-12-16 01:09:32.224371', NULL, NULL, NULL);
INSERT INTO "public"."part"("id", "name", "pinyin", "common", "remark", "create_by", "create_at", "update_by", "update_at", "delete_at") VALUES (455, 'WFD-WRF FFC连接线', NULL, 't', '', 1, '2019-12-16 01:09:32.224371', NULL, NULL, NULL);
INSERT INTO "public"."part"("id", "name", "pinyin", "common", "remark", "create_by", "create_at", "update_by", "update_at", "delete_at") VALUES (456, 'WRF垫片', NULL, 't', '', 1, '2019-12-16 01:09:32.224371', NULL, NULL, NULL);
INSERT INTO "public"."part"("id", "name", "pinyin", "common", "remark", "create_by", "create_at", "update_by", "update_at", "delete_at") VALUES (457, '吸气通道', NULL, 't', '', 1, '2019-12-16 01:09:32.224371', NULL, NULL, NULL);
INSERT INTO "public"."part"("id", "name", "pinyin", "common", "remark", "create_by", "create_at", "update_by", "update_at", "delete_at") VALUES (458, '吸气通道海绵A', NULL, 't', '', 1, '2019-12-16 01:09:32.224371', NULL, NULL, NULL);
INSERT INTO "public"."part"("id", "name", "pinyin", "common", "remark", "create_by", "create_at", "update_by", "update_at", "delete_at") VALUES (459, '吸气通道海绵B', NULL, 't', '', 1, '2019-12-16 01:09:32.224371', NULL, NULL, NULL);
INSERT INTO "public"."part"("id", "name", "pinyin", "common", "remark", "create_by", "create_at", "update_by", "update_at", "delete_at") VALUES (460, 'TH基板', NULL, 't', '', 1, '2019-12-16 01:09:32.224371', NULL, NULL, NULL);
INSERT INTO "public"."part"("id", "name", "pinyin", "common", "remark", "create_by", "create_at", "update_by", "update_at", "delete_at") VALUES (461, 'TH连接线', NULL, 't', '', 1, '2019-12-16 01:09:32.224371', NULL, NULL, NULL);
INSERT INTO "public"."part"("id", "name", "pinyin", "common", "remark", "create_by", "create_at", "update_by", "update_at", "delete_at") VALUES (462, '2.5*8螺丝', NULL, 't', '', 1, '2019-12-16 01:09:32.224371', NULL, NULL, NULL);
INSERT INTO "public"."part"("id", "name", "pinyin", "common", "remark", "create_by", "create_at", "update_by", "update_at", "delete_at") VALUES (463, '灯胆风扇', NULL, 't', '', 1, '2019-12-16 01:09:32.224371', NULL, NULL, NULL);
INSERT INTO "public"."part"("id", "name", "pinyin", "common", "remark", "create_by", "create_at", "update_by", "update_at", "delete_at") VALUES (464, '中继连接线 MOLEX-JST', NULL, 't', '', 1, '2019-12-16 01:09:32.224371', NULL, NULL, NULL);
INSERT INTO "public"."part"("id", "name", "pinyin", "common", "remark", "create_by", "create_at", "update_by", "update_at", "delete_at") VALUES (465, '3*14螺丝', NULL, 't', '', 1, '2019-12-16 01:09:32.224371', NULL, NULL, NULL);
INSERT INTO "public"."part"("id", "name", "pinyin", "common", "remark", "create_by", "create_at", "update_by", "update_at", "delete_at") VALUES (466, '吸气垫片A', NULL, 't', '', 1, '2019-12-16 01:09:32.224371', NULL, NULL, NULL);
INSERT INTO "public"."part"("id", "name", "pinyin", "common", "remark", "create_by", "create_at", "update_by", "update_at", "delete_at") VALUES (467, '吸气风扇A', NULL, 't', '', 1, '2019-12-16 01:09:32.224371', NULL, NULL, NULL);
INSERT INTO "public"."part"("id", "name", "pinyin", "common", "remark", "create_by", "create_at", "update_by", "update_at", "delete_at") VALUES (468, '吸气风扇B', NULL, 't', '', 1, '2019-12-16 01:09:32.224371', NULL, NULL, NULL);
INSERT INTO "public"."part"("id", "name", "pinyin", "common", "remark", "create_by", "create_at", "update_by", "update_at", "delete_at") VALUES (469, '固定胶纸', NULL, 't', '', 1, '2019-12-16 01:09:32.224371', NULL, NULL, NULL);
INSERT INTO "public"."part"("id", "name", "pinyin", "common", "remark", "create_by", "create_at", "update_by", "update_at", "delete_at") VALUES (470, '吸气通道海绵F', NULL, 't', '', 1, '2019-12-16 01:09:32.224371', NULL, NULL, NULL);
INSERT INTO "public"."part"("id", "name", "pinyin", "common", "remark", "create_by", "create_at", "update_by", "update_at", "delete_at") VALUES (471, '吸气通道海绵G', NULL, 't', '', 1, '2019-12-16 01:09:32.224371', NULL, NULL, NULL);
INSERT INTO "public"."part"("id", "name", "pinyin", "common", "remark", "create_by", "create_at", "update_by", "update_at", "delete_at") VALUES (472, '投写镜盖,B', NULL, 't', '', 1, '2019-12-16 01:09:32.224371', NULL, NULL, NULL);
INSERT INTO "public"."part"("id", "name", "pinyin", "common", "remark", "create_by", "create_at", "update_by", "update_at", "delete_at") VALUES (473, 'PJ镜头盖海绵', NULL, 't', '', 1, '2019-12-16 01:09:32.224371', NULL, NULL, NULL);
INSERT INTO "public"."part"("id", "name", "pinyin", "common", "remark", "create_by", "create_at", "update_by", "update_at", "delete_at") VALUES (474, 'PS上壳支架', NULL, 't', '', 1, '2019-12-16 01:09:32.224371', NULL, NULL, NULL);
INSERT INTO "public"."part"("id", "name", "pinyin", "common", "remark", "create_by", "create_at", "update_by", "update_at", "delete_at") VALUES (475, 'PS上壳', NULL, 't', '', 1, '2019-12-16 01:09:32.224371', NULL, NULL, NULL);
INSERT INTO "public"."part"("id", "name", "pinyin", "common", "remark", "create_by", "create_at", "update_by", "update_at", "delete_at") VALUES (476, 'PS基板', NULL, 't', '', 1, '2019-12-16 01:09:32.224371', NULL, NULL, NULL);
INSERT INTO "public"."part"("id", "name", "pinyin", "common", "remark", "create_by", "create_at", "update_by", "update_at", "delete_at") VALUES (477, 'PS-MA连接线', NULL, 't', '', 1, '2019-12-16 01:09:32.224371', NULL, NULL, NULL);
INSERT INTO "public"."part"("id", "name", "pinyin", "common", "remark", "create_by", "create_at", "update_by", "update_at", "delete_at") VALUES (478, 'PS-LLC连接线', NULL, 't', '', 1, '2019-12-16 01:09:32.224371', NULL, NULL, NULL);
INSERT INTO "public"."part"("id", "name", "pinyin", "common", "remark", "create_by", "create_at", "update_by", "update_at", "delete_at") VALUES (479, 'PS下壳', NULL, 't', '', 1, '2019-12-16 01:09:32.224371', NULL, NULL, NULL);
INSERT INTO "public"."part"("id", "name", "pinyin", "common", "remark", "create_by", "create_at", "update_by", "update_at", "delete_at") VALUES (480, 'PS下壳支架', NULL, 't', '', 1, '2019-12-16 01:09:32.224371', NULL, NULL, NULL);
INSERT INTO "public"."part"("id", "name", "pinyin", "common", "remark", "create_by", "create_at", "update_by", "update_at", "delete_at") VALUES (481, '扬声器支架', NULL, 't', '', 1, '2019-12-16 01:09:32.224371', NULL, NULL, NULL);
INSERT INTO "public"."part"("id", "name", "pinyin", "common", "remark", "create_by", "create_at", "update_by", "update_at", "delete_at") VALUES (482, '扬声器', NULL, 't', '', 1, '2019-12-16 01:09:32.224371', NULL, NULL, NULL);
INSERT INTO "public"."part"("id", "name", "pinyin", "common", "remark", "create_by", "create_at", "update_by", "update_at", "delete_at") VALUES (483, '消音海绵', NULL, 't', '', 1, '2019-12-16 01:09:32.224371', NULL, NULL, NULL);
INSERT INTO "public"."part"("id", "name", "pinyin", "common", "remark", "create_by", "create_at", "update_by", "update_at", "delete_at") VALUES (484, '吸气密封海绵B1', NULL, 't', '', 1, '2019-12-16 01:09:32.224371', NULL, NULL, NULL);
INSERT INTO "public"."part"("id", "name", "pinyin", "common", "remark", "create_by", "create_at", "update_by", "update_at", "delete_at") VALUES (485, '3*10螺丝', NULL, 't', '', 1, '2019-12-16 01:09:32.224371', NULL, NULL, NULL);
INSERT INTO "public"."part"("id", "name", "pinyin", "common", "remark", "create_by", "create_at", "update_by", "update_at", "delete_at") VALUES (486, '吸气风扇垫片', NULL, 't', '', 1, '2019-12-16 01:09:32.224371', NULL, NULL, NULL);
INSERT INTO "public"."part"("id", "name", "pinyin", "common", "remark", "create_by", "create_at", "update_by", "update_at", "delete_at") VALUES (487, '排气风扇垫片', NULL, 't', '', 1, '2019-12-16 01:09:32.224371', NULL, NULL, NULL);
INSERT INTO "public"."part"("id", "name", "pinyin", "common", "remark", "create_by", "create_at", "update_by", "update_at", "delete_at") VALUES (488, '消音器支架', NULL, 't', '', 1, '2019-12-16 01:09:32.224371', NULL, NULL, NULL);
INSERT INTO "public"."part"("id", "name", "pinyin", "common", "remark", "create_by", "create_at", "update_by", "update_at", "delete_at") VALUES (489, '消音胶纸', NULL, 't', '', 1, '2019-12-16 01:09:32.224371', NULL, NULL, NULL);
INSERT INTO "public"."part"("id", "name", "pinyin", "common", "remark", "create_by", "create_at", "update_by", "update_at", "delete_at") VALUES (490, 'LD消音海绵', NULL, 't', '', 1, '2019-12-16 01:09:32.224371', NULL, NULL, NULL);
INSERT INTO "public"."part"("id", "name", "pinyin", "common", "remark", "create_by", "create_at", "update_by", "update_at", "delete_at") VALUES (491, 'HS通道海绵', NULL, 't', '', 1, '2019-12-16 01:09:32.224371', NULL, NULL, NULL);
INSERT INTO "public"."part"("id", "name", "pinyin", "common", "remark", "create_by", "create_at", "update_by", "update_at", "delete_at") VALUES (492, '排气风扇', NULL, 't', '', 1, '2019-12-16 01:09:32.224371', NULL, NULL, NULL);
INSERT INTO "public"."part"("id", "name", "pinyin", "common", "remark", "create_by", "create_at", "update_by", "update_at", "delete_at") VALUES (493, '排气风扇垫片', NULL, 't', '', 1, '2019-12-16 01:09:32.224371', NULL, NULL, NULL);
INSERT INTO "public"."part"("id", "name", "pinyin", "common", "remark", "create_by", "create_at", "update_by", "update_at", "delete_at") VALUES (494, '排气海绵', NULL, 't', '', 1, '2019-12-16 01:09:32.224371', NULL, NULL, NULL);
INSERT INTO "public"."part"("id", "name", "pinyin", "common", "remark", "create_by", "create_at", "update_by", "update_at", "delete_at") VALUES (495, '空气过滤网盖', NULL, 't', '', 1, '2019-12-16 01:09:32.224371', NULL, NULL, NULL);
INSERT INTO "public"."part"("id", "name", "pinyin", "common", "remark", "create_by", "create_at", "update_by", "update_at", "delete_at") VALUES (496, '空气过滤网盖螺丝', NULL, 't', '', 1, '2019-12-16 01:09:32.224371', NULL, NULL, NULL);
INSERT INTO "public"."part"("id", "name", "pinyin", "common", "remark", "create_by", "create_at", "update_by", "update_at", "delete_at") VALUES (497, '空气过滤网连接线', NULL, 't', '', 1, '2019-12-16 01:09:32.224371', NULL, NULL, NULL);
INSERT INTO "public"."part"("id", "name", "pinyin", "common", "remark", "create_by", "create_at", "update_by", "update_at", "delete_at") VALUES (498, '上壳', NULL, 't', '', 1, '2019-12-16 01:09:32.224371', NULL, NULL, NULL);
INSERT INTO "public"."part"("id", "name", "pinyin", "common", "remark", "create_by", "create_at", "update_by", "update_at", "delete_at") VALUES (499, '上壳海绵', NULL, 't', '', 1, '2019-12-16 01:09:32.224371', NULL, NULL, NULL);
INSERT INTO "public"."part"("id", "name", "pinyin", "common", "remark", "create_by", "create_at", "update_by", "update_at", "delete_at") VALUES (500, 'LED灯', NULL, 't', '', 1, '2019-12-16 01:09:32.224371', NULL, NULL, NULL);
INSERT INTO "public"."part"("id", "name", "pinyin", "common", "remark", "create_by", "create_at", "update_by", "update_at", "delete_at") VALUES (501, 'LED支架', NULL, 't', '', 1, '2019-12-16 01:09:32.224371', NULL, NULL, NULL);
INSERT INTO "public"."part"("id", "name", "pinyin", "common", "remark", "create_by", "create_at", "update_by", "update_at", "delete_at") VALUES (502, 'HS通道海绵', NULL, 't', '', 1, '2019-12-16 01:09:32.224371', NULL, NULL, NULL);
INSERT INTO "public"."part"("id", "name", "pinyin", "common", "remark", "create_by", "create_at", "update_by", "update_at", "delete_at") VALUES (503, '上壳固定垫片', NULL, 't', '', 1, '2019-12-16 01:09:32.224371', NULL, NULL, NULL);
INSERT INTO "public"."part"("id", "name", "pinyin", "common", "remark", "create_by", "create_at", "update_by", "update_at", "delete_at") VALUES (504, '吸气窗', NULL, 't', '', 1, '2019-12-16 01:09:32.224371', NULL, NULL, NULL);
INSERT INTO "public"."part"("id", "name", "pinyin", "common", "remark", "create_by", "create_at", "update_by", "update_at", "delete_at") VALUES (505, '排气窗', NULL, 't', '', 1, '2019-12-16 01:09:32.224371', NULL, NULL, NULL);
INSERT INTO "public"."part"("id", "name", "pinyin", "common", "remark", "create_by", "create_at", "update_by", "update_at", "delete_at") VALUES (506, 'LV上通道', NULL, 't', '', 1, '2019-12-16 01:09:32.224371', NULL, NULL, NULL);
INSERT INTO "public"."part"("id", "name", "pinyin", "common", "remark", "create_by", "create_at", "update_by", "update_at", "delete_at") VALUES (507, 'LV下通道', NULL, 't', '', 1, '2019-12-16 01:09:32.224371', NULL, NULL, NULL);
INSERT INTO "public"."part"("id", "name", "pinyin", "common", "remark", "create_by", "create_at", "update_by", "update_at", "delete_at") VALUES (508, 'LV通道海绵A', NULL, 't', '', 1, '2019-12-16 01:09:32.224371', NULL, NULL, NULL);
INSERT INTO "public"."part"("id", "name", "pinyin", "common", "remark", "create_by", "create_at", "update_by", "update_at", "delete_at") VALUES (509, 'LV通道海绵B', NULL, 't', '', 1, '2019-12-16 01:09:32.224371', NULL, NULL, NULL);
INSERT INTO "public"."part"("id", "name", "pinyin", "common", "remark", "create_by", "create_at", "update_by", "update_at", "delete_at") VALUES (510, 'LV通道海绵C', NULL, 't', '', 1, '2019-12-16 01:09:32.224371', NULL, NULL, NULL);
INSERT INTO "public"."part"("id", "name", "pinyin", "common", "remark", "create_by", "create_at", "update_by", "update_at", "delete_at") VALUES (511, 'LV通道海绵E', NULL, 't', '', 1, '2019-12-16 01:09:32.224371', NULL, NULL, NULL);
INSERT INTO "public"."part"("id", "name", "pinyin", "common", "remark", "create_by", "create_at", "update_by", "update_at", "delete_at") VALUES (512, 'LV通道海绵F', NULL, 't', '', 1, '2019-12-16 01:09:32.224371', NULL, NULL, NULL);
INSERT INTO "public"."part"("id", "name", "pinyin", "common", "remark", "create_by", "create_at", "update_by", "update_at", "delete_at") VALUES (513, 'LV通道海绵G', NULL, 't', '', 1, '2019-12-16 01:09:32.224371', NULL, NULL, NULL);
INSERT INTO "public"."part"("id", "name", "pinyin", "common", "remark", "create_by", "create_at", "update_by", "update_at", "delete_at") VALUES (514, 'LV通道海绵H', NULL, 't', '', 1, '2019-12-16 01:09:32.224371', NULL, NULL, NULL);
INSERT INTO "public"."part"("id", "name", "pinyin", "common", "remark", "create_by", "create_at", "update_by", "update_at", "delete_at") VALUES (515, '投射镜盖A', NULL, 't', '', 1, '2019-12-16 01:09:32.224371', NULL, NULL, NULL);
INSERT INTO "public"."part"("id", "name", "pinyin", "common", "remark", "create_by", "create_at", "update_by", "update_at", "delete_at") VALUES (516, 'IRF基板', NULL, 't', '', 1, '2019-12-16 01:09:32.224371', NULL, NULL, NULL);
INSERT INTO "public"."part"("id", "name", "pinyin", "common", "remark", "create_by", "create_at", "update_by", "update_at", "delete_at") VALUES (517, 'RC连接线', NULL, 't', '', 1, '2019-12-16 01:09:32.224371', NULL, NULL, NULL);
INSERT INTO "public"."part"("id", "name", "pinyin", "common", "remark", "create_by", "create_at", "update_by", "update_at", "delete_at") VALUES (518, 'IR基板', NULL, 't', '', 1, '2019-12-16 01:09:32.224371', NULL, NULL, NULL);
INSERT INTO "public"."part"("id", "name", "pinyin", "common", "remark", "create_by", "create_at", "update_by", "update_at", "delete_at") VALUES (519, '投射镜盖海绵', NULL, 't', '', 1, '2019-12-16 01:09:32.224371', NULL, NULL, NULL);
INSERT INTO "public"."part"("id", "name", "pinyin", "common", "remark", "create_by", "create_at", "update_by", "update_at", "delete_at") VALUES (520, '投写镜盖,B', NULL, 't', '', 1, '2019-12-16 01:09:32.224371', NULL, NULL, NULL);
INSERT INTO "public"."part"("id", "name", "pinyin", "common", "remark", "create_by", "create_at", "update_by", "update_at", "delete_at") VALUES (521, 'PJ镜头盖海绵', NULL, 't', '', 1, '2019-12-16 01:09:32.224371', NULL, NULL, NULL);
INSERT INTO "public"."part"("id", "name", "pinyin", "common", "remark", "create_by", "create_at", "update_by", "update_at", "delete_at") VALUES (522, 'LLC上壳支架', NULL, 't', '', 1, '2019-12-16 01:09:32.224371', NULL, NULL, NULL);
INSERT INTO "public"."part"("id", "name", "pinyin", "common", "remark", "create_by", "create_at", "update_by", "update_at", "delete_at") VALUES (523, 'LLC上壳海绵A', NULL, 't', '', 1, '2019-12-16 01:09:32.224371', NULL, NULL, NULL);
INSERT INTO "public"."part"("id", "name", "pinyin", "common", "remark", "create_by", "create_at", "update_by", "update_at", "delete_at") VALUES (524, 'LLC上壳', NULL, 't', '', 1, '2019-12-16 01:09:32.224371', NULL, NULL, NULL);
INSERT INTO "public"."part"("id", "name", "pinyin", "common", "remark", "create_by", "create_at", "update_by", "update_at", "delete_at") VALUES (525, 'LLC基板', NULL, 't', '', 1, '2019-12-16 01:09:32.224371', NULL, NULL, NULL);
INSERT INTO "public"."part"("id", "name", "pinyin", "common", "remark", "create_by", "create_at", "update_by", "update_at", "delete_at") VALUES (526, 'LLC下壳', NULL, 't', '', 1, '2019-12-16 01:09:32.224371', NULL, NULL, NULL);
INSERT INTO "public"."part"("id", "name", "pinyin", "common", "remark", "create_by", "create_at", "update_by", "update_at", "delete_at") VALUES (527, 'LLC下壳支架', NULL, 't', '', 1, '2019-12-16 01:09:32.224371', NULL, NULL, NULL);
INSERT INTO "public"."part"("id", "name", "pinyin", "common", "remark", "create_by", "create_at", "update_by", "update_at", "delete_at") VALUES (528, 'THE风扇', NULL, 't', '', 1, '2019-12-16 01:09:32.224371', NULL, NULL, NULL);
INSERT INTO "public"."part"("id", "name", "pinyin", "common", "remark", "create_by", "create_at", "update_by", "update_at", "delete_at") VALUES (529, '吸气风扇海绵B', NULL, 't', '', 1, '2019-12-16 01:09:32.224371', NULL, NULL, NULL);
INSERT INTO "public"."part"("id", "name", "pinyin", "common", "remark", "create_by", "create_at", "update_by", "update_at", "delete_at") VALUES (530, '吸气风扇垫片', NULL, 't', '', 1, '2019-12-16 01:09:32.224371', NULL, NULL, NULL);
INSERT INTO "public"."part"("id", "name", "pinyin", "common", "remark", "create_by", "create_at", "update_by", "update_at", "delete_at") VALUES (531, '连接线固定胶纸', NULL, 't', '', 1, '2019-12-16 01:09:32.224371', NULL, NULL, NULL);
INSERT INTO "public"."part"("id", "name", "pinyin", "common", "remark", "create_by", "create_at", "update_by", "update_at", "delete_at") VALUES (532, 'LED基板支架', NULL, 't', '', 1, '2019-12-16 01:09:32.224371', NULL, NULL, NULL);
INSERT INTO "public"."part"("id", "name", "pinyin", "common", "remark", "create_by", "create_at", "update_by", "update_at", "delete_at") VALUES (533, 'LED基板', NULL, 't', '', 1, '2019-12-16 01:09:32.224371', NULL, NULL, NULL);
INSERT INTO "public"."part"("id", "name", "pinyin", "common", "remark", "create_by", "create_at", "update_by", "update_at", "delete_at") VALUES (534, '3*10黑色螺丝', NULL, 't', '', 1, '2019-12-16 01:09:32.224371', NULL, NULL, NULL);
INSERT INTO "public"."part"("id", "name", "pinyin", "common", "remark", "create_by", "create_at", "update_by", "update_at", "delete_at") VALUES (535, 'FFC连接线', NULL, 't', '', 1, '2019-12-16 01:09:32.224371', NULL, NULL, NULL);
INSERT INTO "public"."part"("id", "name", "pinyin", "common", "remark", "create_by", "create_at", "update_by", "update_at", "delete_at") VALUES (536, 'EMI抑制片F', NULL, 't', '', 1, '2019-12-16 01:09:32.224371', NULL, NULL, NULL);
INSERT INTO "public"."part"("id", "name", "pinyin", "common", "remark", "create_by", "create_at", "update_by", "update_at", "delete_at") VALUES (537, 'WFD支架A', NULL, 't', '', 1, '2019-12-16 01:09:32.224371', NULL, NULL, NULL);
INSERT INTO "public"."part"("id", "name", "pinyin", "common", "remark", "create_by", "create_at", "update_by", "update_at", "delete_at") VALUES (538, 'WFD支架B', NULL, 't', '', 1, '2019-12-16 01:09:32.224371', NULL, NULL, NULL);
INSERT INTO "public"."part"("id", "name", "pinyin", "common", "remark", "create_by", "create_at", "update_by", "update_at", "delete_at") VALUES (539, 'MA绝缘胶纸B', NULL, 't', '', 1, '2019-12-16 01:09:32.224371', NULL, NULL, NULL);
INSERT INTO "public"."part"("id", "name", "pinyin", "common", "remark", "create_by", "create_at", "update_by", "update_at", "delete_at") VALUES (540, 'WFD支架', NULL, 't', '', 1, '2019-12-16 01:09:32.224371', NULL, NULL, NULL);
INSERT INTO "public"."part"("id", "name", "pinyin", "common", "remark", "create_by", "create_at", "update_by", "update_at", "delete_at") VALUES (541, 'EMI抑制片', NULL, 't', '', 1, '2019-12-16 01:09:32.224371', NULL, NULL, NULL);
INSERT INTO "public"."part"("id", "name", "pinyin", "common", "remark", "create_by", "create_at", "update_by", "update_at", "delete_at") VALUES (542, '2.5*10螺丝', NULL, 't', '', 1, '2019-12-16 01:09:32.224371', NULL, NULL, NULL);
INSERT INTO "public"."part"("id", "name", "pinyin", "common", "remark", "create_by", "create_at", "update_by", "update_at", "delete_at") VALUES (543, 'IF遮光屏蔽板', NULL, 't', '', 1, '2019-12-16 01:09:32.224371', NULL, NULL, NULL);
INSERT INTO "public"."part"("id", "name", "pinyin", "common", "remark", "create_by", "create_at", "update_by", "update_at", "delete_at") VALUES (544, 'WFD支架', NULL, 't', '', 1, '2019-12-16 01:09:32.224371', NULL, NULL, NULL);
INSERT INTO "public"."part"("id", "name", "pinyin", "common", "remark", "create_by", "create_at", "update_by", "update_at", "delete_at") VALUES (545, 'LDP固定垫片', NULL, 't', '', 1, '2019-12-16 01:09:32.224371', NULL, NULL, NULL);
INSERT INTO "public"."part"("id", "name", "pinyin", "common", "remark", "create_by", "create_at", "update_by", "update_at", "delete_at") VALUES (546, '双面胶纸', NULL, 't', '', 1, '2019-12-16 01:09:32.224371', NULL, NULL, NULL);
INSERT INTO "public"."part"("id", "name", "pinyin", "common", "remark", "create_by", "create_at", "update_by", "update_at", "delete_at") VALUES (547, 'NP 调整支架R.B', NULL, 't', '', 1, '2019-12-16 01:09:32.224371', NULL, NULL, NULL);
INSERT INTO "public"."part"("id", "name", "pinyin", "common", "remark", "create_by", "create_at", "update_by", "update_at", "delete_at") VALUES (548, 'N偏光板支架G', NULL, 't', '', 1, '2019-12-16 01:09:32.224371', NULL, NULL, NULL);
INSERT INTO "public"."part"("id", "name", "pinyin", "common", "remark", "create_by", "create_at", "update_by", "update_at", "delete_at") VALUES (549, 'IF标签 A', NULL, 't', '', 1, '2019-12-16 01:09:32.224371', NULL, NULL, NULL);
INSERT INTO "public"."part"("id", "name", "pinyin", "common", "remark", "create_by", "create_at", "update_by", "update_at", "delete_at") VALUES (550, 'IF标签 B', NULL, 't', '', 1, '2019-12-16 01:09:32.224371', NULL, NULL, NULL);
INSERT INTO "public"."part"("id", "name", "pinyin", "common", "remark", "create_by", "create_at", "update_by", "update_at", "delete_at") VALUES (551, 'SW操作面板', NULL, 't', '', 1, '2019-12-16 01:09:32.224371', NULL, NULL, NULL);
INSERT INTO "public"."part"("id", "name", "pinyin", "common", "remark", "create_by", "create_at", "update_by", "update_at", "delete_at") VALUES (552, 'ENTER键', NULL, 't', '', 1, '2019-12-16 01:09:32.224371', NULL, NULL, NULL);
INSERT INTO "public"."part"("id", "name", "pinyin", "common", "remark", "create_by", "create_at", "update_by", "update_at", "delete_at") VALUES (553, '后壳', NULL, 't', '', 1, '2019-12-16 01:09:32.224371', NULL, NULL, NULL);
INSERT INTO "public"."part"("id", "name", "pinyin", "common", "remark", "create_by", "create_at", "update_by", "update_at", "delete_at") VALUES (554, '操作面板基板', NULL, 't', '', 1, '2019-12-16 01:09:32.224371', NULL, NULL, NULL);
INSERT INTO "public"."part"("id", "name", "pinyin", "common", "remark", "create_by", "create_at", "update_by", "update_at", "delete_at") VALUES (555, 'IRF基板', NULL, 't', '', 1, '2019-12-16 01:09:32.224371', NULL, NULL, NULL);
INSERT INTO "public"."part"("id", "name", "pinyin", "common", "remark", "create_by", "create_at", "update_by", "update_at", "delete_at") VALUES (556, 'RC连接线', NULL, 't', '', 1, '2019-12-16 01:09:32.224371', NULL, NULL, NULL);
INSERT INTO "public"."part"("id", "name", "pinyin", "common", "remark", "create_by", "create_at", "update_by", "update_at", "delete_at") VALUES (557, 'FFC连接线', NULL, 't', '', 1, '2019-12-16 01:09:32.224371', NULL, NULL, NULL);
INSERT INTO "public"."part"("id", "name", "pinyin", "common", "remark", "create_by", "create_at", "update_by", "update_at", "delete_at") VALUES (558, '反射镜調整支架;A', NULL, 't', '', 1, '2019-12-16 01:09:32.224371', NULL, NULL, NULL);
INSERT INTO "public"."part"("id", "name", "pinyin", "common", "remark", "create_by", "create_at", "update_by", "update_at", "delete_at") VALUES (559, '反射镜调整支架B', NULL, 't', '', 1, '2019-12-16 01:09:32.224371', NULL, NULL, NULL);
INSERT INTO "public"."part"("id", "name", "pinyin", "common", "remark", "create_by", "create_at", "update_by", "update_at", "delete_at") VALUES (560, 'MA基板', NULL, 't', '', 1, '2019-12-16 01:09:32.224371', NULL, NULL, NULL);
INSERT INTO "public"."part"("id", "name", "pinyin", "common", "remark", "create_by", "create_at", "update_by", "update_at", "delete_at") VALUES (561, '锂电池', NULL, 't', '', 1, '2019-12-16 01:09:32.224371', NULL, NULL, NULL);
INSERT INTO "public"."part"("id", "name", "pinyin", "common", "remark", "create_by", "create_at", "update_by", "update_at", "delete_at") VALUES (562, 'MA绝缘胶纸B', NULL, 't', '', 1, '2019-12-16 01:09:32.224371', NULL, NULL, NULL);
INSERT INTO "public"."part"("id", "name", "pinyin", "common", "remark", "create_by", "create_at", "update_by", "update_at", "delete_at") VALUES (563, 'EMI抑制片垫片F', NULL, 't', '', 1, '2019-12-16 01:09:32.224371', NULL, NULL, NULL);
INSERT INTO "public"."part"("id", "name", "pinyin", "common", "remark", "create_by", "create_at", "update_by", "update_at", "delete_at") VALUES (564, 'WFD垫片；A', NULL, 't', '', 1, '2019-12-16 01:09:32.224371', NULL, NULL, NULL);
INSERT INTO "public"."part"("id", "name", "pinyin", "common", "remark", "create_by", "create_at", "update_by", "update_at", "delete_at") VALUES (565, 'MA垫片，左', NULL, 't', '', 1, '2019-12-16 01:09:32.224371', NULL, NULL, NULL);
INSERT INTO "public"."part"("id", "name", "pinyin", "common", "remark", "create_by", "create_at", "update_by", "update_at", "delete_at") VALUES (566, 'MA垫片', NULL, 't', '', 1, '2019-12-16 01:09:32.224371', NULL, NULL, NULL);
INSERT INTO "public"."part"("id", "name", "pinyin", "common", "remark", "create_by", "create_at", "update_by", "update_at", "delete_at") VALUES (567, '六角螺丝', NULL, 't', '', 1, '2019-12-16 01:09:32.224371', NULL, NULL, NULL);
INSERT INTO "public"."part"("id", "name", "pinyin", "common", "remark", "create_by", "create_at", "update_by", "update_at", "delete_at") VALUES (568, 'IF遮光屏蔽板', NULL, 't', '', 1, '2019-12-16 01:09:32.224371', NULL, NULL, NULL);
INSERT INTO "public"."part"("id", "name", "pinyin", "common", "remark", "create_by", "create_at", "update_by", "update_at", "delete_at") VALUES (569, 'IF屏蔽板', NULL, 't', '', 1, '2019-12-16 01:09:32.224371', NULL, NULL, NULL);
INSERT INTO "public"."part"("id", "name", "pinyin", "common", "remark", "create_by", "create_at", "update_by", "update_at", "delete_at") VALUES (570, 'IF基板', NULL, 't', '', 1, '2019-12-16 01:09:32.224371', NULL, NULL, NULL);
INSERT INTO "public"."part"("id", "name", "pinyin", "common", "remark", "create_by", "create_at", "update_by", "update_at", "delete_at") VALUES (571, '垫片海绵', NULL, 't', '', 1, '2019-12-16 01:09:32.224371', NULL, NULL, NULL);
INSERT INTO "public"."part"("id", "name", "pinyin", "common", "remark", "create_by", "create_at", "update_by", "update_at", "delete_at") VALUES (572, '连接线固定胶纸', NULL, 't', '', 1, '2019-12-16 01:09:32.224371', NULL, NULL, NULL);
INSERT INTO "public"."part"("id", "name", "pinyin", "common", "remark", "create_by", "create_at", "update_by", "update_at", "delete_at") VALUES (573, 'WFD-WRF FFC垫片', NULL, 't', '', 1, '2019-12-16 01:09:32.224371', NULL, NULL, NULL);
INSERT INTO "public"."part"("id", "name", "pinyin", "common", "remark", "create_by", "create_at", "update_by", "update_at", "delete_at") VALUES (574, 'EMI抑制片垫片', NULL, 't', '', 1, '2019-12-16 01:09:32.224371', NULL, NULL, NULL);
INSERT INTO "public"."part"("id", "name", "pinyin", "common", "remark", "create_by", "create_at", "update_by", "update_at", "delete_at") VALUES (575, 'MA支架垫片A', NULL, 't', '', 1, '2019-12-16 01:09:32.224371', NULL, NULL, NULL);
INSERT INTO "public"."part"("id", "name", "pinyin", "common", "remark", "create_by", "create_at", "update_by", "update_at", "delete_at") VALUES (576, 'MA支架垫片B', NULL, 't', '', 1, '2019-12-16 01:09:32.224371', NULL, NULL, NULL);
INSERT INTO "public"."part"("id", "name", "pinyin", "common", "remark", "create_by", "create_at", "update_by", "update_at", "delete_at") VALUES (577, 'MA框架', NULL, 't', '', 1, '2019-12-16 01:09:32.224371', NULL, NULL, NULL);
INSERT INTO "public"."part"("id", "name", "pinyin", "common", "remark", "create_by", "create_at", "update_by", "update_at", "delete_at") VALUES (578, '垫片海绵', NULL, 't', '', 1, '2019-12-16 01:09:32.224371', NULL, NULL, NULL);
INSERT INTO "public"."part"("id", "name", "pinyin", "common", "remark", "create_by", "create_at", "update_by", "update_at", "delete_at") VALUES (579, 'PS支架', NULL, 't', '', 1, '2019-12-16 01:09:32.224371', NULL, NULL, NULL);
INSERT INTO "public"."part"("id", "name", "pinyin", "common", "remark", "create_by", "create_at", "update_by", "update_at", "delete_at") VALUES (580, '连接线固定胶纸', NULL, 't', '', 1, '2019-12-16 01:09:32.224371', NULL, NULL, NULL);
INSERT INTO "public"."part"("id", "name", "pinyin", "common", "remark", "create_by", "create_at", "update_by", "update_at", "delete_at") VALUES (581, '光驱动底座', NULL, 't', '', 1, '2019-12-16 01:09:32.224371', NULL, NULL, NULL);
INSERT INTO "public"."part"("id", "name", "pinyin", "common", "remark", "create_by", "create_at", "update_by", "update_at", "delete_at") VALUES (582, '线夹', NULL, 't', '', 1, '2019-12-16 01:09:32.224371', NULL, NULL, NULL);
INSERT INTO "public"."part"("id", "name", "pinyin", "common", "remark", "create_by", "create_at", "update_by", "update_at", "delete_at") VALUES (583, '连接线固定垫片', NULL, 't', '', 1, '2019-12-16 01:09:32.224371', NULL, NULL, NULL);
INSERT INTO "public"."part"("id", "name", "pinyin", "common", "remark", "create_by", "create_at", "update_by", "update_at", "delete_at") VALUES (584, '上光通道', NULL, 't', '', 1, '2019-12-16 01:09:32.224371', NULL, NULL, NULL);
INSERT INTO "public"."part"("id", "name", "pinyin", "common", "remark", "create_by", "create_at", "update_by", "update_at", "delete_at") VALUES (585, 'CLG固定弹片', NULL, 't', '', 1, '2019-12-16 01:09:32.224371', NULL, NULL, NULL);
INSERT INTO "public"."part"("id", "name", "pinyin", "common", "remark", "create_by", "create_at", "update_by", "update_at", "delete_at") VALUES (586, '2.6*6螺丝', NULL, 't', '', 1, '2019-12-16 01:09:32.224371', NULL, NULL, NULL);
INSERT INTO "public"."part"("id", "name", "pinyin", "common", "remark", "create_by", "create_at", "update_by", "update_at", "delete_at") VALUES (587, 'LV通道海绵D', NULL, 't', '', 1, '2019-12-16 01:09:32.224371', NULL, NULL, NULL);
INSERT INTO "public"."part"("id", "name", "pinyin", "common", "remark", "create_by", "create_at", "update_by", "update_at", "delete_at") VALUES (588, '1.7*5螺丝', NULL, 't', '', 1, '2019-12-16 01:09:32.224371', NULL, NULL, NULL);
INSERT INTO "public"."part"("id", "name", "pinyin", "common", "remark", "create_by", "create_at", "update_by", "update_at", "delete_at") VALUES (589, 'M3螺母', NULL, 't', '', 1, '2019-12-16 01:09:32.224371', NULL, NULL, NULL);
INSERT INTO "public"."part"("id", "name", "pinyin", "common", "remark", "create_by", "create_at", "update_by", "update_at", "delete_at") VALUES (590, '聚焦环B', NULL, 't', '', 1, '2019-12-16 01:09:32.224371', NULL, NULL, NULL);
INSERT INTO "public"."part"("id", "name", "pinyin", "common", "remark", "create_by", "create_at", "update_by", "update_at", "delete_at") VALUES (591, '变焦环B', NULL, 't', '', 1, '2019-12-16 01:09:32.224371', NULL, NULL, NULL);
INSERT INTO "public"."part"("id", "name", "pinyin", "common", "remark", "create_by", "create_at", "update_by", "update_at", "delete_at") VALUES (592, '变焦环A', NULL, 't', '', 1, '2019-12-16 01:09:32.224371', NULL, NULL, NULL);
INSERT INTO "public"."part"("id", "name", "pinyin", "common", "remark", "create_by", "create_at", "update_by", "update_at", "delete_at") VALUES (593, '聚焦环A', NULL, 't', '', 1, '2019-12-16 01:09:32.224371', NULL, NULL, NULL);
INSERT INTO "public"."part"("id", "name", "pinyin", "common", "remark", "create_by", "create_at", "update_by", "update_at", "delete_at") VALUES (594, '下光通道', NULL, 't', '', 1, '2019-12-16 01:09:32.224371', NULL, NULL, NULL);
INSERT INTO "public"."part"("id", "name", "pinyin", "common", "remark", "create_by", "create_at", "update_by", "update_at", "delete_at") VALUES (595, '下光通道海绵', NULL, 't', '', 1, '2019-12-16 01:09:32.224371', NULL, NULL, NULL);
INSERT INTO "public"."part"("id", "name", "pinyin", "common", "remark", "create_by", "create_at", "update_by", "update_at", "delete_at") VALUES (596, '光通道遮光垫片', NULL, 't', '', 1, '2019-12-16 01:09:32.224371', NULL, NULL, NULL);
INSERT INTO "public"."part"("id", "name", "pinyin", "common", "remark", "create_by", "create_at", "update_by", "update_at", "delete_at") VALUES (597, 'SEN感应器基板　　　　　　　　　　　　', NULL, 't', '', 1, '2019-12-16 01:09:32.224371', NULL, NULL, NULL);
INSERT INTO "public"."part"("id", "name", "pinyin", "common", "remark", "create_by", "create_at", "update_by", "update_at", "delete_at") VALUES (598, 'RGB感应器连接线', NULL, 't', '', 1, '2019-12-16 01:09:32.224371', NULL, NULL, NULL);
INSERT INTO "public"."part"("id", "name", "pinyin", "common", "remark", "create_by", "create_at", "update_by", "update_at", "delete_at") VALUES (599, '光通道遮光垫片;B', NULL, 't', '', 1, '2019-12-16 01:09:32.224371', NULL, NULL, NULL);
INSERT INTO "public"."part"("id", "name", "pinyin", "common", "remark", "create_by", "create_at", "update_by", "update_at", "delete_at") VALUES (600, '复合镜固定弹片', NULL, 't', '', 1, '2019-12-16 01:09:32.224371', NULL, NULL, NULL);
INSERT INTO "public"."part"("id", "name", "pinyin", "common", "remark", "create_by", "create_at", "update_by", "update_at", "delete_at") VALUES (601, '固定弹片', NULL, 't', '', 1, '2019-12-16 01:09:32.224371', NULL, NULL, NULL);
INSERT INTO "public"."part"("id", "name", "pinyin", "common", "remark", "create_by", "create_at", "update_by", "update_at", "delete_at") VALUES (602, '螺母', NULL, 't', '', 1, '2019-12-16 01:09:32.224371', NULL, NULL, NULL);
INSERT INTO "public"."part"("id", "name", "pinyin", "common", "remark", "create_by", "create_at", "update_by", "update_at", "delete_at") VALUES (603, '光通道垫片', NULL, 't', '', 1, '2019-12-16 01:09:32.224371', NULL, NULL, NULL);
INSERT INTO "public"."part"("id", "name", "pinyin", "common", "remark", "create_by", "create_at", "update_by", "update_at", "delete_at") VALUES (604, '光通道盖', NULL, 't', '', 1, '2019-12-16 01:09:32.224371', NULL, NULL, NULL);
INSERT INTO "public"."part"("id", "name", "pinyin", "common", "remark", "create_by", "create_at", "update_by", "update_at", "delete_at") VALUES (605, 'LG 连接弹片', NULL, 't', '', 1, '2019-12-16 01:09:32.224371', NULL, NULL, NULL);
INSERT INTO "public"."part"("id", "name", "pinyin", "common", "remark", "create_by", "create_at", "update_by", "update_at", "delete_at") VALUES (606, 'PS支架', NULL, 't', '', 1, '2019-12-16 01:09:32.224371', NULL, NULL, NULL);
INSERT INTO "public"."part"("id", "name", "pinyin", "common", "remark", "create_by", "create_at", "update_by", "update_at", "delete_at") VALUES (607, 'EMI抑制片', NULL, 't', '', 1, '2019-12-16 01:09:32.224371', NULL, NULL, NULL);
INSERT INTO "public"."part"("id", "name", "pinyin", "common", "remark", "create_by", "create_at", "update_by", "update_at", "delete_at") VALUES (608, '2.5*6螺丝', NULL, 't', '', 1, '2019-12-16 01:09:32.224371', NULL, NULL, NULL);
INSERT INTO "public"."part"("id", "name", "pinyin", "common", "remark", "create_by", "create_at", "update_by", "update_at", "delete_at") VALUES (609, 'TH连接线', NULL, 't', '', 1, '2019-12-16 01:09:32.224371', NULL, NULL, NULL);
INSERT INTO "public"."part"("id", "name", "pinyin", "common", "remark", "create_by", "create_at", "update_by", "update_at", "delete_at") VALUES (610, 'TH基板', NULL, 't', '', 1, '2019-12-16 01:09:32.224371', NULL, NULL, NULL);
INSERT INTO "public"."part"("id", "name", "pinyin", "common", "remark", "create_by", "create_at", "update_by", "update_at", "delete_at") VALUES (611, '投射镜支架B', NULL, 't', '', 1, '2019-12-16 01:09:32.224371', NULL, NULL, NULL);
INSERT INTO "public"."part"("id", "name", "pinyin", "common", "remark", "create_by", "create_at", "update_by", "update_at", "delete_at") VALUES (612, '导热垫片', NULL, 't', '', 1, '2019-12-16 01:09:32.224371', NULL, NULL, NULL);
INSERT INTO "public"."part"("id", "name", "pinyin", "common", "remark", "create_by", "create_at", "update_by", "update_at", "delete_at") VALUES (613, '线夹', NULL, 't', '', 1, '2019-12-16 01:09:32.224371', NULL, NULL, NULL);
INSERT INTO "public"."part"("id", "name", "pinyin", "common", "remark", "create_by", "create_at", "update_by", "update_at", "delete_at") VALUES (614, '连接线固定胶纸', NULL, 't', '', 1, '2019-12-16 01:09:32.224371', NULL, NULL, NULL);
INSERT INTO "public"."part"("id", "name", "pinyin", "common", "remark", "create_by", "create_at", "update_by", "update_at", "delete_at") VALUES (615, '空气过滤网', NULL, 't', '', 1, '2019-12-16 01:09:32.224371', NULL, NULL, NULL);
INSERT INTO "public"."part"("id", "name", "pinyin", "common", "remark", "create_by", "create_at", "update_by", "update_at", "delete_at") VALUES (616, 'M3螺母', NULL, 't', '', 1, '2019-12-16 01:09:32.224371', NULL, NULL, NULL);
INSERT INTO "public"."part"("id", "name", "pinyin", "common", "remark", "create_by", "create_at", "update_by", "update_at", "delete_at") VALUES (617, 'C.B.P-TITE SCREW,3X8,F/ZN-3C', NULL, 't', '', 1, '2019-12-16 01:09:32.224371', NULL, NULL, NULL);
INSERT INTO "public"."part"("id", "name", "pinyin", "common", "remark", "create_by", "create_at", "update_by", "update_at", "delete_at") VALUES (618, 'C.C.P-TITE,3X8,F/ZB-3C', NULL, 't', '', 1, '2019-12-16 01:09:32.224371', NULL, NULL, NULL);
INSERT INTO "public"."part"("id", "name", "pinyin", "common", "remark", "create_by", "create_at", "update_by", "update_at", "delete_at") VALUES (619, 'C.B.SCREW,3X6,F/ZN-3C', NULL, 't', '', 1, '2019-12-16 01:09:32.224371', NULL, NULL, NULL);
INSERT INTO "public"."part"("id", "name", "pinyin", "common", "remark", "create_by", "create_at", "update_by", "update_at", "delete_at") VALUES (620, 'CLAMP,SB-1909', NULL, 't', '', 1, '2019-12-16 01:09:32.224371', NULL, NULL, NULL);
INSERT INTO "public"."part"("id", "name", "pinyin", "common", "remark", "create_by", "create_at", "update_by", "update_at", "delete_at") VALUES (621, 'Locking Edge Saddle', NULL, 't', '', 1, '2019-12-16 01:09:32.224371', NULL, NULL, NULL);
INSERT INTO "public"."part"("id", "name", "pinyin", "common", "remark", "create_by", "create_at", "update_by", "update_at", "delete_at") VALUES (622, 'CAM,INPUT VALVE', NULL, 't', '', 1, '2019-12-16 01:09:32.224371', NULL, NULL, NULL);
INSERT INTO "public"."part"("id", "name", "pinyin", "common", "remark", "create_by", "create_at", "update_by", "update_at", "delete_at") VALUES (623, 'JOINT,CAM,INPUT VALVE', NULL, 't', '', 1, '2019-12-16 01:09:32.224371', NULL, NULL, NULL);
INSERT INTO "public"."part"("id", "name", "pinyin", "common", "remark", "create_by", "create_at", "update_by", "update_at", "delete_at") VALUES (624, 'MOUNTING PLATE,HOLDER,NEEDLE,IV', NULL, 't', '', 1, '2019-12-16 01:09:32.224371', NULL, NULL, NULL);
INSERT INTO "public"."part"("id", "name", "pinyin", "common", "remark", "create_by", "create_at", "update_by", "update_at", "delete_at") VALUES (625, 'TUBE,DP,41', NULL, 't', '', 1, '2019-12-16 01:09:32.224371', NULL, NULL, NULL);
INSERT INTO "public"."part"("id", "name", "pinyin", "common", "remark", "create_by", "create_at", "update_by", "update_at", "delete_at") VALUES (626, 'TUBE,DP,82', NULL, 't', '', 1, '2019-12-16 01:09:32.224371', NULL, NULL, NULL);
INSERT INTO "public"."part"("id", "name", "pinyin", "common", "remark", "create_by", "create_at", "update_by", "update_at", "delete_at") VALUES (627, 'COVER,TUBE,DP', NULL, 't', '', 1, '2019-12-16 01:09:32.224371', NULL, NULL, NULL);
INSERT INTO "public"."part"("id", "name", "pinyin", "common", "remark", "create_by", "create_at", "update_by", "update_at", "delete_at") VALUES (628, 'JJOINT,AIR PUMP,IR;B', NULL, 't', '', 1, '2019-12-16 01:09:32.224371', NULL, NULL, NULL);
INSERT INTO "public"."part"("id", "name", "pinyin", "common", "remark", "create_by", "create_at", "update_by", "update_at", "delete_at") VALUES (629, 'TUBE,PDP,135', NULL, 't', '', 1, '2019-12-16 01:09:32.224371', NULL, NULL, NULL);
INSERT INTO "public"."part"("id", "name", "pinyin", "common", "remark", "create_by", "create_at", "update_by", "update_at", "delete_at") VALUES (630, 'NEEDLE,CHOKE,4.,ASSY', NULL, 't', '', 1, '2019-12-16 01:09:32.224371', NULL, NULL, NULL);
INSERT INTO "public"."part"("id", "name", "pinyin", "common", "remark", "create_by", "create_at", "update_by", "update_at", "delete_at") VALUES (631, 'C.B.P-TITE SCREW,3X14,F/ZN-3C', NULL, 't', '', 1, '2019-12-16 01:09:32.224371', NULL, NULL, NULL);
INSERT INTO "public"."part"("id", "name", "pinyin", "common", "remark", "create_by", "create_at", "update_by", "update_at", "delete_at") VALUES (632, 'SEAL,SUPPLY HOLE,LSM', NULL, 't', '', 1, '2019-12-16 01:09:32.224371', NULL, NULL, NULL);
INSERT INTO "public"."part"("id", "name", "pinyin", "common", "remark", "create_by", "create_at", "update_by", "update_at", "delete_at") VALUES (633, 'ROLLER,SLIDER,CA', NULL, 't', '', 1, '2019-12-16 01:09:32.224371', NULL, NULL, NULL);
INSERT INTO "public"."part"("id", "name", "pinyin", "common", "remark", "create_by", "create_at", "update_by", "update_at", "delete_at") VALUES (634, 'SHAFT,ROLLER,GUIDE,HOLDER,ICH', NULL, 't', '', 1, '2019-12-16 01:09:32.224371', NULL, NULL, NULL);
INSERT INTO "public"."part"("id", "name", "pinyin", "common", "remark", "create_by", "create_at", "update_by", "update_at", "delete_at") VALUES (635, 'NEEDLE,INPUT VALVE', NULL, 't', '', 1, '2019-12-16 01:09:32.224371', NULL, NULL, NULL);
INSERT INTO "public"."part"("id", "name", "pinyin", "common", "remark", "create_by", "create_at", "update_by", "update_at", "delete_at") VALUES (636, 'GUIDE,INK', NULL, 't', '', 1, '2019-12-16 01:09:32.224371', NULL, NULL, NULL);
INSERT INTO "public"."part"("id", "name", "pinyin", "common", "remark", "create_by", "create_at", "update_by", "update_at", "delete_at") VALUES (637, 'POROUS PAD,HOLDER,NEEDLE,INPUT VALVE', NULL, 't', '', 1, '2019-12-16 01:09:32.224371', NULL, NULL, NULL);
INSERT INTO "public"."part"("id", "name", "pinyin", "common", "remark", "create_by", "create_at", "update_by", "update_at", "delete_at") VALUES (638, 'HOLDER,NEEDLE,INPUT VALVE', NULL, 't', '', 1, '2019-12-16 01:09:32.224371', NULL, NULL, NULL);
INSERT INTO "public"."part"("id", "name", "pinyin", "common", "remark", "create_by", "create_at", "update_by", "update_at", "delete_at") VALUES (639, 'LEVER,INPUT VALVE', NULL, 't', '', 1, '2019-12-16 01:09:32.224371', NULL, NULL, NULL);
INSERT INTO "public"."part"("id", "name", "pinyin", "common", "remark", "create_by", "create_at", "update_by", "update_at", "delete_at") VALUES (640, 'INPUT VALVE,IR', NULL, 't', '', 1, '2019-12-16 01:09:32.224371', NULL, NULL, NULL);
INSERT INTO "public"."part"("id", "name", "pinyin", "common", "remark", "create_by", "create_at", "update_by", "update_at", "delete_at") VALUES (641, 'COMPRESSION SPRING,1.01', NULL, 't', '', 1, '2019-12-16 01:09:32.224371', NULL, NULL, NULL);
INSERT INTO "public"."part"("id", "name", "pinyin", "common", "remark", "create_by", "create_at", "update_by", "update_at", "delete_at") VALUES (642, 'COMPRESSION SPRING,0.92', NULL, 't', '', 1, '2019-12-16 01:09:32.224371', NULL, NULL, NULL);
INSERT INTO "public"."part"("id", "name", "pinyin", "common", "remark", "create_by", "create_at", "update_by", "update_at", "delete_at") VALUES (643, 'WELDING DUCT,CHOKE,4.,ASSY', NULL, 't', '', 1, '2019-12-16 01:09:32.224371', NULL, NULL, NULL);
INSERT INTO "public"."part"("id", "name", "pinyin", "common", "remark", "create_by", "create_at", "update_by", "update_at", "delete_at") VALUES (644, 'COVER,DUCT,INPUT VALVE', NULL, 't', '', 1, '2019-12-16 01:09:32.224371', NULL, NULL, NULL);
INSERT INTO "public"."part"("id", "name", "pinyin", "common", "remark", "create_by", "create_at", "update_by", "update_at", "delete_at") VALUES (645, 'DUCT,INPUT VALVE', NULL, 't', '', 1, '2019-12-16 01:09:32.224371', NULL, NULL, NULL);
INSERT INTO "public"."part"("id", "name", "pinyin", "common", "remark", "create_by", "create_at", "update_by", "update_at", "delete_at") VALUES (646, 'TUBE,CHOKE PUMP.,ASSY', NULL, 't', '', 1, '2019-12-16 01:09:32.224371', NULL, NULL, NULL);
INSERT INTO "public"."part"("id", "name", "pinyin", "common", "remark", "create_by", "create_at", "update_by", "update_at", "delete_at") VALUES (647, 'JOINT,TUBE,L', NULL, 't', '', 1, '2019-12-16 01:09:32.224371', NULL, NULL, NULL);
INSERT INTO "public"."part"("id", "name", "pinyin", "common", "remark", "create_by", "create_at", "update_by", "update_at", "delete_at") VALUES (648, 'TORSION SPRING,TUBE,FASTEN,D', NULL, 't', '', 1, '2019-12-16 01:09:32.224371', NULL, NULL, NULL);
INSERT INTO "public"."part"("id", "name", "pinyin", "common", "remark", "create_by", "create_at", "update_by", "update_at", "delete_at") VALUES (649, 'TUBE,CHOKE PUMP,74', NULL, 't', '', 1, '2019-12-16 01:09:32.224371', NULL, NULL, NULL);
INSERT INTO "public"."part"("id", "name", "pinyin", "common", "remark", "create_by", "create_at", "update_by", "update_at", "delete_at") VALUES (650, 'TUBE,SUPPLY,REEL', NULL, 't', '', 1, '2019-12-16 01:09:32.224371', NULL, NULL, NULL);
INSERT INTO "public"."part"("id", "name", "pinyin", "common", "remark", "create_by", "create_at", "update_by", "update_at", "delete_at") VALUES (651, 'TUBE,CHOKE PUMP,22', NULL, 't', '', 1, '2019-12-16 01:09:32.224371', NULL, NULL, NULL);
INSERT INTO "public"."part"("id", "name", "pinyin", "common", "remark", "create_by", "create_at", "update_by", "update_at", "delete_at") VALUES (652, 'TUBE,SUPPLY,REEL', NULL, 't', '', 1, '2019-12-16 01:09:32.224371', NULL, NULL, NULL);
INSERT INTO "public"."part"("id", "name", "pinyin", "common", "remark", "create_by", "create_at", "update_by", "update_at", "delete_at") VALUES (653, 'CHOKE,MOTOR.,ASSY', NULL, 't', '', 1, '2019-12-16 01:09:32.224371', NULL, NULL, NULL);
INSERT INTO "public"."part"("id", "name", "pinyin", "common", "remark", "create_by", "create_at", "update_by", "update_at", "delete_at") VALUES (654, 'C.B.P-TITE SCREW,2X4,F/ZN-3C', NULL, 't', '', 1, '2019-12-16 01:09:32.224371', NULL, NULL, NULL);
INSERT INTO "public"."part"("id", "name", "pinyin", "common", "remark", "create_by", "create_at", "update_by", "update_at", "delete_at") VALUES (655, 'C.B.SCREW,2.6X4,F/ZN-3C', NULL, 't', '', 1, '2019-12-16 01:09:32.224371', NULL, NULL, NULL);
INSERT INTO "public"."part"("id", "name", "pinyin", "common", "remark", "create_by", "create_at", "update_by", "update_at", "delete_at") VALUES (656, 'HOLDER,MOTOR,INPUT VALVE', NULL, 't', '', 1, '2019-12-16 01:09:32.224371', NULL, NULL, NULL);
INSERT INTO "public"."part"("id", "name", "pinyin", "common", "remark", "create_by", "create_at", "update_by", "update_at", "delete_at") VALUES (657, 'GROUNDING PLATE,MOTOR,INPUT VALVE', NULL, 't', '', 1, '2019-12-16 01:09:32.224371', NULL, NULL, NULL);
INSERT INTO "public"."part"("id", "name", "pinyin", "common", "remark", "create_by", "create_at", "update_by", "update_at", "delete_at") VALUES (658, 'SPUR GEAR,7.6', NULL, 't', '', 1, '2019-12-16 01:09:32.224371', NULL, NULL, NULL);
INSERT INTO "public"."part"("id", "name", "pinyin", "common", "remark", "create_by", "create_at", "update_by", "update_at", "delete_at") VALUES (659, 'COMBINATION GEAR,12.4,21.2', NULL, 't', '', 1, '2019-12-16 01:09:32.224371', NULL, NULL, NULL);
INSERT INTO "public"."part"("id", "name", "pinyin", "common", "remark", "create_by", "create_at", "update_by", "update_at", "delete_at") VALUES (660, 'PHOTO INTERRUPTER', NULL, 't', '', 1, '2019-12-16 01:09:32.224371', NULL, NULL, NULL);
INSERT INTO "public"."part"("id", "name", "pinyin", "common", "remark", "create_by", "create_at", "update_by", "update_at", "delete_at") VALUES (661, 'MOTOR,CR,UD,SUB ASS''Y', NULL, 't', '', 1, '2019-12-16 01:09:32.224371', NULL, NULL, NULL);
INSERT INTO "public"."part"("id", "name", "pinyin", "common", "remark", "create_by", "create_at", "update_by", "update_at", "delete_at") VALUES (662, 'JOINT,DUCT PUMP,4.,ASSY', NULL, 't', '', 1, '2019-12-16 01:09:32.224371', NULL, NULL, NULL);
INSERT INTO "public"."part"("id", "name", "pinyin", "common", "remark", "create_by", "create_at", "update_by", "update_at", "delete_at") VALUES (663, 'SEAL,SUPPLY HOLE,LSM', NULL, 't', '', 1, '2019-12-16 01:09:32.224371', NULL, NULL, NULL);
INSERT INTO "public"."part"("id", "name", "pinyin", "common", "remark", "create_by", "create_at", "update_by", "update_at", "delete_at") VALUES (664, 'JOINT,DUCT,PUMP', NULL, 't', '', 1, '2019-12-16 01:09:32.224371', NULL, NULL, NULL);
INSERT INTO "public"."part"("id", "name", "pinyin", "common", "remark", "create_by", "create_at", "update_by", "update_at", "delete_at") VALUES (665, 'SEAL,JOINT,DUCT,PUMP', NULL, 't', '', 1, '2019-12-16 01:09:32.224371', NULL, NULL, NULL);
INSERT INTO "public"."part"("id", "name", "pinyin", "common", "remark", "create_by", "create_at", "update_by", "update_at", "delete_at") VALUES (666, 'FIXING PLATE,DUCT,PUMP,IR', NULL, 't', '', 1, '2019-12-16 01:09:32.224371', NULL, NULL, NULL);
INSERT INTO "public"."part"("id", "name", "pinyin", "common", "remark", "create_by", "create_at", "update_by", "update_at", "delete_at") VALUES (667, 'SHEET,FASTEN,HARNESS', NULL, 't', '', 1, '2019-12-16 01:09:32.224371', NULL, NULL, NULL);
INSERT INTO "public"."part"("id", "name", "pinyin", "common", "remark", "create_by", "create_at", "update_by", "update_at", "delete_at") VALUES (668, 'SHEET,PROTECTION,SENSER', NULL, 't', '', 1, '2019-12-16 01:09:32.224371', NULL, NULL, NULL);
INSERT INTO "public"."part"("id", "name", "pinyin", "common", "remark", "create_by", "create_at", "update_by", "update_at", "delete_at") VALUES (669, 'DUCT,PUMP,4.,ASSY;B', NULL, 't', '', 1, '2019-12-16 01:09:32.224371', NULL, NULL, NULL);
INSERT INTO "public"."part"("id", "name", "pinyin", "common", "remark", "create_by", "create_at", "update_by", "update_at", "delete_at") VALUES (670, 'C.B.P-TITE SCREW,3X20,F/ZN-3C', NULL, 't', '', 1, '2019-12-16 01:09:32.224371', NULL, NULL, NULL);
INSERT INTO "public"."part"("id", "name", "pinyin", "common", "remark", "create_by", "create_at", "update_by", "update_at", "delete_at") VALUES (671, 'DIAPHRAGM,DUCT,PUMP', NULL, 't', '', 1, '2019-12-16 01:09:32.224371', NULL, NULL, NULL);
INSERT INTO "public"."part"("id", "name", "pinyin", "common", "remark", "create_by", "create_at", "update_by", "update_at", "delete_at") VALUES (672, 'COMPRESSION SPRING,0.39', NULL, 't', '', 1, '2019-12-16 01:09:32.224371', NULL, NULL, NULL);
INSERT INTO "public"."part"("id", "name", "pinyin", "common", "remark", "create_by", "create_at", "update_by", "update_at", "delete_at") VALUES (673, 'FRAME,DUCT,PUMP', NULL, 't', '', 1, '2019-12-16 01:09:32.224371', NULL, NULL, NULL);
INSERT INTO "public"."part"("id", "name", "pinyin", "common", "remark", "create_by", "create_at", "update_by", "update_at", "delete_at") VALUES (674, 'JOINT,SEAL,DUCT,PUMP', NULL, 't', '', 1, '2019-12-16 01:09:32.224371', NULL, NULL, NULL);
INSERT INTO "public"."part"("id", "name", "pinyin", "common", "remark", "create_by", "create_at", "update_by", "update_at", "delete_at") VALUES (675, 'PISTON,DUCT,PUMP', NULL, 't', '', 1, '2019-12-16 01:09:32.224371', NULL, NULL, NULL);
INSERT INTO "public"."part"("id", "name", "pinyin", "common", "remark", "create_by", "create_at", "update_by", "update_at", "delete_at") VALUES (676, 'PISTON,DUCT,PUMP;B', NULL, 't', '', 1, '2019-12-16 01:09:32.224371', NULL, NULL, NULL);
INSERT INTO "public"."part"("id", "name", "pinyin", "common", "remark", "create_by", "create_at", "update_by", "update_at", "delete_at") VALUES (677, 'STRENGTHEN,DUCT,PUMP', NULL, 't', '', 1, '2019-12-16 01:09:32.224371', NULL, NULL, NULL);
INSERT INTO "public"."part"("id", "name", "pinyin", "common", "remark", "create_by", "create_at", "update_by", "update_at", "delete_at") VALUES (678, 'COMPRESSION SPRING,12.76G', NULL, 't', '', 1, '2019-12-16 01:09:32.224371', NULL, NULL, NULL);
INSERT INTO "public"."part"("id", "name", "pinyin", "common", "remark", "create_by", "create_at", "update_by", "update_at", "delete_at") VALUES (679, 'O RING,DP', NULL, 't', '', 1, '2019-12-16 01:09:32.224371', NULL, NULL, NULL);
INSERT INTO "public"."part"("id", "name", "pinyin", "common", "remark", "create_by", "create_at", "update_by", "update_at", "delete_at") VALUES (680, 'WELDING DUCT,PUMP.,ASSY', NULL, 't', '', 1, '2019-12-16 01:09:32.224371', NULL, NULL, NULL);
INSERT INTO "public"."part"("id", "name", "pinyin", "common", "remark", "create_by", "create_at", "update_by", "update_at", "delete_at") VALUES (681, 'PHOTO SENSOR,KI1305-AALF', NULL, 't', '', 1, '2019-12-16 01:09:32.224371', NULL, NULL, NULL);
INSERT INTO "public"."part"("id", "name", "pinyin", "common", "remark", "create_by", "create_at", "update_by", "update_at", "delete_at") VALUES (682, 'HARNESS,IES', NULL, 't', '', 1, '2019-12-16 01:09:32.224371', NULL, NULL, NULL);
INSERT INTO "public"."part"("id", "name", "pinyin", "common", "remark", "create_by", "create_at", "update_by", "update_at", "delete_at") VALUES (683, 'CONNECTOR,RELAY,3P', NULL, 't', '', 1, '2019-12-16 01:09:32.224371', NULL, NULL, NULL);
INSERT INTO "public"."part"("id", "name", "pinyin", "common", "remark", "create_by", "create_at", "update_by", "update_at", "delete_at") VALUES (684, 'HARNESS,CHOKE', NULL, 't', '', 1, '2019-12-16 01:09:32.224371', NULL, NULL, NULL);
INSERT INTO "public"."part"("id", "name", "pinyin", "common", "remark", "create_by", "create_at", "update_by", "update_at", "delete_at") VALUES (685, 'HARNESS,IES,4,CH74', NULL, 't', '', 1, '2019-12-16 01:09:32.224371', NULL, NULL, NULL);
select setval('part_id_seq',686);

INSERT INTO "public"."tool"("id", "name", "pinyin", "common", "remark", "create_by", "create_at", "update_by", "update_at", "delete_at") VALUES (343, 'IS板金Cam Bolt位置決定治具', NULL, 'f', '治具', 1, '2019-12-16 01:18:27.163927', NULL, NULL, NULL);
INSERT INTO "public"."tool"("id", "name", "pinyin", "common", "remark", "create_by", "create_at", "update_by", "update_at", "delete_at") VALUES (344, 'Cover Maintenance Home Assy取付保持台', NULL, 'f', '治具', 1, '2019-12-16 01:18:27.163927', NULL, NULL, NULL);
INSERT INTO "public"."tool"("id", "name", "pinyin", "common", "remark", "create_by", "create_at", "update_by", "update_at", "delete_at") VALUES (345, 'IS板金Z調整治具 Master', NULL, 'f', '治具', 1, '2019-12-16 01:18:27.163927', NULL, NULL, NULL);
INSERT INTO "public"."tool"("id", "name", "pinyin", "common", "remark", "create_by", "create_at", "update_by", "update_at", "delete_at") VALUES (346, 'IS板金Z調整治具', NULL, 'f', '治具', 1, '2019-12-16 01:18:27.163927', NULL, NULL, NULL);
INSERT INTO "public"."tool"("id", "name", "pinyin", "common", "remark", "create_by", "create_at", "update_by", "update_at", "delete_at") VALUES (347, 'IS板金X/Y調整治具', NULL, 'f', '治具', 1, '2019-12-16 01:18:27.163927', NULL, NULL, NULL);
INSERT INTO "public"."tool"("id", "name", "pinyin", "common", "remark", "create_by", "create_at", "update_by", "update_at", "delete_at") VALUES (348, 'CR保持治具(Head Assemble)', NULL, 'f', '治具', 1, '2019-12-16 01:18:27.163927', NULL, NULL, NULL);
INSERT INTO "public"."tool"("id", "name", "pinyin", "common", "remark", "create_by", "create_at", "update_by", "update_at", "delete_at") VALUES (349, '供給口保護治具', NULL, 'f', '治具', 1, '2019-12-16 01:18:27.163927', NULL, NULL, NULL);
INSERT INTO "public"."tool"("id", "name", "pinyin", "common", "remark", "create_by", "create_at", "update_by", "update_at", "delete_at") VALUES (350, 'Tube ASSY Spacer治具', NULL, 'f', '治具', 1, '2019-12-16 01:18:27.163927', NULL, NULL, NULL);
INSERT INTO "public"."tool"("id", "name", "pinyin", "common", "remark", "create_by", "create_at", "update_by", "update_at", "delete_at") VALUES (351, '従動荷重調整治具', NULL, 'f', '治具', 1, '2019-12-16 01:18:27.163927', NULL, NULL, NULL);
INSERT INTO "public"."tool"("id", "name", "pinyin", "common", "remark", "create_by", "create_at", "update_by", "update_at", "delete_at") VALUES (352, 'PF Coupling 圧入治具', NULL, 'f', '治具', 1, '2019-12-16 01:18:27.163927', NULL, NULL, NULL);
INSERT INTO "public"."tool"("id", "name", "pinyin", "common", "remark", "create_by", "create_at", "update_by", "update_at", "delete_at") VALUES (353, 'PF Coupling 圧入作業支持治具', NULL, 'f', '治具', 1, '2019-12-16 01:18:27.163927', NULL, NULL, NULL);
INSERT INTO "public"."tool"("id", "name", "pinyin", "common", "remark", "create_by", "create_at", "update_by", "update_at", "delete_at") VALUES (354, 'PF Coupling 打螺絲止轉治具', NULL, 'f', '治具', 1, '2019-12-16 01:18:27.163927', NULL, NULL, NULL);
INSERT INTO "public"."tool"("id", "name", "pinyin", "common", "remark", "create_by", "create_at", "update_by", "update_at", "delete_at") VALUES (355, 'PF駆動軸調整治具', NULL, 'f', '治具', 1, '2019-12-16 01:18:27.163927', NULL, NULL, NULL);
INSERT INTO "public"."tool"("id", "name", "pinyin", "common", "remark", "create_by", "create_at", "update_by", "update_at", "delete_at") VALUES (356, 'PF軸Y調整軸', NULL, 'f', '治具', 1, '2019-12-16 01:18:27.163927', NULL, NULL, NULL);
INSERT INTO "public"."tool"("id", "name", "pinyin", "common", "remark", "create_by", "create_at", "update_by", "update_at", "delete_at") VALUES (357, 'PF軸調整Driver', NULL, 'f', '治具', 1, '2019-12-16 01:18:27.163927', NULL, NULL, NULL);
INSERT INTO "public"."tool"("id", "name", "pinyin", "common", "remark", "create_by", "create_at", "update_by", "update_at", "delete_at") VALUES (358, 'PF Scale 取付補助治具', NULL, 'f', '治具', 1, '2019-12-16 01:18:27.163927', NULL, NULL, NULL);
INSERT INTO "public"."tool"("id", "name", "pinyin", "common", "remark", "create_by", "create_at", "update_by", "update_at", "delete_at") VALUES (359, 'PF Scale保護治具', NULL, 'f', '治具', 1, '2019-12-16 01:18:27.163927', NULL, NULL, NULL);
INSERT INTO "public"."tool"("id", "name", "pinyin", "common", "remark", "create_by", "create_at", "update_by", "update_at", "delete_at") VALUES (360, 'PF軸保護Sheet', NULL, 'f', '治具', 1, '2019-12-16 01:18:27.163927', NULL, NULL, NULL);
INSERT INTO "public"."tool"("id", "name", "pinyin", "common", "remark", "create_by", "create_at", "update_by", "update_at", "delete_at") VALUES (361, 'Platen 調整治具 Master', NULL, 'f', '治具', 1, '2019-12-16 01:18:27.163927', NULL, NULL, NULL);
INSERT INTO "public"."tool"("id", "name", "pinyin", "common", "remark", "create_by", "create_at", "update_by", "update_at", "delete_at") VALUES (362, 'Platen 調整治具', NULL, 'f', '治具', 1, '2019-12-16 01:18:27.163927', NULL, NULL, NULL);
INSERT INTO "public"."tool"("id", "name", "pinyin", "common", "remark", "create_by", "create_at", "update_by", "update_at", "delete_at") VALUES (363, 'Platen 調整治具位置決定治具', NULL, 'f', '治具', 1, '2019-12-16 01:18:27.163927', NULL, NULL, NULL);
INSERT INTO "public"."tool"("id", "name", "pinyin", "common", "remark", "create_by", "create_at", "update_by", "update_at", "delete_at") VALUES (364, 'A寸法確認治具', NULL, 'f', '治具', 1, '2019-12-16 01:18:27.163927', NULL, NULL, NULL);
INSERT INTO "public"."tool"("id", "name", "pinyin", "common", "remark", "create_by", "create_at", "update_by", "update_at", "delete_at") VALUES (365, 'Platen Y調板金位置決定治具', NULL, 'f', '治具', 1, '2019-12-16 01:18:27.163927', NULL, NULL, NULL);
INSERT INTO "public"."tool"("id", "name", "pinyin", "common", "remark", "create_by", "create_at", "update_by", "update_at", "delete_at") VALUES (366, 'After Heater Guide Bolt調整治具（Z/Y）', NULL, 'f', '治具', 1, '2019-12-16 01:18:27.163927', NULL, NULL, NULL);
INSERT INTO "public"."tool"("id", "name", "pinyin", "common", "remark", "create_by", "create_at", "update_by", "update_at", "delete_at") VALUES (367, 'Assy搬送Lift', NULL, 'f', '治具', 1, '2019-12-16 01:18:27.163927', NULL, NULL, NULL);
INSERT INTO "public"."tool"("id", "name", "pinyin", "common", "remark", "create_by", "create_at", "update_by", "update_at", "delete_at") VALUES (368, 'P Cover Dumper取付支持治具', NULL, 'f', '治具', 1, '2019-12-16 01:18:27.163927', NULL, NULL, NULL);
INSERT INTO "public"."tool"("id", "name", "pinyin", "common", "remark", "create_by", "create_at", "update_by", "update_at", "delete_at") VALUES (369, 'Main Frame Assy搬送Lift', NULL, 'f', '治具', 1, '2019-12-16 01:18:27.163927', NULL, NULL, NULL);
INSERT INTO "public"."tool"("id", "name", "pinyin", "common", "remark", "create_by", "create_at", "update_by", "update_at", "delete_at") VALUES (370, 'Main Frame 反転作業台車', NULL, 'f', '治具', 1, '2019-12-16 01:18:27.163927', NULL, NULL, NULL);
INSERT INTO "public"."tool"("id", "name", "pinyin", "common", "remark", "create_by", "create_at", "update_by", "update_at", "delete_at") VALUES (371, '筒治具', NULL, 'f', '治具', 1, '2019-12-16 01:18:27.163927', NULL, NULL, NULL);
INSERT INTO "public"."tool"("id", "name", "pinyin", "common", "remark", "create_by", "create_at", "update_by", "update_at", "delete_at") VALUES (372, 'Frame Support Upper Right ASSY組立支持台', NULL, 'f', '治具', 1, '2019-12-16 01:18:27.163927', NULL, NULL, NULL);
INSERT INTO "public"."tool"("id", "name", "pinyin", "common", "remark", "create_by", "create_at", "update_by", "update_at", "delete_at") VALUES (373, 'Frame Fan Left/Right ASSY組立支持台', NULL, 'f', '治具', 1, '2019-12-16 01:18:27.163927', NULL, NULL, NULL);
INSERT INTO "public"."tool"("id", "name", "pinyin", "common", "remark", "create_by", "create_at", "update_by", "update_at", "delete_at") VALUES (374, 'Frame Cover Top ASSY組立支持台', NULL, 'f', '治具', 1, '2019-12-16 01:18:27.163927', NULL, NULL, NULL);
INSERT INTO "public"."tool"("id", "name", "pinyin", "common", "remark", "create_by", "create_at", "update_by", "update_at", "delete_at") VALUES (375, 'Frame Left/Ringht Top ASSY組立支持台', NULL, 'f', '治具', 1, '2019-12-16 01:18:27.163927', NULL, NULL, NULL);
INSERT INTO "public"."tool"("id", "name", "pinyin", "common", "remark", "create_by", "create_at", "update_by", "update_at", "delete_at") VALUES (376, 'SSD ASSY組立支持台', NULL, 'f', '治具', 1, '2019-12-16 01:18:27.163927', NULL, NULL, NULL);
INSERT INTO "public"."tool"("id", "name", "pinyin", "common", "remark", "create_by", "create_at", "update_by", "update_at", "delete_at") VALUES (377, 'Board Main Bov ASSY Fan組立支持台', NULL, 'f', '治具', 1, '2019-12-16 01:18:27.163927', NULL, NULL, NULL);
INSERT INTO "public"."tool"("id", "name", "pinyin", "common", "remark", "create_by", "create_at", "update_by", "update_at", "delete_at") VALUES (378, '廃液Bottle Holder ASSY組立支持台', NULL, 'f', '治具', 1, '2019-12-16 01:18:27.163927', NULL, NULL, NULL);
INSERT INTO "public"."tool"("id", "name", "pinyin", "common", "remark", "create_by", "create_at", "update_by", "update_at", "delete_at") VALUES (379, 'Cover Maintenance Home SUB ASSY取付保持台', NULL, 'f', '治具', 1, '2019-12-16 01:18:27.163927', NULL, NULL, NULL);
INSERT INTO "public"."tool"("id", "name", "pinyin", "common", "remark", "create_by", "create_at", "update_by", "update_at", "delete_at") VALUES (380, 'Fan 組立支持台', NULL, 'f', '治具', 1, '2019-12-16 01:18:27.163927', NULL, NULL, NULL);
INSERT INTO "public"."tool"("id", "name", "pinyin", "common", "remark", "create_by", "create_at", "update_by", "update_at", "delete_at") VALUES (381, 'Cover Lock Lever組立支持治具', NULL, 'f', '治具', 1, '2019-12-16 01:18:27.163927', NULL, NULL, NULL);
INSERT INTO "public"."tool"("id", "name", "pinyin", "common", "remark", "create_by", "create_at", "update_by", "update_at", "delete_at") VALUES (382, 'Frame Support Front Left/Right ASSY組立支持台', NULL, 'f', '治具', 1, '2019-12-16 01:18:27.163927', NULL, NULL, NULL);
INSERT INTO "public"."tool"("id", "name", "pinyin", "common", "remark", "create_by", "create_at", "update_by", "update_at", "delete_at") VALUES (383, 'Ojigi_Katamuki調整治具 Master', NULL, 'f', '治具', 1, '2019-12-16 01:18:27.163927', NULL, NULL, NULL);
INSERT INTO "public"."tool"("id", "name", "pinyin", "common", "remark", "create_by", "create_at", "update_by", "update_at", "delete_at") VALUES (384, 'Ojigi_Katamuki調整治具', NULL, 'f', '治具', 1, '2019-12-16 01:18:27.163927', NULL, NULL, NULL);
INSERT INTO "public"."tool"("id", "name", "pinyin", "common", "remark", "create_by", "create_at", "update_by", "update_at", "delete_at") VALUES (385, 'RGB Camera ASSY検査治具', NULL, 'f', '治具', 1, '2019-12-16 01:18:27.163927', NULL, NULL, NULL);
INSERT INTO "public"."tool"("id", "name", "pinyin", "common", "remark", "create_by", "create_at", "update_by", "update_at", "delete_at") VALUES (386, 'CPAD Sensor 貼付治具', NULL, 'f', '治具', 1, '2019-12-16 01:18:27.163927', NULL, NULL, NULL);
INSERT INTO "public"."tool"("id", "name", "pinyin", "common", "remark", "create_by", "create_at", "update_by", "update_at", "delete_at") VALUES (387, 'CPAD Sensor 計測治具', NULL, 'f', '治具', 1, '2019-12-16 01:18:27.163927', NULL, NULL, NULL);
INSERT INTO "public"."tool"("id", "name", "pinyin", "common", "remark", "create_by", "create_at", "update_by", "update_at", "delete_at") VALUES (388, '桁方向確認治具', NULL, 'f', '治具', 1, '2019-12-16 01:18:27.163927', NULL, NULL, NULL);
INSERT INTO "public"."tool"("id", "name", "pinyin", "common", "remark", "create_by", "create_at", "update_by", "update_at", "delete_at") VALUES (389, 'CR Belt Pull治具', NULL, 'f', '治具', 1, '2019-12-16 01:18:27.163927', NULL, NULL, NULL);
INSERT INTO "public"."tool"("id", "name", "pinyin", "common", "remark", "create_by", "create_at", "update_by", "update_at", "delete_at") VALUES (390, 'CR Belt組立支持台', NULL, 'f', '治具', 1, '2019-12-16 01:18:27.163927', NULL, NULL, NULL);
INSERT INTO "public"."tool"("id", "name", "pinyin", "common", "remark", "create_by", "create_at", "update_by", "update_at", "delete_at") VALUES (391, 'Main CR LM Holder取付支持治具', NULL, 'f', '治具', 1, '2019-12-16 01:18:27.163927', NULL, NULL, NULL);
INSERT INTO "public"."tool"("id", "name", "pinyin", "common", "remark", "create_by", "create_at", "update_by", "update_at", "delete_at") VALUES (392, 'Main CR 取付支持治具', NULL, 'f', '治具', 1, '2019-12-16 01:18:27.163927', NULL, NULL, NULL);
INSERT INTO "public"."tool"("id", "name", "pinyin", "common", "remark", "create_by", "create_at", "update_by", "update_at", "delete_at") VALUES (393, 'APG Shaft保護治具', NULL, 'f', '治具', 1, '2019-12-16 01:18:27.163927', NULL, NULL, NULL);
INSERT INTO "public"."tool"("id", "name", "pinyin", "common", "remark", "create_by", "create_at", "update_by", "update_at", "delete_at") VALUES (394, 'CR Scale調整治具', NULL, 'f', '治具', 1, '2019-12-16 01:18:27.163927', NULL, NULL, NULL);
INSERT INTO "public"."tool"("id", "name", "pinyin", "common", "remark", "create_by", "create_at", "update_by", "update_at", "delete_at") VALUES (395, 'LM下軸調整治具', NULL, 'f', '治具', 1, '2019-12-16 01:18:27.163927', NULL, NULL, NULL);
INSERT INTO "public"."tool"("id", "name", "pinyin", "common", "remark", "create_by", "create_at", "update_by", "update_at", "delete_at") VALUES (396, 'Main CR組立支持台', NULL, 'f', '治具', 1, '2019-12-16 01:18:27.163927', NULL, NULL, NULL);
INSERT INTO "public"."tool"("id", "name", "pinyin", "common", "remark", "create_by", "create_at", "update_by", "update_at", "delete_at") VALUES (397, 'CR組立支持台', NULL, 'f', '治具', 1, '2019-12-16 01:18:27.163927', NULL, NULL, NULL);
INSERT INTO "public"."tool"("id", "name", "pinyin", "common", "remark", "create_by", "create_at", "update_by", "update_at", "delete_at") VALUES (398, 'PG Plate CR組立支持台', NULL, 'f', '治具', 1, '2019-12-16 01:18:27.163927', NULL, NULL, NULL);
INSERT INTO "public"."tool"("id", "name", "pinyin", "common", "remark", "create_by", "create_at", "update_by", "update_at", "delete_at") VALUES (399, 'Scale Encoder ASSY組立支持台', NULL, 'f', '治具', 1, '2019-12-16 01:18:27.163927', NULL, NULL, NULL);
INSERT INTO "public"."tool"("id", "name", "pinyin", "common", "remark", "create_by", "create_at", "update_by", "update_at", "delete_at") VALUES (400, 'CR Motor 組立支持台', NULL, 'f', '治具', 1, '2019-12-16 01:18:27.163927', NULL, NULL, NULL);
INSERT INTO "public"."tool"("id", "name", "pinyin", "common", "remark", "create_by", "create_at", "update_by", "update_at", "delete_at") VALUES (401, 'CR Motor Holder組立支持台', NULL, 'f', '治具', 1, '2019-12-16 01:18:27.163927', NULL, NULL, NULL);
INSERT INTO "public"."tool"("id", "name", "pinyin", "common", "remark", "create_by", "create_at", "update_by", "update_at", "delete_at") VALUES (402, 'FRAME ASSEMBLY Drive B組立支持台', NULL, 'f', '治具', 1, '2019-12-16 01:18:27.163927', NULL, NULL, NULL);
INSERT INTO "public"."tool"("id", "name", "pinyin", "common", "remark", "create_by", "create_at", "update_by", "update_at", "delete_at") VALUES (403, 'HEAD駆動基板組立支持台', NULL, 'f', '治具', 1, '2019-12-16 01:18:27.163927', NULL, NULL, NULL);
INSERT INTO "public"."tool"("id", "name", "pinyin", "common", "remark", "create_by", "create_at", "update_by", "update_at", "delete_at") VALUES (404, 'Tube ASSY組立支持台', NULL, 'f', '治具', 1, '2019-12-16 01:18:27.163927', NULL, NULL, NULL);
INSERT INTO "public"."tool"("id", "name", "pinyin", "common", "remark", "create_by", "create_at", "update_by", "update_at", "delete_at") VALUES (405, 'CR移動規制治具', NULL, 'f', '治具', 1, '2019-12-16 01:18:27.163927', NULL, NULL, NULL);
INSERT INTO "public"."tool"("id", "name", "pinyin", "common", "remark", "create_by", "create_at", "update_by", "update_at", "delete_at") VALUES (406, 'SUB組定盤LM Guide保護Cover', NULL, 'f', '治具', 1, '2019-12-16 01:18:27.163927', NULL, NULL, NULL);
INSERT INTO "public"."tool"("id", "name", "pinyin", "common", "remark", "create_by", "create_at", "update_by", "update_at", "delete_at") VALUES (407, 'SUB組定盤Dummy PF保護Cover', NULL, 'f', '治具', 1, '2019-12-16 01:18:27.163927', NULL, NULL, NULL);
INSERT INTO "public"."tool"("id", "name", "pinyin", "common", "remark", "create_by", "create_at", "update_by", "update_at", "delete_at") VALUES (408, 'SUB組定盤治具(含む従動調整治具)', NULL, 'f', '治具', 1, '2019-12-16 01:18:27.163927', NULL, NULL, NULL);
INSERT INTO "public"."tool"("id", "name", "pinyin", "common", "remark", "create_by", "create_at", "update_by", "update_at", "delete_at") VALUES (409, 'Platen Block Z粗調治具', NULL, 'f', '治具', 1, '2019-12-16 01:18:27.163927', NULL, NULL, NULL);
INSERT INTO "public"."tool"("id", "name", "pinyin", "common", "remark", "create_by", "create_at", "update_by", "update_at", "delete_at") VALUES (410, 'Frame Base Paperguide Front ASSY組立支持台', NULL, 'f', '治具', 1, '2019-12-16 01:18:27.163927', NULL, NULL, NULL);
INSERT INTO "public"."tool"("id", "name", "pinyin", "common", "remark", "create_by", "create_at", "update_by", "update_at", "delete_at") VALUES (411, 'EJ Motor Assy組立支持台', NULL, 'f', '治具', 1, '2019-12-16 01:18:27.163927', NULL, NULL, NULL);
INSERT INTO "public"."tool"("id", "name", "pinyin", "common", "remark", "create_by", "create_at", "update_by", "update_at", "delete_at") VALUES (412, '除電布組立補助台', NULL, 'f', '治具', 1, '2019-12-16 01:18:27.163927', NULL, NULL, NULL);
INSERT INTO "public"."tool"("id", "name", "pinyin", "common", "remark", "create_by", "create_at", "update_by", "update_at", "delete_at") VALUES (413, '従動軸Assy組立治具', NULL, 'f', '治具', 1, '2019-12-16 01:18:27.163927', NULL, NULL, NULL);
INSERT INTO "public"."tool"("id", "name", "pinyin", "common", "remark", "create_by", "create_at", "update_by", "update_at", "delete_at") VALUES (414, 'PF Bearing 圧入治具', NULL, 'f', '治具', 1, '2019-12-16 01:18:27.163927', NULL, NULL, NULL);
INSERT INTO "public"."tool"("id", "name", "pinyin", "common", "remark", "create_by", "create_at", "update_by", "update_at", "delete_at") VALUES (415, 'PF Pully Pin 圧入治具', NULL, 'f', '治具', 1, '2019-12-16 01:18:27.163927', NULL, NULL, NULL);
INSERT INTO "public"."tool"("id", "name", "pinyin", "common", "remark", "create_by", "create_at", "update_by", "update_at", "delete_at") VALUES (416, 'PF Pully 組立支持治具', NULL, 'f', '治具', 1, '2019-12-16 01:18:27.163927', NULL, NULL, NULL);
INSERT INTO "public"."tool"("id", "name", "pinyin", "common", "remark", "create_by", "create_at", "update_by", "update_at", "delete_at") VALUES (417, 'PF Pully 圧入治具', NULL, 'f', '治具', 1, '2019-12-16 01:18:27.163927', NULL, NULL, NULL);
INSERT INTO "public"."tool"("id", "name", "pinyin", "common", "remark", "create_by", "create_at", "update_by", "update_at", "delete_at") VALUES (418, 'PF Z Cam Shaft Pin 圧入治具', NULL, 'f', '治具', 1, '2019-12-16 01:18:27.163927', NULL, NULL, NULL);
INSERT INTO "public"."tool"("id", "name", "pinyin", "common", "remark", "create_by", "create_at", "update_by", "update_at", "delete_at") VALUES (419, 'PF Motor Assy組立支持台', NULL, 'f', '治具', 1, '2019-12-16 01:18:27.163927', NULL, NULL, NULL);
INSERT INTO "public"."tool"("id", "name", "pinyin", "common", "remark", "create_by", "create_at", "update_by", "update_at", "delete_at") VALUES (420, 'Frame Adjust PF ASSY組立支持台', NULL, 'f', '治具', 1, '2019-12-16 01:18:27.163927', NULL, NULL, NULL);
INSERT INTO "public"."tool"("id", "name", "pinyin", "common", "remark", "create_by", "create_at", "update_by", "update_at", "delete_at") VALUES (421, 'RELEASE GEAR ASSY組立支持台', NULL, 'f', '治具', 1, '2019-12-16 01:18:27.163927', NULL, NULL, NULL);
INSERT INTO "public"."tool"("id", "name", "pinyin", "common", "remark", "create_by", "create_at", "update_by", "update_at", "delete_at") VALUES (422, 'Coupling Key圧入治具', NULL, 'f', '治具', 1, '2019-12-16 01:18:27.163927', NULL, NULL, NULL);
INSERT INTO "public"."tool"("id", "name", "pinyin", "common", "remark", "create_by", "create_at", "update_by", "update_at", "delete_at") VALUES (423, '硬化Heater組立反転搬送治具台車', NULL, 'f', '治具', 1, '2019-12-16 01:18:27.163927', NULL, NULL, NULL);
INSERT INTO "public"."tool"("id", "name", "pinyin", "common", "remark", "create_by", "create_at", "update_by", "update_at", "delete_at") VALUES (424, '硬化Fan回転測定治具', NULL, 'f', '治具', 1, '2019-12-16 01:18:27.163927', NULL, NULL, NULL);
INSERT INTO "public"."tool"("id", "name", "pinyin", "common", "remark", "create_by", "create_at", "update_by", "update_at", "delete_at") VALUES (425, 'HEATER SIDE PLATE組立支持治具', NULL, 'f', '治具', 1, '2019-12-16 01:18:27.163927', NULL, NULL, NULL);
INSERT INTO "public"."tool"("id", "name", "pinyin", "common", "remark", "create_by", "create_at", "update_by", "update_at", "delete_at") VALUES (426, 'FRAME FASTEN HEATER SUB ASSY組立支持台', NULL, 'f', '治具', 1, '2019-12-16 01:18:27.163927', NULL, NULL, NULL);
INSERT INTO "public"."tool"("id", "name", "pinyin", "common", "remark", "create_by", "create_at", "update_by", "update_at", "delete_at") VALUES (427, 'PREHETER UPPER ASSY組立支持台', NULL, 'f', '治具', 1, '2019-12-16 01:18:27.163927', NULL, NULL, NULL);
INSERT INTO "public"."tool"("id", "name", "pinyin", "common", "remark", "create_by", "create_at", "update_by", "update_at", "delete_at") VALUES (428, '硬化Heater Side Plate組立支持台', NULL, 'f', '治具', 1, '2019-12-16 01:18:27.163927', NULL, NULL, NULL);
INSERT INTO "public"."tool"("id", "name", "pinyin", "common", "remark", "create_by", "create_at", "update_by", "update_at", "delete_at") VALUES (429, '硬化Heater 金網誤組防止治具', NULL, 'f', '治具', 1, '2019-12-16 01:18:27.163927', NULL, NULL, NULL);
INSERT INTO "public"."tool"("id", "name", "pinyin", "common", "remark", "create_by", "create_at", "update_by", "update_at", "delete_at") VALUES (430, 'HEATER貼付補助治具', NULL, 'f', '治具', 1, '2019-12-16 01:18:27.163927', NULL, NULL, NULL);
INSERT INTO "public"."tool"("id", "name", "pinyin", "common", "remark", "create_by", "create_at", "update_by", "update_at", "delete_at") VALUES (431, 'Head FFC 确认 JIG(TESTER JIG)', NULL, 'f', '治具', 1, '2019-12-16 01:18:27.163927', NULL, NULL, NULL);
INSERT INTO "public"."tool"("id", "name", "pinyin", "common", "remark", "create_by", "create_at", "update_by", "update_at", "delete_at") VALUES (432, '乾燥Fan回転測定治具', NULL, 'f', '治具', 1, '2019-12-16 01:18:27.163927', NULL, NULL, NULL);
INSERT INTO "public"."tool"("id", "name", "pinyin", "common", "remark", "create_by", "create_at", "update_by", "update_at", "delete_at") VALUES (433, 'DRYING FAN ASSY組立支持台', NULL, 'f', '治具', 1, '2019-12-16 01:18:27.163927', NULL, NULL, NULL);
INSERT INTO "public"."tool"("id", "name", "pinyin", "common", "remark", "create_by", "create_at", "update_by", "update_at", "delete_at") VALUES (434, 'Roll/Reel Motor Assy組立支持台', NULL, 'f', '治具', 1, '2019-12-16 01:18:27.163927', NULL, NULL, NULL);
INSERT INTO "public"."tool"("id", "name", "pinyin", "common", "remark", "create_by", "create_at", "update_by", "update_at", "delete_at") VALUES (435, 'Roll/Reel STAY 組立支持定盤', NULL, 'f', '治具', 1, '2019-12-16 01:18:27.163927', NULL, NULL, NULL);
INSERT INTO "public"."tool"("id", "name", "pinyin", "common", "remark", "create_by", "create_at", "update_by", "update_at", "delete_at") VALUES (436, 'Reel STAY 検査间隙Gauge', NULL, 'f', '治具', 1, '2019-12-16 01:18:27.163927', NULL, NULL, NULL);
INSERT INTO "public"."tool"("id", "name", "pinyin", "common", "remark", "create_by", "create_at", "update_by", "update_at", "delete_at") VALUES (437, 'STAND ROLL ASSY組立支持台', NULL, 'f', '治具', 1, '2019-12-16 01:18:27.163927', NULL, NULL, NULL);
INSERT INTO "public"."tool"("id", "name", "pinyin", "common", "remark", "create_by", "create_at", "update_by", "update_at", "delete_at") VALUES (438, 'JACK ASSY ROLLER押込治具', NULL, 'f', '治具', 1, '2019-12-16 01:18:27.163927', NULL, NULL, NULL);
INSERT INTO "public"."tool"("id", "name", "pinyin", "common", "remark", "create_by", "create_at", "update_by", "update_at", "delete_at") VALUES (439, 'MEDIA GUIDE BAR組立支持台', NULL, 'f', '治具', 1, '2019-12-16 01:18:27.163927', NULL, NULL, NULL);
INSERT INTO "public"."tool"("id", "name", "pinyin", "common", "remark", "create_by", "create_at", "update_by", "update_at", "delete_at") VALUES (440, 'ROLL/REEL SW組立支持台', NULL, 'f', '治具', 1, '2019-12-16 01:18:27.163927', NULL, NULL, NULL);
INSERT INTO "public"."tool"("id", "name", "pinyin", "common", "remark", "create_by", "create_at", "update_by", "update_at", "delete_at") VALUES (441, 'JACK ROLLER 注油台', NULL, 'f', '治具', 1, '2019-12-16 01:18:27.163927', NULL, NULL, NULL);
INSERT INTO "public"."tool"("id", "name", "pinyin", "common", "remark", "create_by", "create_at", "update_by", "update_at", "delete_at") VALUES (442, 'Stand Assy 回転治具', NULL, 'f', '治具', 1, '2019-12-16 01:18:27.163927', NULL, NULL, NULL);
INSERT INTO "public"."tool"("id", "name", "pinyin", "common", "remark", "create_by", "create_at", "update_by", "update_at", "delete_at") VALUES (443, 'Stand Caster治具', NULL, 'f', '治具', 1, '2019-12-16 01:18:27.163927', NULL, NULL, NULL);
INSERT INTO "public"."tool"("id", "name", "pinyin", "common", "remark", "create_by", "create_at", "update_by", "update_at", "delete_at") VALUES (444, 'BIB搬送治具台車', NULL, 'f', '治具', 1, '2019-12-16 01:18:27.163927', NULL, NULL, NULL);
INSERT INTO "public"."tool"("id", "name", "pinyin", "common", "remark", "create_by", "create_at", "update_by", "update_at", "delete_at") VALUES (445, 'LEVER 組立支持台', NULL, 'f', '治具', 1, '2019-12-16 01:18:27.163927', NULL, NULL, NULL);
INSERT INTO "public"."tool"("id", "name", "pinyin", "common", "remark", "create_by", "create_at", "update_by", "update_at", "delete_at") VALUES (446, 'BASE ASSY 移動作業補助棒', NULL, 'f', '治具', 1, '2019-12-16 01:18:27.163927', NULL, NULL, NULL);
INSERT INTO "public"."tool"("id", "name", "pinyin", "common", "remark", "create_by", "create_at", "update_by", "update_at", "delete_at") VALUES (447, 'SUB CR駆動治具', NULL, 'f', '治具', 1, '2019-12-16 01:18:27.163927', NULL, NULL, NULL);
INSERT INTO "public"."tool"("id", "name", "pinyin", "common", "remark", "create_by", "create_at", "update_by", "update_at", "delete_at") VALUES (448, 'PF従動調整治具', NULL, 'f', '治具', 1, '2019-12-16 01:18:27.163927', NULL, NULL, NULL);
INSERT INTO "public"."tool"("id", "name", "pinyin", "common", "remark", "create_by", "create_at", "update_by", "update_at", "delete_at") VALUES (449, 'Cable 保持治具', NULL, 'f', '治具', 1, '2019-12-16 01:18:27.163927', NULL, NULL, NULL);
INSERT INTO "public"."tool"("id", "name", "pinyin", "common", "remark", "create_by", "create_at", "update_by", "update_at", "delete_at") VALUES (450, '従動荷重切替Gear固定PIN治具', NULL, 'f', '治具', 1, '2019-12-16 01:18:27.163927', NULL, NULL, NULL);
INSERT INTO "public"."tool"("id", "name", "pinyin", "common", "remark", "create_by", "create_at", "update_by", "update_at", "delete_at") VALUES (451, 'PF Gear取付補助PIN治具', NULL, 'f', '治具', 1, '2019-12-16 01:18:27.163927', NULL, NULL, NULL);
INSERT INTO "public"."tool"("id", "name", "pinyin", "common", "remark", "create_by", "create_at", "update_by", "update_at", "delete_at") VALUES (452, '偏心Driver A', NULL, 'f', '治具', 1, '2019-12-16 01:18:27.163927', NULL, NULL, NULL);
INSERT INTO "public"."tool"("id", "name", "pinyin", "common", "remark", "create_by", "create_at", "update_by", "update_at", "delete_at") VALUES (453, '偏心Driver B', NULL, 'f', '治具', 1, '2019-12-16 01:18:27.163927', NULL, NULL, NULL);
INSERT INTO "public"."tool"("id", "name", "pinyin", "common", "remark", "create_by", "create_at", "update_by", "update_at", "delete_at") VALUES (454, 'HEATER取付確認治具', NULL, 'f', '治具', 1, '2019-12-16 01:18:27.163927', NULL, NULL, NULL);
INSERT INTO "public"."tool"("id", "name", "pinyin", "common", "remark", "create_by", "create_at", "update_by", "update_at", "delete_at") VALUES (455, 'HEATER Harness確認治具', NULL, 'f', '治具', 1, '2019-12-16 01:18:27.163927', NULL, NULL, NULL);
INSERT INTO "public"."tool"("id", "name", "pinyin", "common", "remark", "create_by", "create_at", "update_by", "update_at", "delete_at") VALUES (456, '治具BIB Unit', NULL, 'f', '治具', 1, '2019-12-16 01:18:27.163927', NULL, NULL, NULL);
INSERT INTO "public"."tool"("id", "name", "pinyin", "common", "remark", "create_by", "create_at", "update_by", "update_at", "delete_at") VALUES (457, 'INTER LOCK解除治具', NULL, 'f', '治具', 1, '2019-12-16 01:18:27.163927', NULL, NULL, NULL);
INSERT INTO "public"."tool"("id", "name", "pinyin", "common", "remark", "create_by", "create_at", "update_by", "update_at", "delete_at") VALUES (458, 'Printer Cover Sensor Push 治具', NULL, 'f', '治具', 1, '2019-12-16 01:18:27.163927', NULL, NULL, NULL);
INSERT INTO "public"."tool"("id", "name", "pinyin", "common", "remark", "create_by", "create_at", "update_by", "update_at", "delete_at") VALUES (459, 'Release Lever 治具 (前)', NULL, 'f', '治具', 1, '2019-12-16 01:18:27.163927', NULL, NULL, NULL);
INSERT INTO "public"."tool"("id", "name", "pinyin", "common", "remark", "create_by", "create_at", "update_by", "update_at", "delete_at") VALUES (460, 'Release Lever 治具 (后)', NULL, 'f', '治具', 1, '2019-12-16 01:18:27.163927', NULL, NULL, NULL);
INSERT INTO "public"."tool"("id", "name", "pinyin", "common", "remark", "create_by", "create_at", "update_by", "update_at", "delete_at") VALUES (461, '負圧測定器', NULL, 'f', '治具', 1, '2019-12-16 01:18:27.163927', NULL, NULL, NULL);
INSERT INTO "public"."tool"("id", "name", "pinyin", "common", "remark", "create_by", "create_at", "update_by", "update_at", "delete_at") VALUES (462, 'Platen Mask Sheet治具', NULL, 'f', '治具', 1, '2019-12-16 01:18:27.163927', NULL, NULL, NULL);
INSERT INTO "public"."tool"("id", "name", "pinyin", "common", "remark", "create_by", "create_at", "update_by", "update_at", "delete_at") VALUES (463, '治具ROLL STAY', NULL, 'f', '治具', 1, '2019-12-16 01:18:27.163927', NULL, NULL, NULL);
INSERT INTO "public"."tool"("id", "name", "pinyin", "common", "remark", "create_by", "create_at", "update_by", "update_at", "delete_at") VALUES (464, '治具REEL STAY', NULL, 'f', '治具', 1, '2019-12-16 01:18:27.163927', NULL, NULL, NULL);
INSERT INTO "public"."tool"("id", "name", "pinyin", "common", "remark", "create_by", "create_at", "update_by", "update_at", "delete_at") VALUES (465, '治具STAND', NULL, 'f', '治具', 1, '2019-12-16 01:18:27.163927', NULL, NULL, NULL);
INSERT INTO "public"."tool"("id", "name", "pinyin", "common", "remark", "create_by", "create_at", "update_by", "update_at", "delete_at") VALUES (466, '治具廃液Tank(検査用)', NULL, 'f', '治具', 1, '2019-12-16 01:18:27.163927', NULL, NULL, NULL);
INSERT INTO "public"."tool"("id", "name", "pinyin", "common", "remark", "create_by", "create_at", "update_by", "update_at", "delete_at") VALUES (467, 'Micro trace治具', NULL, 'f', '治具', 1, '2019-12-16 01:18:27.163927', NULL, NULL, NULL);
INSERT INTO "public"."tool"("id", "name", "pinyin", "common", "remark", "create_by", "create_at", "update_by", "update_at", "delete_at") VALUES (468, '充填治具', NULL, 'f', '治具', 1, '2019-12-16 01:18:27.163927', NULL, NULL, NULL);
INSERT INTO "public"."tool"("id", "name", "pinyin", "common", "remark", "create_by", "create_at", "update_by", "update_at", "delete_at") VALUES (469, '洗浄治具', NULL, 'f', '治具', 1, '2019-12-16 01:18:27.163927', NULL, NULL, NULL);
INSERT INTO "public"."tool"("id", "name", "pinyin", "common", "remark", "create_by", "create_at", "update_by", "update_at", "delete_at") VALUES (470, '洗浄液承受治具', NULL, 'f', '治具', 1, '2019-12-16 01:18:27.163927', NULL, NULL, NULL);
INSERT INTO "public"."tool"("id", "name", "pinyin", "common", "remark", "create_by", "create_at", "update_by", "update_at", "delete_at") VALUES (471, 'Leak 検査治具', NULL, 'f', '治具', 1, '2019-12-16 01:18:27.163927', NULL, NULL, NULL);
INSERT INTO "public"."tool"("id", "name", "pinyin", "common", "remark", "create_by", "create_at", "update_by", "update_at", "delete_at") VALUES (472, '治具ROLL', NULL, 'f', '治具', 1, '2019-12-16 01:18:27.163927', NULL, NULL, NULL);
INSERT INTO "public"."tool"("id", "name", "pinyin", "common", "remark", "create_by", "create_at", "update_by", "update_at", "delete_at") VALUES (473, '治具REEL', NULL, 'f', '治具', 1, '2019-12-16 01:18:27.163927', NULL, NULL, NULL);
INSERT INTO "public"."tool"("id", "name", "pinyin", "common", "remark", "create_by", "create_at", "update_by", "update_at", "delete_at") VALUES (474, '治具布Wiper', NULL, 'f', '治具', 1, '2019-12-16 01:18:27.163927', NULL, NULL, NULL);
INSERT INTO "public"."tool"("id", "name", "pinyin", "common", "remark", "create_by", "create_at", "update_by", "update_at", "delete_at") VALUES (475, '治具布Wiper Cassette', NULL, 'f', '治具', 1, '2019-12-16 01:18:27.163927', NULL, NULL, NULL);
INSERT INTO "public"."tool"("id", "name", "pinyin", "common", "remark", "create_by", "create_at", "update_by", "update_at", "delete_at") VALUES (476, '治具吸収材', NULL, 'f', '治具', 1, '2019-12-16 01:18:27.163927', NULL, NULL, NULL);
INSERT INTO "public"."tool"("id", "name", "pinyin", "common", "remark", "create_by", "create_at", "update_by", "update_at", "delete_at") VALUES (477, '治具廃液Tank(廃液用)', NULL, 'f', '治具', 1, '2019-12-16 01:18:27.163927', NULL, NULL, NULL);
INSERT INTO "public"."tool"("id", "name", "pinyin", "common", "remark", "create_by", "create_at", "update_by", "update_at", "delete_at") VALUES (478, 'PG確認间隙Gauge', NULL, 'f', '治具', 1, '2019-12-16 01:18:27.163927', NULL, NULL, NULL);
INSERT INTO "public"."tool"("id", "name", "pinyin", "common", "remark", "create_by", "create_at", "update_by", "update_at", "delete_at") VALUES (479, '絶縁耐圧Relay Open治具', NULL, 'f', '治具', 1, '2019-12-16 01:18:27.163927', NULL, NULL, NULL);
INSERT INTO "public"."tool"("id", "name", "pinyin", "common", "remark", "create_by", "create_at", "update_by", "update_at", "delete_at") VALUES (480, '信号灯治具', NULL, 'f', '治具', 1, '2019-12-16 01:18:27.163927', NULL, NULL, NULL);
INSERT INTO "public"."tool"("id", "name", "pinyin", "common", "remark", "create_by", "create_at", "update_by", "update_at", "delete_at") VALUES (481, 'Lifter(本体梱包)', NULL, 'f', '治具', 1, '2019-12-16 01:18:27.163927', NULL, NULL, NULL);
INSERT INTO "public"."tool"("id", "name", "pinyin", "common", "remark", "create_by", "create_at", "update_by", "update_at", "delete_at") VALUES (482, 'Lifter(卡板)', NULL, 'f', '治具', 1, '2019-12-16 01:18:27.163927', NULL, NULL, NULL);
INSERT INTO "public"."tool"("id", "name", "pinyin", "common", "remark", "create_by", "create_at", "update_by", "update_at", "delete_at") VALUES (483, '3D Measurement Master Pin治具', NULL, 'f', '治具', 1, '2019-12-16 01:18:27.163927', NULL, NULL, NULL);
INSERT INTO "public"."tool"("id", "name", "pinyin", "common", "remark", "create_by", "create_at", "update_by", "update_at", "delete_at") VALUES (484, 'Pre Heater Mounting Plate Positioning JIG', NULL, 'f', '治具', 1, '2019-12-16 01:18:27.163927', NULL, NULL, NULL);
INSERT INTO "public"."tool"("id", "name", "pinyin", "common", "remark", "create_by", "create_at", "update_by", "update_at", "delete_at") VALUES (485, '非接触三次元測定System(Comet)', NULL, 'f', '工具', 1, '2019-12-16 01:18:27.163927', NULL, NULL, NULL);
INSERT INTO "public"."tool"("id", "name", "pinyin", "common", "remark", "create_by", "create_at", "update_by", "update_at", "delete_at") VALUES (486, '高扭力批', NULL, 'f', '工具', 1, '2019-12-16 01:18:27.163927', NULL, NULL, NULL);
INSERT INTO "public"."tool"("id", "name", "pinyin", "common", "remark", "create_by", "create_at", "update_by", "update_at", "delete_at") VALUES (487, '水準調整治具（水準器）', NULL, 'f', '工具', 1, '2019-12-16 01:18:27.163927', NULL, NULL, NULL);
INSERT INTO "public"."tool"("id", "name", "pinyin", "common", "remark", "create_by", "create_at", "update_by", "update_at", "delete_at") VALUES (488, 'Earth線', NULL, 'f', '工具', 1, '2019-12-16 01:18:27.163927', NULL, NULL, NULL);
INSERT INTO "public"."tool"("id", "name", "pinyin", "common", "remark", "create_by", "create_at", "update_by", "update_at", "delete_at") VALUES (489, '精密石定盤治具(小)', NULL, 'f', '工具', 1, '2019-12-16 01:18:27.163927', NULL, NULL, NULL);
INSERT INTO "public"."tool"("id", "name", "pinyin", "common", "remark", "create_by", "create_at", "update_by", "update_at", "delete_at") VALUES (490, 'QR Reader扫描器', NULL, 't', '工具', 1, '2019-12-16 01:18:27.163927', NULL, NULL, NULL);
INSERT INTO "public"."tool"("id", "name", "pinyin", "common", "remark", "create_by", "create_at", "update_by", "update_at", "delete_at") VALUES (491, '張力計', NULL, 't', '工具', 1, '2019-12-16 01:18:27.163927', NULL, NULL, NULL);
INSERT INTO "public"."tool"("id", "name", "pinyin", "common", "remark", "create_by", "create_at", "update_by", "update_at", "delete_at") VALUES (492, '印字用AC Cable', NULL, 't', '工具', 1, '2019-12-16 01:18:27.163927', NULL, NULL, NULL);
INSERT INTO "public"."tool"("id", "name", "pinyin", "common", "remark", "create_by", "create_at", "update_by", "update_at", "delete_at") VALUES (493, '接地安全测试仪', NULL, 't', '工具', 1, '2019-12-16 01:18:27.163927', NULL, NULL, NULL);
INSERT INTO "public"."tool"("id", "name", "pinyin", "common", "remark", "create_by", "create_at", "update_by", "update_at", "delete_at") VALUES (494, '绝缘耐压测试仪', NULL, 't', '工具', 1, '2019-12-16 01:18:27.163927', NULL, NULL, NULL);
INSERT INTO "public"."tool"("id", "name", "pinyin", "common", "remark", "create_by", "create_at", "update_by", "update_at", "delete_at") VALUES (495, '安全試験機用AC Cable', NULL, 't', '工具', 1, '2019-12-16 01:18:27.163927', NULL, NULL, NULL);
INSERT INTO "public"."tool"("id", "name", "pinyin", "common", "remark", "create_by", "create_at", "update_by", "update_at", "delete_at") VALUES (496, '安全漏电检查仪', NULL, 't', '工具', 1, '2019-12-16 01:18:27.163927', NULL, NULL, NULL);
INSERT INTO "public"."tool"("id", "name", "pinyin", "common", "remark", "create_by", "create_at", "update_by", "update_at", "delete_at") VALUES (497, '安全漏电检查仪option', NULL, 't', '工具', 1, '2019-12-16 01:18:27.163927', NULL, NULL, NULL);
INSERT INTO "public"."tool"("id", "name", "pinyin", "common", "remark", "create_by", "create_at", "update_by", "update_at", "delete_at") VALUES (498, 'Leak電流試験用AC Cable', NULL, 't', '工具', 1, '2019-12-16 01:18:27.163927', NULL, NULL, NULL);
INSERT INTO "public"."tool"("id", "name", "pinyin", "common", "remark", "create_by", "create_at", "update_by", "update_at", "delete_at") VALUES (499, '非接触温度計', NULL, 't', '工具', 1, '2019-12-16 01:18:27.163927', NULL, NULL, NULL);
INSERT INTO "public"."tool"("id", "name", "pinyin", "common", "remark", "create_by", "create_at", "update_by", "update_at", "delete_at") VALUES (500, 'PC电脑(Desk Top/検プロ用）ケンヨウ', NULL, 't', '工具', 1, '2019-12-16 01:18:27.163927', NULL, NULL, NULL);
INSERT INTO "public"."tool"("id", "name", "pinyin", "common", "remark", "create_by", "create_at", "update_by", "update_at", "delete_at") VALUES (501, '推拉力计', NULL, 't', '工具', 1, '2019-12-16 01:18:27.163927', NULL, NULL, NULL);
INSERT INTO "public"."tool"("id", "name", "pinyin", "common", "remark", "create_by", "create_at", "update_by", "update_at", "delete_at") VALUES (502, '高速电批', NULL, 't', '工具', 1, '2019-12-16 01:18:27.163927', NULL, NULL, NULL);
INSERT INTO "public"."tool"("id", "name", "pinyin", "common", "remark", "create_by", "create_at", "update_by", "update_at", "delete_at") VALUES (503, '批嘴（高速电批）', NULL, 't', '工具', 1, '2019-12-16 01:18:27.163927', NULL, NULL, NULL);
INSERT INTO "public"."tool"("id", "name", "pinyin", "common", "remark", "create_by", "create_at", "update_by", "update_at", "delete_at") VALUES (504, '低速电批', NULL, 't', '工具', 1, '2019-12-16 01:18:27.163927', NULL, NULL, NULL);
INSERT INTO "public"."tool"("id", "name", "pinyin", "common", "remark", "create_by", "create_at", "update_by", "update_at", "delete_at") VALUES (505, '批嘴（低速电批）', NULL, 't', '工具', 1, '2019-12-16 01:18:27.163927', NULL, NULL, NULL);
INSERT INTO "public"."tool"("id", "name", "pinyin", "common", "remark", "create_by", "create_at", "update_by", "update_at", "delete_at") VALUES (506, '批嘴（手批）', NULL, 't', '工具', 1, '2019-12-16 01:18:27.163927', NULL, NULL, NULL);
INSERT INTO "public"."tool"("id", "name", "pinyin", "common", "remark", "create_by", "create_at", "update_by", "update_at", "delete_at") VALUES (507, '碟型内六角套筒', NULL, 't', '工具', 1, '2019-12-16 01:18:27.163927', NULL, NULL, NULL);
INSERT INTO "public"."tool"("id", "name", "pinyin", "common", "remark", "create_by", "create_at", "update_by", "update_at", "delete_at") VALUES (508, '螺丝拧紧机', NULL, 't', '工具', 1, '2019-12-16 01:18:27.163927', NULL, NULL, NULL);
INSERT INTO "public"."tool"("id", "name", "pinyin", "common", "remark", "create_by", "create_at", "update_by", "update_at", "delete_at") VALUES (509, '六角固定杆', NULL, 't', '工具', 1, '2019-12-16 01:18:27.163927', NULL, NULL, NULL);
INSERT INTO "public"."tool"("id", "name", "pinyin", "common", "remark", "create_by", "create_at", "update_by", "update_at", "delete_at") VALUES (510, '六角批嘴', NULL, 't', '工具', 1, '2019-12-16 01:18:27.163927', NULL, NULL, NULL);
INSERT INTO "public"."tool"("id", "name", "pinyin", "common", "remark", "create_by", "create_at", "update_by", "update_at", "delete_at") VALUES (511, '六角扳手套筒', NULL, 't', '工具', 1, '2019-12-16 01:18:27.163927', NULL, NULL, NULL);
INSERT INTO "public"."tool"("id", "name", "pinyin", "common", "remark", "create_by", "create_at", "update_by", "update_at", "delete_at") VALUES (512, '插板', NULL, 't', '工具', 1, '2019-12-16 01:18:27.163927', NULL, NULL, NULL);
INSERT INTO "public"."tool"("id", "name", "pinyin", "common", "remark", "create_by", "create_at", "update_by", "update_at", "delete_at") VALUES (513, '六角批嘴（高速电批）', NULL, 't', '工具', 1, '2019-12-16 01:18:27.163927', NULL, NULL, NULL);
INSERT INTO "public"."tool"("id", "name", "pinyin", "common", "remark", "create_by", "create_at", "update_by", "update_at", "delete_at") VALUES (514, '六角批嘴（低速电批）', NULL, 't', '工具', 1, '2019-12-16 01:18:27.163927', NULL, NULL, NULL);
INSERT INTO "public"."tool"("id", "name", "pinyin", "common", "remark", "create_by", "create_at", "update_by", "update_at", "delete_at") VALUES (515, '六角批嘴（高扭力电批）', NULL, 't', '工具', 1, '2019-12-16 01:18:27.163927', NULL, NULL, NULL);
INSERT INTO "public"."tool"("id", "name", "pinyin", "common", "remark", "create_by", "create_at", "update_by", "update_at", "delete_at") VALUES (516, '扳手', NULL, 't', '工具', 1, '2019-12-16 01:18:27.163927', NULL, NULL, NULL);
INSERT INTO "public"."tool"("id", "name", "pinyin", "common", "remark", "create_by", "create_at", "update_by", "update_at", "delete_at") VALUES (517, '扳手套筒', NULL, 't', '工具', 1, '2019-12-16 01:18:27.163927', NULL, NULL, NULL);
INSERT INTO "public"."tool"("id", "name", "pinyin", "common", "remark", "create_by", "create_at", "update_by", "update_at", "delete_at") VALUES (518, '六角头扭矩扳手', NULL, 't', '工具', 1, '2019-12-16 01:18:27.163927', NULL, NULL, NULL);
INSERT INTO "public"."tool"("id", "name", "pinyin", "common", "remark", "create_by", "create_at", "update_by", "update_at", "delete_at") VALUES (519, '镊子（塑胶）', NULL, 't', '工具', 1, '2019-12-16 01:18:27.163927', NULL, NULL, NULL);
INSERT INTO "public"."tool"("id", "name", "pinyin", "common", "remark", "create_by", "create_at", "update_by", "update_at", "delete_at") VALUES (520, '镊子（金属）', NULL, 't', '工具', 1, '2019-12-16 01:18:27.163927', NULL, NULL, NULL);
INSERT INTO "public"."tool"("id", "name", "pinyin", "common", "remark", "create_by", "create_at", "update_by", "update_at", "delete_at") VALUES (521, '注射器', NULL, 't', '工具', 1, '2019-12-16 01:18:27.163927', NULL, NULL, NULL);
INSERT INTO "public"."tool"("id", "name", "pinyin", "common", "remark", "create_by", "create_at", "update_by", "update_at", "delete_at") VALUES (522, '毛笔刷', NULL, 't', '工具', 1, '2019-12-16 01:18:27.163927', NULL, NULL, NULL);
INSERT INTO "public"."tool"("id", "name", "pinyin", "common", "remark", "create_by", "create_at", "update_by", "update_at", "delete_at") VALUES (523, '厚度规', NULL, 't', '工具', 1, '2019-12-16 01:18:27.163927', NULL, NULL, NULL);
INSERT INTO "public"."tool"("id", "name", "pinyin", "common", "remark", "create_by", "create_at", "update_by", "update_at", "delete_at") VALUES (524, 'E-RING座', NULL, 't', '工具', 1, '2019-12-16 01:18:27.163927', NULL, NULL, NULL);
INSERT INTO "public"."tool"("id", "name", "pinyin", "common", "remark", "create_by", "create_at", "update_by", "update_at", "delete_at") VALUES (525, '打点笔', NULL, 't', '工具', 1, '2019-12-16 01:18:27.163927', NULL, NULL, NULL);
INSERT INTO "public"."tool"("id", "name", "pinyin", "common", "remark", "create_by", "create_at", "update_by", "update_at", "delete_at") VALUES (526, '酒精瓶', NULL, 't', '工具', 1, '2019-12-16 01:18:27.163927', NULL, NULL, NULL);
INSERT INTO "public"."tool"("id", "name", "pinyin", "common", "remark", "create_by", "create_at", "update_by", "update_at", "delete_at") VALUES (527, '弹簧销钉（推）', NULL, 't', '工具', 1, '2019-12-16 01:18:27.163927', NULL, NULL, NULL);
INSERT INTO "public"."tool"("id", "name", "pinyin", "common", "remark", "create_by", "create_at", "update_by", "update_at", "delete_at") VALUES (528, '弹簧销钉（拉）', NULL, 't', '工具', 1, '2019-12-16 01:18:27.163927', NULL, NULL, NULL);
INSERT INTO "public"."tool"("id", "name", "pinyin", "common", "remark", "create_by", "create_at", "update_by", "update_at", "delete_at") VALUES (529, '螺旋扳手', NULL, 't', '工具', 1, '2019-12-16 01:18:27.163927', NULL, NULL, NULL);
INSERT INTO "public"."tool"("id", "name", "pinyin", "common", "remark", "create_by", "create_at", "update_by", "update_at", "delete_at") VALUES (530, '卡环钳', NULL, 't', '工具', 1, '2019-12-16 01:18:27.163927', NULL, NULL, NULL);
INSERT INTO "public"."tool"("id", "name", "pinyin", "common", "remark", "create_by", "create_at", "update_by", "update_at", "delete_at") VALUES (531, 'C-Ring钳', NULL, 't', '工具', 1, '2019-12-16 01:18:27.163927', NULL, NULL, NULL);
INSERT INTO "public"."tool"("id", "name", "pinyin", "common", "remark", "create_by", "create_at", "update_by", "update_at", "delete_at") VALUES (532, '尖嘴钳', NULL, 't', '工具', 1, '2019-12-16 01:18:27.163927', NULL, NULL, NULL);
INSERT INTO "public"."tool"("id", "name", "pinyin", "common", "remark", "create_by", "create_at", "update_by", "update_at", "delete_at") VALUES (533, '内六角批嘴', NULL, 't', '工具', 1, '2019-12-16 01:18:27.163927', NULL, NULL, NULL);
INSERT INTO "public"."tool"("id", "name", "pinyin", "common", "remark", "create_by", "create_at", "update_by", "update_at", "delete_at") VALUES (534, '静电手环（有线）', NULL, 't', '工具', 1, '2019-12-16 01:18:27.163927', NULL, NULL, NULL);
INSERT INTO "public"."tool"("id", "name", "pinyin", "common", "remark", "create_by", "create_at", "update_by", "update_at", "delete_at") VALUES (535, '安全防护眼镜', NULL, 't', '工具', 1, '2019-12-16 01:18:27.163927', NULL, NULL, NULL);
INSERT INTO "public"."tool"("id", "name", "pinyin", "common", "remark", "create_by", "create_at", "update_by", "update_at", "delete_at") VALUES (536, '手套', NULL, 't', '工具', 1, '2019-12-16 01:18:27.163927', NULL, NULL, NULL);
INSERT INTO "public"."tool"("id", "name", "pinyin", "common", "remark", "create_by", "create_at", "update_by", "update_at", "delete_at") VALUES (537, '安全帽', NULL, 't', '工具', 1, '2019-12-16 01:18:27.163927', NULL, NULL, NULL);
INSERT INTO "public"."tool"("id", "name", "pinyin", "common", "remark", "create_by", "create_at", "update_by", "update_at", "delete_at") VALUES (538, '夹子', NULL, 't', '', 1, '2019-12-16 01:18:27.163927', NULL, NULL, NULL);
INSERT INTO "public"."tool"("id", "name", "pinyin", "common", "remark", "create_by", "create_at", "update_by", "update_at", "delete_at") VALUES (539, '案内板', NULL, 't', '', 1, '2019-12-16 01:18:27.163927', NULL, NULL, NULL);
INSERT INTO "public"."tool"("id", "name", "pinyin", "common", "remark", "create_by", "create_at", "update_by", "update_at", "delete_at") VALUES (540, '螺丝刀', NULL, 't', '', 1, '2019-12-16 01:18:27.163927', NULL, NULL, NULL);
INSERT INTO "public"."tool"("id", "name", "pinyin", "common", "remark", "create_by", "create_at", "update_by", "update_at", "delete_at") VALUES (541, '组立治具', NULL, 't', '', 1, '2019-12-16 01:18:27.163927', NULL, NULL, NULL);
INSERT INTO "public"."tool"("id", "name", "pinyin", "common", "remark", "create_by", "create_at", "update_by", "update_at", "delete_at") VALUES (542, '镊子', NULL, 't', '', 1, '2019-12-16 01:18:27.163927', NULL, NULL, NULL);
INSERT INTO "public"."tool"("id", "name", "pinyin", "common", "remark", "create_by", "create_at", "update_by", "update_at", "delete_at") VALUES (543, '笔', NULL, 't', '', 1, '2019-12-16 01:18:27.163927', NULL, NULL, NULL);
INSERT INTO "public"."tool"("id", "name", "pinyin", "common", "remark", "create_by", "create_at", "update_by", "update_at", "delete_at") VALUES (544, '笔盖', NULL, 't', '', 1, '2019-12-16 01:18:27.163927', NULL, NULL, NULL);
INSERT INTO "public"."tool"("id", "name", "pinyin", "common", "remark", "create_by", "create_at", "update_by", "update_at", "delete_at") VALUES (545, '物料箱', NULL, 't', '', 1, '2019-12-16 01:18:27.163927', NULL, NULL, NULL);
INSERT INTO "public"."tool"("id", "name", "pinyin", "common", "remark", "create_by", "create_at", "update_by", "update_at", "delete_at") VALUES (546, '帘子', NULL, 't', '', 1, '2019-12-16 01:18:27.163927', NULL, NULL, NULL);
INSERT INTO "public"."tool"("id", "name", "pinyin", "common", "remark", "create_by", "create_at", "update_by", "update_at", "delete_at") VALUES (547, '皱纹胶纸', NULL, 't', '', 1, '2019-12-16 01:18:27.163927', NULL, NULL, NULL);
INSERT INTO "public"."tool"("id", "name", "pinyin", "common", "remark", "create_by", "create_at", "update_by", "update_at", "delete_at") VALUES (548, '治具', NULL, 't', '', 1, '2019-12-16 01:18:27.163927', NULL, NULL, NULL);
INSERT INTO "public"."tool"("id", "name", "pinyin", "common", "remark", "create_by", "create_at", "update_by", "update_at", "delete_at") VALUES (549, '治具手柄', NULL, 't', '', 1, '2019-12-16 01:18:27.163927', NULL, NULL, NULL);
INSERT INTO "public"."tool"("id", "name", "pinyin", "common", "remark", "create_by", "create_at", "update_by", "update_at", "delete_at") VALUES (550, '扫描仪', NULL, 't', '', 1, '2019-12-16 01:18:27.163927', NULL, NULL, NULL);
INSERT INTO "public"."tool"("id", "name", "pinyin", "common", "remark", "create_by", "create_at", "update_by", "update_at", "delete_at") VALUES (551, '启动键', NULL, 't', '', 1, '2019-12-16 01:18:27.163927', NULL, NULL, NULL);
INSERT INTO "public"."tool"("id", "name", "pinyin", "common", "remark", "create_by", "create_at", "update_by", "update_at", "delete_at") VALUES (552, '确认键', NULL, 't', '', 1, '2019-12-16 01:18:27.163927', NULL, NULL, NULL);
INSERT INTO "public"."tool"("id", "name", "pinyin", "common", "remark", "create_by", "create_at", "update_by", "update_at", "delete_at") VALUES (553, 'AUTO', NULL, 't', '', 1, '2019-12-16 01:18:27.163927', NULL, NULL, NULL);
INSERT INTO "public"."tool"("id", "name", "pinyin", "common", "remark", "create_by", "create_at", "update_by", "update_at", "delete_at") VALUES (554, 'START', NULL, 't', '', 1, '2019-12-16 01:18:27.163927', NULL, NULL, NULL);
INSERT INTO "public"."tool"("id", "name", "pinyin", "common", "remark", "create_by", "create_at", "update_by", "update_at", "delete_at") VALUES (555, '计测器', NULL, 't', '', 1, '2019-12-16 01:18:27.163927', NULL, NULL, NULL);
INSERT INTO "public"."tool"("id", "name", "pinyin", "common", "remark", "create_by", "create_at", "update_by", "update_at", "delete_at") VALUES (556, '接着剂', NULL, 't', '', 1, '2019-12-16 01:18:27.163927', NULL, NULL, NULL);
INSERT INTO "public"."tool"("id", "name", "pinyin", "common", "remark", "create_by", "create_at", "update_by", "update_at", "delete_at") VALUES (557, '照度计', NULL, 't', '', 1, '2019-12-16 01:18:27.163927', NULL, NULL, NULL);
INSERT INTO "public"."tool"("id", "name", "pinyin", "common", "remark", "create_by", "create_at", "update_by", "update_at", "delete_at") VALUES (558, '硬化剂', NULL, 't', '', 1, '2019-12-16 01:18:27.163927', NULL, NULL, NULL);
INSERT INTO "public"."tool"("id", "name", "pinyin", "common", "remark", "create_by", "create_at", "update_by", "update_at", "delete_at") VALUES (559, '结果确认OK', NULL, 't', '', 1, '2019-12-16 01:18:27.163927', NULL, NULL, NULL);
INSERT INTO "public"."tool"("id", "name", "pinyin", "common", "remark", "create_by", "create_at", "update_by", "update_at", "delete_at") VALUES (560, '风枪', NULL, 't', '', 1, '2019-12-16 01:18:27.163927', NULL, NULL, NULL);
INSERT INTO "public"."tool"("id", "name", "pinyin", "common", "remark", "create_by", "create_at", "update_by", "update_at", "delete_at") VALUES (561, '流动票', NULL, 't', '', 1, '2019-12-16 01:18:27.163927', NULL, NULL, NULL);
INSERT INTO "public"."tool"("id", "name", "pinyin", "common", "remark", "create_by", "create_at", "update_by", "update_at", "delete_at") VALUES (562, '电源线', NULL, 't', '', 1, '2019-12-16 01:18:27.163927', NULL, NULL, NULL);
INSERT INTO "public"."tool"("id", "name", "pinyin", "common", "remark", "create_by", "create_at", "update_by", "update_at", "delete_at") VALUES (563, 'Enter', NULL, 't', '', 1, '2019-12-16 01:18:27.163927', NULL, NULL, NULL);
INSERT INTO "public"."tool"("id", "name", "pinyin", "common", "remark", "create_by", "create_at", "update_by", "update_at", "delete_at") VALUES (564, 'Power', NULL, 't', '', 1, '2019-12-16 01:18:27.163927', NULL, NULL, NULL);
INSERT INTO "public"."tool"("id", "name", "pinyin", "common", "remark", "create_by", "create_at", "update_by", "update_at", "delete_at") VALUES (565, 'OK', NULL, 't', '', 1, '2019-12-16 01:18:27.163927', NULL, NULL, NULL);
INSERT INTO "public"."tool"("id", "name", "pinyin", "common", "remark", "create_by", "create_at", "update_by", "update_at", "delete_at") VALUES (566, '关联笔', NULL, 't', '', 1, '2019-12-16 01:18:27.163927', NULL, NULL, NULL);
INSERT INTO "public"."tool"("id", "name", "pinyin", "common", "remark", "create_by", "create_at", "update_by", "update_at", "delete_at") VALUES (567, '制造号', NULL, 't', '', 1, '2019-12-16 01:18:27.163927', NULL, NULL, NULL);
INSERT INTO "public"."tool"("id", "name", "pinyin", "common", "remark", "create_by", "create_at", "update_by", "update_at", "delete_at") VALUES (568, '看板卡', NULL, 't', '', 1, '2019-12-16 01:18:27.163927', NULL, NULL, NULL);
INSERT INTO "public"."tool"("id", "name", "pinyin", "common", "remark", "create_by", "create_at", "update_by", "update_at", "delete_at") VALUES (569, '出机单', NULL, 't', '', 1, '2019-12-16 01:18:27.163927', NULL, NULL, NULL);
INSERT INTO "public"."tool"("id", "name", "pinyin", "common", "remark", "create_by", "create_at", "update_by", "update_at", "delete_at") VALUES (570, '捆包膜', NULL, 't', '', 1, '2019-12-16 01:18:27.163927', NULL, NULL, NULL);
INSERT INTO "public"."tool"("id", "name", "pinyin", "common", "remark", "create_by", "create_at", "update_by", "update_at", "delete_at") VALUES (571, '脚刹', NULL, 't', '', 1, '2019-12-16 01:18:27.163927', NULL, NULL, NULL);
INSERT INTO "public"."tool"("id", "name", "pinyin", "common", "remark", "create_by", "create_at", "update_by", "update_at", "delete_at") VALUES (572, '打印机', NULL, 't', '', 1, '2019-12-16 01:18:27.163927', NULL, NULL, NULL);
INSERT INTO "public"."tool"("id", "name", "pinyin", "common", "remark", "create_by", "create_at", "update_by", "update_at", "delete_at") VALUES (573, '调整杆', NULL, 't', '', 1, '2019-12-16 01:18:27.163927', NULL, NULL, NULL);
INSERT INTO "public"."tool"("id", "name", "pinyin", "common", "remark", "create_by", "create_at", "update_by", "update_at", "delete_at") VALUES (574, '遮光盖', NULL, 't', '', 1, '2019-12-16 01:18:27.163927', NULL, NULL, NULL);
INSERT INTO "public"."tool"("id", "name", "pinyin", "common", "remark", "create_by", "create_at", "update_by", "update_at", "delete_at") VALUES (575, '挡板', NULL, 't', '', 1, '2019-12-16 01:18:27.163927', NULL, NULL, NULL);
INSERT INTO "public"."tool"("id", "name", "pinyin", "common", "remark", "create_by", "create_at", "update_by", "update_at", "delete_at") VALUES (576, '棉签', NULL, 't', '', 1, '2019-12-16 01:18:27.163927', NULL, NULL, NULL);
INSERT INTO "public"."tool"("id", "name", "pinyin", "common", "remark", "create_by", "create_at", "update_by", "update_at", "delete_at") VALUES (577, '全棉纸', NULL, 't', '', 1, '2019-12-16 01:18:27.163927', NULL, NULL, NULL);
INSERT INTO "public"."tool"("id", "name", "pinyin", "common", "remark", "create_by", "create_at", "update_by", "update_at", "delete_at") VALUES (578, '白光布', NULL, 't', '', 1, '2019-12-16 01:18:27.163927', NULL, NULL, NULL);
INSERT INTO "public"."tool"("id", "name", "pinyin", "common", "remark", "create_by", "create_at", "update_by", "update_at", "delete_at") VALUES (579, '酒精', NULL, 't', '', 1, '2019-12-16 01:18:27.163927', NULL, NULL, NULL);
INSERT INTO "public"."tool"("id", "name", "pinyin", "common", "remark", "create_by", "create_at", "update_by", "update_at", "delete_at") VALUES (580, '尺子', NULL, 't', '', 1, '2019-12-16 01:18:27.163927', NULL, NULL, NULL);
INSERT INTO "public"."tool"("id", "name", "pinyin", "common", "remark", "create_by", "create_at", "update_by", "update_at", "delete_at") VALUES (581, '剪刀', NULL, 't', '', 1, '2019-12-16 01:18:27.163927', NULL, NULL, NULL);
INSERT INTO "public"."tool"("id", "name", "pinyin", "common", "remark", "create_by", "create_at", "update_by", "update_at", "delete_at") VALUES (582, '胶纸机', NULL, 't', '', 1, '2019-12-16 01:18:27.163927', NULL, NULL, NULL);
INSERT INTO "public"."tool"("id", "name", "pinyin", "common", "remark", "create_by", "create_at", "update_by", "update_at", "delete_at") VALUES (583, '鼠标', NULL, 't', '', 1, '2019-12-16 01:18:27.163927', NULL, NULL, NULL);
INSERT INTO "public"."tool"("id", "name", "pinyin", "common", "remark", "create_by", "create_at", "update_by", "update_at", "delete_at") VALUES (584, '手批', NULL, 't', NULL, 1, '2019-12-16 01:18:27.163927', NULL, NULL, NULL);
INSERT INTO "public"."tool"("id", "name", "pinyin", "common", "remark", "create_by", "create_at", "update_by", "update_at", "delete_at") VALUES (585, '电批', NULL, 't', NULL, 1, '2019-12-16 01:18:27.163927', NULL, NULL, NULL);
INSERT INTO "public"."tool"("id", "name", "pinyin", "common", "remark", "create_by", "create_at", "update_by", "update_at", "delete_at") VALUES (586, '激光熔着设备', NULL, 't', NULL, 1, '2019-12-16 01:18:27.163927', NULL, NULL, NULL);
INSERT INTO "public"."tool"("id", "name", "pinyin", "common", "remark", "create_by", "create_at", "update_by", "update_at", "delete_at") VALUES (587, '熔着设备', NULL, 't', NULL, 1, '2019-12-16 01:18:27.163927', NULL, NULL, NULL);
INSERT INTO "public"."tool"("id", "name", "pinyin", "common", "remark", "create_by", "create_at", "update_by", "update_at", "delete_at") VALUES (588, '测试设备', NULL, 't', NULL, 1, '2019-12-16 01:18:27.163927', NULL, NULL, NULL);
select setval('tool_id_seq',686);

INSERT INTO "public"."action"("id", "name", "pinyin", "remark", "create_by", "create_at", "update_by", "update_at", "delete_at") VALUES (1, 'Take and keep', 'Take and keep', NULL, 11, '2019-12-04 18:57:13.082144', NULL, NULL, NULL);
INSERT INTO "public"."action"("id", "name", "pinyin", "remark", "create_by", "create_at", "update_by", "update_at", "delete_at") VALUES (2, 'Take and put', 'Take and put', NULL, 11, '2019-12-04 18:57:13.082144', NULL, NULL, NULL);
INSERT INTO "public"."action"("id", "name", "pinyin", "remark", "create_by", "create_at", "update_by", "update_at", "delete_at") VALUES (3, 'Take and install', 'Take and install', NULL, 11, '2019-12-04 18:57:13.082144', NULL, NULL, NULL);
INSERT INTO "public"."action"("id", "name", "pinyin", "remark", "create_by", "create_at", "update_by", "update_at", "delete_at") VALUES (4, 'Take and insert', 'Take and insert', NULL, 11, '2019-12-04 18:57:13.082144', NULL, NULL, NULL);
INSERT INTO "public"."action"("id", "name", "pinyin", "remark", "create_by", "create_at", "update_by", "update_at", "delete_at") VALUES (5, 'Take and through', 'Take and through', NULL, 11, '2019-12-04 18:57:13.082144', NULL, NULL, NULL);
INSERT INTO "public"."action"("id", "name", "pinyin", "remark", "create_by", "create_at", "update_by", "update_at", "delete_at") VALUES (6, 'Take and check', 'Take and check', NULL, 11, '2019-12-04 18:57:13.082144', NULL, NULL, NULL);
INSERT INTO "public"."action"("id", "name", "pinyin", "remark", "create_by", "create_at", "update_by", "update_at", "delete_at") VALUES (7, 'Move mouse to', 'Move mouse to', NULL, 11, '2019-12-04 18:57:13.082144', NULL, NULL, NULL);
INSERT INTO "public"."action"("id", "name", "pinyin", "remark", "create_by", "create_at", "update_by", "update_at", "delete_at") VALUES (8, 'Select it', 'Select it', NULL, 11, '2019-12-04 18:57:13.082144', NULL, NULL, NULL);
INSERT INTO "public"."action"("id", "name", "pinyin", "remark", "create_by", "create_at", "update_by", "update_at", "delete_at") VALUES (9, 'Pull out materiel box', 'Pull out materiel box', NULL, 11, '2019-12-04 18:57:13.082144', NULL, NULL, NULL);
INSERT INTO "public"."action"("id", "name", "pinyin", "remark", "create_by", "create_at", "update_by", "update_at", "delete_at") VALUES (10, 'Push materiel box', 'Push materiel box', NULL, 11, '2019-12-04 18:57:13.082144', NULL, NULL, NULL);
INSERT INTO "public"."action"("id", "name", "pinyin", "remark", "create_by", "create_at", "update_by", "update_at", "delete_at") VALUES (11, 'Press it smoothly', 'Press it smoothly', NULL, 11, '2019-12-04 18:57:13.082144', NULL, NULL, NULL);
INSERT INTO "public"."action"("id", "name", "pinyin", "remark", "create_by", "create_at", "update_by", "update_at", "delete_at") VALUES (12, 'Throw plastic bag', 'Throw plastic bag', NULL, 11, '2019-12-04 18:57:13.082144', NULL, NULL, NULL);
INSERT INTO "public"."action"("id", "name", "pinyin", "remark", "create_by", "create_at", "update_by", "update_at", "delete_at") VALUES (13, 'Move stool to right place', 'Move stool to right place', NULL, 11, '2019-12-04 18:57:13.082144', NULL, NULL, NULL);
INSERT INTO "public"."action"("id", "name", "pinyin", "remark", "create_by", "create_at", "update_by", "update_at", "delete_at") VALUES (14, 'Move materiel car to right place', 'Move materiel car to right place', NULL, 11, '2019-12-04 18:57:13.082144', NULL, NULL, NULL);
INSERT INTO "public"."action"("id", "name", "pinyin", "remark", "create_by", "create_at", "update_by", "update_at", "delete_at") VALUES (15, 'Take up', 'Take up', NULL, 11, '2019-12-04 18:57:13.082144', NULL, NULL, NULL);
INSERT INTO "public"."action"("id", "name", "pinyin", "remark", "create_by", "create_at", "update_by", "update_at", "delete_at") VALUES (16, 'Put down', 'Put down', NULL, 11, '2019-12-04 18:57:13.082144', NULL, NULL, NULL);
INSERT INTO "public"."action"("id", "name", "pinyin", "remark", "create_by", "create_at", "update_by", "update_at", "delete_at") VALUES (17, '取.....保持', 'qubaochi', NULL, 11, '2019-12-04 18:57:13.082144', NULL, NULL, NULL);
INSERT INTO "public"."action"("id", "name", "pinyin", "remark", "create_by", "create_at", "update_by", "update_at", "delete_at") VALUES (18, '取.....放', 'qufang', NULL, 11, '2019-12-04 18:57:13.082144', NULL, NULL, NULL);
INSERT INTO "public"."action"("id", "name", "pinyin", "remark", "create_by", "create_at", "update_by", "update_at", "delete_at") VALUES (19, '取.....安装', 'quanzhuang', NULL, 11, '2019-12-04 18:57:13.082144', NULL, NULL, NULL);
INSERT INTO "public"."action"("id", "name", "pinyin", "remark", "create_by", "create_at", "update_by", "update_at", "delete_at") VALUES (20, '取.....插入', 'qucharu', NULL, 11, '2019-12-04 18:57:13.082144', NULL, NULL, NULL);
INSERT INTO "public"."action"("id", "name", "pinyin", "remark", "create_by", "create_at", "update_by", "update_at", "delete_at") VALUES (21, '取.....夹住', 'qujiazhu', NULL, 11, '2019-12-04 18:57:13.082144', NULL, NULL, NULL);
INSERT INTO "public"."action"("id", "name", "pinyin", "remark", "create_by", "create_at", "update_by", "update_at", "delete_at") VALUES (22, '将.....放', 'jiangfang', NULL, 11, '2019-12-04 18:57:13.082144', NULL, NULL, NULL);
INSERT INTO "public"."action"("id", "name", "pinyin", "remark", "create_by", "create_at", "update_by", "update_at", "delete_at") VALUES (23, '将.....贴付', 'jiangtiefu', NULL, 11, '2019-12-04 18:57:13.082144', NULL, NULL, NULL);
INSERT INTO "public"."action"("id", "name", "pinyin", "remark", "create_by", "create_at", "update_by", "update_at", "delete_at") VALUES (24, '将.....放入', 'jiangfangru', NULL, 11, '2019-12-04 18:57:13.082144', NULL, NULL, NULL);
INSERT INTO "public"."action"("id", "name", "pinyin", "remark", "create_by", "create_at", "update_by", "update_at", "delete_at") VALUES (25, '将.....对准', 'jiangduizhun', NULL, 11, '2019-12-04 18:57:13.082144', NULL, NULL, NULL);
INSERT INTO "public"."action"("id", "name", "pinyin", "remark", "create_by", "create_at", "update_by", "update_at", "delete_at") VALUES (26, '将.....安装', 'jianganzhuang', NULL, 11, '2019-12-04 18:57:13.082144', NULL, NULL, NULL);
INSERT INTO "public"."action"("id", "name", "pinyin", "remark", "create_by", "create_at", "update_by", "update_at", "delete_at") VALUES (27, '撕掉.....保护纸', 'sidiaobaohuzhi', NULL, 11, '2019-12-04 18:57:13.082144', NULL, NULL, NULL);
INSERT INTO "public"."action"("id", "name", "pinyin", "remark", "create_by", "create_at", "update_by", "update_at", "delete_at") VALUES (28, '拿.....压', 'naya', NULL, 11, '2019-12-04 18:57:13.082144', NULL, NULL, NULL);
INSERT INTO "public"."action"("id", "name", "pinyin", "remark", "create_by", "create_at", "update_by", "update_at", "delete_at") VALUES (29, '紧.....到', 'jindao', NULL, 11, '2019-12-04 18:57:13.082144', NULL, NULL, NULL);
INSERT INTO "public"."action"("id", "name", "pinyin", "remark", "create_by", "create_at", "update_by", "update_at", "delete_at") VALUES (30, '扔掉.....袋子', 'rengdiaodaizi', NULL, 11, '2019-12-04 18:57:13.082144', NULL, NULL, NULL);
INSERT INTO "public"."action"("id", "name", "pinyin", "remark", "create_by", "create_at", "update_by", "update_at", "delete_at") VALUES (31, '多余.....放回', 'duoyufanghui', NULL, 11, '2019-12-04 18:57:13.082144', NULL, NULL, NULL);
INSERT INTO "public"."action"("id", "name", "pinyin", "remark", "create_by", "create_at", "update_by", "update_at", "delete_at") VALUES (32, '打开.....袋子', 'daikaidaizi', NULL, 11, '2019-12-04 18:57:13.082144', NULL, NULL, NULL);
INSERT INTO "public"."action"("id", "name", "pinyin", "remark", "create_by", "create_at", "update_by", "update_at", "delete_at") VALUES (33, '取.....检查放', 'qujianchafang', NULL, 11, '2019-12-04 18:57:13.082144', NULL, NULL, NULL);
INSERT INTO "public"."action"("id", "name", "pinyin", "remark", "create_by", "create_at", "update_by", "update_at", "delete_at") VALUES (34, '取.....排入', 'qupairu', NULL, 11, '2019-12-04 18:57:13.082144', NULL, NULL, NULL);
INSERT INTO "public"."action"("id", "name", "pinyin", "remark", "create_by", "create_at", "update_by", "update_at", "delete_at") VALUES (35, '核对....一致', 'heduiyizhi', NULL, 11, '2019-12-04 18:57:13.082144', NULL, NULL, NULL);
INSERT INTO "public"."action"("id", "name", "pinyin", "remark", "create_by", "create_at", "update_by", "update_at", "delete_at") VALUES (36, '拉出', 'lachu', NULL, 11, '2019-12-04 18:57:13.082144', NULL, NULL, NULL);
INSERT INTO "public"."action"("id", "name", "pinyin", "remark", "create_by", "create_at", "update_by", "update_at", "delete_at") VALUES (37, '推回', 'tuihui', NULL, 11, '2019-12-04 18:57:13.082144', NULL, NULL, NULL);
INSERT INTO "public"."action"("id", "name", "pinyin", "remark", "create_by", "create_at", "update_by", "update_at", "delete_at") VALUES (38, '拧紧', 'ningjin', NULL, 11, '2019-12-04 18:57:13.082144', NULL, NULL, NULL);
INSERT INTO "public"."action"("id", "name", "pinyin", "remark", "create_by", "create_at", "update_by", "update_at", "delete_at") VALUES (39, '按压', 'anya', NULL, 11, '2019-12-04 18:57:13.082144', NULL, NULL, NULL);
INSERT INTO "public"."action"("id", "name", "pinyin", "remark", "create_by", "create_at", "update_by", "update_at", "delete_at") VALUES (40, '推', 'tui', NULL, 11, '2019-12-04 18:57:13.082144', NULL, NULL, NULL);
INSERT INTO "public"."action"("id", "name", "pinyin", "remark", "create_by", "create_at", "update_by", "update_at", "delete_at") VALUES (41, '拿…', 'na', NULL, 11, '2019-12-04 18:57:13.082144', NULL, NULL, NULL);
INSERT INTO "public"."action"("id", "name", "pinyin", "remark", "create_by", "create_at", "update_by", "update_at", "delete_at") VALUES (42, '放…到工作台', 'fangdaogongzuotai', NULL, 11, '2019-12-04 18:57:13.082144', NULL, NULL, NULL);
INSERT INTO "public"."action"("id", "name", "pinyin", "remark", "create_by", "create_at", "update_by", "update_at", "delete_at") VALUES (43, '安装…到…', 'anzhuangdao', NULL, 11, '2019-12-04 18:57:13.082144', NULL, NULL, NULL);
INSERT INTO "public"."action"("id", "name", "pinyin", "remark", "create_by", "create_at", "update_by", "update_at", "delete_at") VALUES (44, '检查…', 'jiancha', NULL, 11, '2019-12-04 18:57:13.082144', NULL, NULL, NULL);
INSERT INTO "public"."action"("id", "name", "pinyin", "remark", "create_by", "create_at", "update_by", "update_at", "delete_at") VALUES (45, '确认…', 'queren', NULL, 11, '2019-12-04 18:57:13.082144', NULL, NULL, NULL);
INSERT INTO "public"."action"("id", "name", "pinyin", "remark", "create_by", "create_at", "update_by", "update_at", "delete_at") VALUES (46, '拿保持…', 'nabaochi', NULL, 11, '2019-12-04 18:57:13.082144', NULL, NULL, NULL);
INSERT INTO "public"."action"("id", "name", "pinyin", "remark", "create_by", "create_at", "update_by", "update_at", "delete_at") VALUES (47, '测量…', 'celiang', NULL, 11, '2019-12-04 18:57:13.082144', NULL, NULL, NULL);
INSERT INTO "public"."action"("id", "name", "pinyin", "remark", "create_by", "create_at", "update_by", "update_at", "delete_at") VALUES (48, '按压…', 'anya', NULL, 11, '2019-12-04 18:57:13.082144', NULL, NULL, NULL);
INSERT INTO "public"."action"("id", "name", "pinyin", "remark", "create_by", "create_at", "update_by", "update_at", "delete_at") VALUES (49, '按…', 'zhuan', NULL, 11, '2019-12-04 18:57:13.082144', NULL, NULL, NULL);
INSERT INTO "public"."action"("id", "name", "pinyin", "remark", "create_by", "create_at", "update_by", "update_at", "delete_at") VALUES (50, '转动...', 'zhuandong', NULL, 11, '2019-12-04 18:57:13.082144', NULL, NULL, NULL);
INSERT INTO "public"."action"("id", "name", "pinyin", "remark", "create_by", "create_at", "update_by", "update_at", "delete_at") VALUES (51, '翻转…', 'fanzhuan', NULL, 11, '2019-12-04 18:57:13.082144', NULL, NULL, NULL);
INSERT INTO "public"."action"("id", "name", "pinyin", "remark", "create_by", "create_at", "update_by", "update_at", "delete_at") VALUES (52, '撕…', 'si', NULL, 11, '2019-12-04 18:57:13.082144', NULL, NULL, NULL);
INSERT INTO "public"."action"("id", "name", "pinyin", "remark", "create_by", "create_at", "update_by", "update_at", "delete_at") VALUES (53, '推…', 'tui', NULL, 11, '2019-12-04 18:57:13.082144', NULL, NULL, NULL);
INSERT INTO "public"."action"("id", "name", "pinyin", "remark", "create_by", "create_at", "update_by", "update_at", "delete_at") VALUES (54, '插入…到…', 'charudao', NULL, 11, '2019-12-04 18:57:13.082144', NULL, NULL, NULL);
INSERT INTO "public"."action"("id", "name", "pinyin", "remark", "create_by", "create_at", "update_by", "update_at", "delete_at") VALUES (55, '返回…', 'fanhui', NULL, 11, '2019-12-04 18:57:13.082144', NULL, NULL, NULL);
INSERT INTO "public"."action"("id", "name", "pinyin", "remark", "create_by", "create_at", "update_by", "update_at", "delete_at") VALUES (56, '拉…', 'la', NULL, 11, '2019-12-04 18:57:13.082144', NULL, NULL, NULL);
INSERT INTO "public"."action"("id", "name", "pinyin", "remark", "create_by", "create_at", "update_by", "update_at", "delete_at") VALUES (57, '打开…', 'dakai', NULL, 11, '2019-12-04 18:57:13.082144', NULL, NULL, NULL);
INSERT INTO "public"."action"("id", "name", "pinyin", "remark", "create_by", "create_at", "update_by", "update_at", "delete_at") VALUES (58, '紧…到…', 'jindao', NULL, 11, '2019-12-04 18:57:13.082144', NULL, NULL, NULL);
INSERT INTO "public"."action"("id", "name", "pinyin", "remark", "create_by", "create_at", "update_by", "update_at", "delete_at") VALUES (59, '拿…安装到…', 'naanzhuangdao', NULL, 11, '2019-12-04 18:57:13.082144', NULL, NULL, NULL);
INSERT INTO "public"."action"("id", "name", "pinyin", "remark", "create_by", "create_at", "update_by", "update_at", "delete_at") VALUES (60, '返回剩于…', 'fanhuishengyu', NULL, 11, '2019-12-04 18:57:13.082144', NULL, NULL, NULL);
INSERT INTO "public"."action"("id", "name", "pinyin", "remark", "create_by", "create_at", "update_by", "update_at", "delete_at") VALUES (61, '抓住…', 'zhuazhu', NULL, 11, '2019-12-04 18:57:13.082144', NULL, NULL, NULL);
INSERT INTO "public"."action"("id", "name", "pinyin", "remark", "create_by", "create_at", "update_by", "update_at", "delete_at") VALUES (62, '放…到物料盒', 'fangdaowuliaohe', NULL, 11, '2019-12-04 18:57:13.082144', NULL, NULL, NULL);
INSERT INTO "public"."action"("id", "name", "pinyin", "remark", "create_by", "create_at", "update_by", "update_at", "delete_at") VALUES (63, '拧松…', 'ningsong', NULL, 11, '2019-12-04 18:57:13.082144', NULL, NULL, NULL);
select setval('action_id_seq',64);